#include "image5.h"

const uint16_t image5_rgb565[37842] = {
	0x7BEF, 0x2145, 0x2145, 0x2145, 0x2145, 0x2145, 0x2145, 0x2145, 0x2145, 0x2145, 0x2145, 0x2145,
	0x2145, 0x2145, 0x2145, 0x2145, 0x2145, 0x2145, 0x2145, 0x2145, 0x2145, 0x2145, 0x2145, 0x2145,
	0x2145, 0x2145, 0x2145, 0x2145, 0x2145, 0x2145, 0x2145, 0x2145, 0x2145, 0x2145, 0x2145, 0x2145,
	0x2145, 0x2145, 0x2145, 0x2145, 0x2145, 0x2145, 0x2145, 0x2145, 0x2145, 0x2145, 0x2145, 0x2145,
	0x2145, 0x2145, 0x2145, 0x2145, 0x2145, 0x2145, 0x2145, 0x2145, 0x2145, 0x2145, 0x2145, 0x2145,
	0x2145, 0x2145, 0x2145, 0x2145, 0x2145, 0x2145, 0x2145, 0x2145, 0x2145, 0x2145, 0x2145, 0x2145,
	0x2145, 0x2145, 0x2145, 0x2145, 0x2145, 0x2145, 0x2145, 0x2145, 0x2145, 0x2145, 0x2145, 0x2145,
	0x2145, 0x2145, 0x2145, 0x2145, 0x2145, 0x2145, 0x2145, 0x2145, 0x2145, 0x2145, 0x2145, 0x2145,
	0x2145, 0x2145, 0x2145, 0x2145, 0x2145, 0x2145, 0x2145, 0x2145, 0x2145, 0x2145, 0x2145, 0x2145,
	0x2145, 0x2145, 0x2145, 0x2145, 0x2145, 0x2145, 0x2145, 0x2145, 0x2145, 0x2145, 0x2145, 0x2145,
	0x2145, 0x2145, 0x2145, 0x2145, 0x2145, 0x2145, 0x2145, 0x2145, 0x2145, 0x2145, 0x2145, 0x2145,
	0x2145, 0x2145, 0x2145, 0x2145, 0x2145, 0x2145, 0x2145, 0x2145, 0x2145, 0x2145, 0x2145, 0x2145,
	0x2145, 0x2145, 0x2145, 0x2145, 0x2145, 0x2145, 0x2145, 0x2145, 0x2145, 0x2145, 0x2145, 0x2145,
	0x2145, 0x2145, 0x2145, 0x2145, 0x2145, 0x2145, 0x2145, 0x2145, 0x2145, 0x2145, 0x2145, 0x2145,
	0x2145, 0x2145, 0x2145, 0x2145, 0x2145, 0x2145, 0x2145, 0x2145, 0x2145, 0x2145, 0x2145, 0x2145,
	0x2145, 0x2145, 0x2145, 0x2145, 0x2145, 0x2145, 0x2145, 0x2145, 0x2145, 0x2145, 0x2145, 0x2145,
	0x2145, 0x2145, 0x2145, 0x2145, 0x2145, 0x2145, 0x2145, 0x2145, 0x2145, 0x2145, 0x2145, 0x2145,
	0x2145, 0x2145, 0x2145, 0x2145, 0x2145, 0x2145, 0x2145, 0x2145, 0x2145, 0x2145, 0x2145, 0x2145,
	0x2145, 0x2145, 0x2145, 0x2145, 0x2145, 0x2145, 0x2145, 0x2145, 0x2145, 0x2145, 0x2145, 0x2145,
	0x2145, 0x2145, 0x2145, 0x2145, 0x2145, 0x2145, 0x2145, 0x2145, 0x2145, 0x7BEF, 0x52EB, 0x0041,
	0x0041, 0x0041, 0x0041, 0x0041, 0x0041, 0x0041, 0x0041, 0x0041, 0x0041, 0x0041, 0x0041, 0x0041,
	0x0041, 0x0041, 0x0041, 0x0041, 0x0041, 0x0041, 0x0041, 0x0041, 0x0041, 0x0041, 0x0041, 0x0041,
	0x0041, 0x0041, 0x0041, 0x0041, 0x0041, 0x0041, 0x0041, 0x0041, 0x0041, 0x0041, 0x0041, 0x0041,
	0x0041, 0x0041, 0x0041, 0x0041, 0x0041, 0x0041, 0x0041, 0x0041, 0x0041, 0x0041, 0x0041, 0x0041,
	0x0041, 0x0041, 0x0041, 0x0041, 0x0041, 0x0041, 0x0041, 0x0041, 0x0041, 0x0041, 0x0041, 0x0041,
	0x0041, 0x0041, 0x0041, 0x0041, 0x0041, 0x0041, 0x0041, 0x0041, 0x0041, 0x0041, 0x0041, 0x0041,
	0x0041, 0x0041, 0x0041, 0x0041, 0x0041, 0x0041, 0x0041, 0x0041, 0x0041, 0x0041, 0x0041, 0x0041,
	0x0041, 0x0041, 0x0041, 0x0041, 0x0041, 0x0041, 0x0041, 0x0041, 0x0041, 0x0041, 0x0041, 0x0041,
	0x0041, 0x0041, 0x0041, 0x0041, 0x0041, 0x0041, 0x0041, 0x0041, 0x0041, 0x0041, 0x0041, 0x0041,
	0x0041, 0x0041, 0x0041, 0x0041, 0x0041, 0x0041, 0x0041, 0x0041, 0x0041, 0x0041, 0x0041, 0x0041,
	0x0041, 0x0041, 0x0041, 0x0041, 0x0041, 0x0041, 0x0041, 0x0041, 0x0041, 0x0041, 0x0041, 0x0041,
	0x0041, 0x0041, 0x0041, 0x0041, 0x0041, 0x0041, 0x0041, 0x0041, 0x0041, 0x0041, 0x0041, 0x0041,
	0x0041, 0x0041, 0x0041, 0x0041, 0x0041, 0x0041, 0x0041, 0x0041, 0x0041, 0x0041, 0x0041, 0x0041,
	0x0041, 0x0041, 0x0041, 0x0041, 0x0041, 0x0041, 0x0041, 0x0041, 0x0041, 0x0041, 0x0041, 0x0041,
	0x0041, 0x0041, 0x0041, 0x0041, 0x0041, 0x0041, 0x0041, 0x0041, 0x0041, 0x0041, 0x0041, 0x0041,
	0x0041, 0x0041, 0x0041, 0x0041, 0x0041, 0x0041, 0x0041, 0x0041, 0x0041, 0x0041, 0x0041, 0x0041,
	0x0041, 0x0041, 0x0041, 0x0041, 0x0041, 0x0041, 0x0041, 0x0041, 0x0041, 0x0041, 0x0041, 0x0041,
	0x0041, 0x0041, 0x0041, 0x0041, 0x0041, 0x0041, 0x0041, 0x0041, 0x0041, 0x0041, 0x0041, 0x0041,
	0x0041, 0x0041, 0x0041, 0x0041, 0x0041, 0x0041, 0x0041, 0x0041, 0x0041, 0x0041, 0x0041, 0x0041,
	0x0041, 0x0041, 0x0041, 0x0041, 0x0041, 0x0041, 0x0041, 0x52CB, 0x52EB, 0x0041, 0x0041, 0x0041,
	0x0041, 0x0041, 0x0041, 0x0041, 0x0041, 0x0041, 0x0041, 0x0041, 0x0041, 0x0041, 0x0041, 0x0041,
	0x0041, 0x0041, 0x0041, 0x0041, 0x0041, 0x0041, 0x0041, 0x0041, 0x0041, 0x0041, 0x0041, 0x0041,
	0x0041, 0x0041, 0x0041, 0x0041, 0x0041, 0x0041, 0x0041, 0x0041, 0x0041, 0x0041, 0x0041, 0x0041,
	0x0041, 0x0041, 0x0041, 0x0041, 0x0041, 0x0041, 0x0041, 0x0041, 0x0041, 0x0041, 0x0041, 0x0041,
	0x0041, 0x0041, 0x0041, 0x0041, 0x0041, 0x0041, 0x0041, 0x0041, 0x0041, 0x0041, 0x0041, 0x0041,
	0x0041, 0x0041, 0x0041, 0x0041, 0x0041, 0x0041, 0x0041, 0x0041, 0x0041, 0x0041, 0x0041, 0x0041,
	0x0041, 0x0041, 0x0041, 0x0041, 0x0041, 0x0041, 0x0041, 0x0041, 0x0041, 0x0041, 0x0041, 0x0041,
	0x0041, 0x0041, 0x0041, 0x0041, 0x0041, 0x0041, 0x0041, 0x0041, 0x0041, 0x0041, 0x0041, 0x0041,
	0x0041, 0x0041, 0x0041, 0x0041, 0x0041, 0x0041, 0x0041, 0x0041, 0x0041, 0x0041, 0x0041, 0x0041,
	0x0041, 0x0041, 0x0041, 0x0041, 0x0041, 0x0041, 0x0041, 0x0041, 0x0041, 0x0041, 0x0041, 0x0041,
	0x0041, 0x0041, 0x0041, 0x0041, 0x0041, 0x0041, 0x0041, 0x0041, 0x0041, 0x0041, 0x0041, 0x0041,
	0x0041, 0x0041, 0x0041, 0x0041, 0x0041, 0x0041, 0x0041, 0x0041, 0x0041, 0x0041, 0x0041, 0x0041,
	0x0041, 0x0041, 0x0041, 0x0041, 0x0041, 0x0041, 0x0041, 0x0041, 0x0041, 0x0041, 0x0041, 0x0041,
	0x0041, 0x0041, 0x0041, 0x0041, 0x0041, 0x0041, 0x0041, 0x0041, 0x0041, 0x0041, 0x0041, 0x0041,
	0x0041, 0x0041, 0x0041, 0x0041, 0x0041, 0x0041, 0x0041, 0x0041, 0x0041, 0x0041, 0x0041, 0x0041,
	0x0041, 0x0041, 0x0041, 0x0041, 0x0041, 0x0041, 0x0041, 0x0041, 0x0041, 0x0041, 0x0041, 0x0041,
	0x0041, 0x0041, 0x0041, 0x0041, 0x0041, 0x0041, 0x0041, 0x0041, 0x0041, 0x0041, 0x0041, 0x0041,
	0x0041, 0x0041, 0x0041, 0x0041, 0x0041, 0x0041, 0x0041, 0x0041, 0x0041, 0x0041, 0x0041, 0x0041,
	0x0041, 0x0041, 0x0041, 0x0041, 0x0041, 0x0041, 0x0041, 0x0041, 0x0041, 0x0041, 0x0041, 0x0041,
	0x0041, 0x0041, 0x0041, 0x0041, 0x0041, 0x5AEB, 0x52EB, 0x0041, 0x0041, 0x0041, 0x0041, 0x0041,
	0x0041, 0x0041, 0x0041, 0x0041, 0x0041, 0x0041, 0x0041, 0x0041, 0x0041, 0x0041, 0x0041, 0x0041,
	0x0041, 0x0041, 0x0041, 0x0041, 0x0041, 0x0041, 0x0041, 0x0041, 0x0041, 0x0041, 0x0041, 0x0041,
	0x0041, 0x0041, 0x0041, 0x0041, 0x0041, 0x0041, 0x0041, 0x0041, 0x0041, 0x0041, 0x0041, 0x0041,
	0x0041, 0x0041, 0x0041, 0x0041, 0x0041, 0x0041, 0x0041, 0x0041, 0x0041, 0x0041, 0x0041, 0x0041,
	0x0041, 0x0041, 0x0041, 0x0041, 0x0041, 0x0041, 0x0041, 0x0041, 0x0041, 0x0041, 0x0041, 0x0041,
	0x0041, 0x0041, 0x0041, 0x0041, 0x0041, 0x0041, 0x0041, 0x0041, 0x0041, 0x0041, 0x0041, 0x0041,
	0x0041, 0x0041, 0x0041, 0x0041, 0x0041, 0x0041, 0x0041, 0x0041, 0x0041, 0x0041, 0x0041, 0x0041,
	0x0041, 0x0041, 0x0041, 0x0041, 0x0041, 0x0041, 0x0041, 0x0041, 0x0041, 0x0041, 0x0041, 0x0041,
	0x0041, 0x0041, 0x0041, 0x0041, 0x0041, 0x0041, 0x0041, 0x0041, 0x0041, 0x0041, 0x0041, 0x0041,
	0x0041, 0x0041, 0x0041, 0x0041, 0x0041, 0x0041, 0x0041, 0x0041, 0x0041, 0x0041, 0x0041, 0x0041,
	0x0041, 0x0041, 0x0041, 0x0041, 0x0041, 0x0041, 0x0041, 0x0041, 0x0041, 0x0041, 0x0041, 0x0041,
	0x0041, 0x0041, 0x0041, 0x0041, 0x0041, 0x0041, 0x0041, 0x0041, 0x0041, 0x0041, 0x0041, 0x0041,
	0x0041, 0x0041, 0x0041, 0x0041, 0x0041, 0x0041, 0x0041, 0x0041, 0x0041, 0x0041, 0x0041, 0x0041,
	0x0041, 0x0041, 0x0041, 0x0041, 0x0041, 0x0041, 0x0041, 0x0041, 0x0041, 0x0041, 0x0041, 0x0041,
	0x0041, 0x0041, 0x0041, 0x0041, 0x0041, 0x0041, 0x0041, 0x0041, 0x0041, 0x0041, 0x0041, 0x0041,
	0x0041, 0x0041, 0x0041, 0x0041, 0x0041, 0x0041, 0x0041, 0x0041, 0x0041, 0x0041, 0x0041, 0x0041,
	0x0041, 0x0041, 0x0041, 0x0041, 0x0041, 0x0041, 0x0041, 0x0041, 0x0041, 0x0041, 0x0041, 0x0041,
	0x0041, 0x0041, 0x0041, 0x0041, 0x0041, 0x0041, 0x0041, 0x0041, 0x0041, 0x0041, 0x0041, 0x0041,
	0x0041, 0x0041, 0x0041, 0x0041, 0x0041, 0x0041, 0x0041, 0x0041, 0x0041, 0x0041, 0x0041, 0x0041,
	0x0041, 0x0041, 0x0041, 0x52EB, 0x52EB, 0x0041, 0x0041, 0x0041, 0x0041, 0x0041, 0x0041, 0x0041,
	0x0041, 0x0041, 0x0041, 0x0041, 0x0041, 0x0041, 0x0041, 0x0041, 0x0041, 0x0041, 0x0041, 0x0041,
	0x0041, 0x0041, 0x0041, 0x0041, 0x0041, 0x0041, 0x0041, 0x0041, 0x0041, 0x0041, 0x0041, 0x0041,
	0x0041, 0x0041, 0x0041, 0x0041, 0x0041, 0x0041, 0x0041, 0x0041, 0x0041, 0x0041, 0x0041, 0x0041,
	0x0041, 0x0041, 0x0041, 0x0041, 0x0041, 0x0041, 0x0041, 0x0041, 0x0041, 0x0041, 0x0041, 0x0041,
	0x0041, 0x0041, 0x0041, 0x0041, 0x0041, 0x0041, 0x0041, 0x0041, 0x0041, 0x0041, 0x0041, 0x0041,
	0x0041, 0x0041, 0x0041, 0x0041, 0x0041, 0x0041, 0x0041, 0x0041, 0x0041, 0x0041, 0x0041, 0x0041,
	0x0041, 0x0041, 0x0041, 0x0041, 0x0041, 0x0041, 0x0041, 0x0041, 0x0041, 0x0041, 0x0041, 0x0041,
	0x0041, 0x0041, 0x0041, 0x0041, 0x0041, 0x0041, 0x0041, 0x0041, 0x0041, 0x0041, 0x0041, 0x0041,
	0x0041, 0x0041, 0x0041, 0x0041, 0x0041, 0x0041, 0x0041, 0x0041, 0x0041, 0x0041, 0x0041, 0x0041,
	0x0041, 0x0041, 0x0041, 0x0041, 0x0041, 0x0041, 0x0041, 0x0041, 0x0041, 0x0041, 0x0041, 0x0041,
	0x0041, 0x0041, 0x0041, 0x0041, 0x0041, 0x0041, 0x0041, 0x0041, 0x0041, 0x0041, 0x0041, 0x0041,
	0x0041, 0x0041, 0x0041, 0x0041, 0x0041, 0x0041, 0x0041, 0x0041, 0x0041, 0x0041, 0x0041, 0x0041,
	0x0041, 0x0041, 0x0041, 0x0041, 0x0041, 0x0041, 0x0041, 0x0041, 0x0041, 0x0041, 0x0041, 0x0041,
	0x0041, 0x0041, 0x0041, 0x0041, 0x0041, 0x0041, 0x0041, 0x0041, 0x0041, 0x0041, 0x0041, 0x0041,
	0x0041, 0x0041, 0x0041, 0x0041, 0x0041, 0x0041, 0x0041, 0x0041, 0x0041, 0x0041, 0x0041, 0x0041,
	0x0041, 0x0041, 0x0041, 0x0041, 0x0041, 0x0041, 0x0041, 0x0041, 0x0041, 0x0041, 0x0041, 0x0041,
	0x0041, 0x0041, 0x0041, 0x0041, 0x0041, 0x0041, 0x0041, 0x0041, 0x0041, 0x0041, 0x0041, 0x0041,
	0x0041, 0x0041, 0x0041, 0x0041, 0x0041, 0x0041, 0x0041, 0x0041, 0x0041, 0x0041, 0x0041, 0x0041,
	0x0041, 0x0041, 0x0041, 0x0041, 0x0041, 0x0041, 0x0041, 0x0041, 0x0041, 0x0041, 0x0041, 0x0041,
	0x0041, 0x52EB, 0x52EB, 0x0041, 0x0041, 0x0041, 0x0041, 0x0041, 0x0041, 0x0041, 0x0041, 0x0041,
	0x0041, 0x0041, 0x0041, 0x0041, 0x0041, 0x0041, 0x0041, 0x0041, 0x0041, 0x0041, 0x0041, 0x0041,
	0x0041, 0x0041, 0x0041, 0x0041, 0x0041, 0x0041, 0x0041, 0x0041, 0x0041, 0x0041, 0x0041, 0x0041,
	0x0041, 0x0041, 0x0041, 0x0041, 0x0041, 0x0041, 0x0041, 0x0041, 0x0041, 0x0041, 0x0041, 0x0041,
	0x0041, 0x0041, 0x0041, 0x0041, 0x0041, 0x0041, 0x0041, 0x0041, 0x0041, 0x0041, 0x0041, 0x0041,
	0x0041, 0x0041, 0x0041, 0x0041, 0x0041, 0x0041, 0x0041, 0x0041, 0x0041, 0x0041, 0x0041, 0x0041,
	0x0041, 0x0041, 0x0041, 0x0041, 0x0041, 0x0041, 0x0041, 0x0041, 0x0041, 0x0041, 0x0041, 0x0041,
	0x0041, 0x0041, 0x0041, 0x0041, 0x0041, 0x0041, 0x0041, 0x0041, 0x0041, 0x0041, 0x0041, 0x0041,
	0x0041, 0x0041, 0x0041, 0x0041, 0x0041, 0x0041, 0x0041, 0x0041, 0x0041, 0x0041, 0x0041, 0x0041,
	0x0041, 0x0041, 0x0041, 0x0041, 0x0041, 0x0041, 0x0041, 0x0041, 0x0041, 0x0041, 0x0041, 0x0041,
	0x0041, 0x0041, 0x0041, 0x0041, 0x0041, 0x0041, 0x0041, 0x0041, 0x0041, 0x0041, 0x0041, 0x0041,
	0x0041, 0x0041, 0x0041, 0x0041, 0x0041, 0x0041, 0x0041, 0x0041, 0x0041, 0x0041, 0x0041, 0x0041,
	0x0041, 0x0041, 0x0041, 0x0041, 0x0041, 0x0041, 0x0041, 0x0041, 0x0041, 0x0041, 0x0041, 0x0041,
	0x0041, 0x0041, 0x0041, 0x0041, 0x0041, 0x0041, 0x0041, 0x0041, 0x0041, 0x0041, 0x0041, 0x0041,
	0x0041, 0x0041, 0x0041, 0x0041, 0x0041, 0x0041, 0x0041, 0x0041, 0x0041, 0x0041, 0x0041, 0x0041,
	0x0041, 0x0041, 0x0041, 0x0041, 0x0041, 0x0041, 0x0041, 0x0041, 0x0041, 0x0041, 0x0041, 0x0041,
	0x0041, 0x0041, 0x0041, 0x0041, 0x0041, 0x0041, 0x0041, 0x0041, 0x0041, 0x0041, 0x0041, 0x0041,
	0x0041, 0x0041, 0x0041, 0x0041, 0x0041, 0x0041, 0x0041, 0x0041, 0x0041, 0x0041, 0x0041, 0x0041,
	0x0041, 0x0041, 0x0041, 0x0041, 0x0041, 0x0041, 0x0041, 0x0041, 0x0041, 0x0041, 0x0041, 0x0041,
	0x0041, 0x0041, 0x0041, 0x0041, 0x0041, 0x0041, 0x0041, 0x0041, 0x0041, 0x0041, 0x0041, 0x52EB,
	0x5AEB, 0x0041, 0x0041, 0x0041, 0x0041, 0x0041, 0x0041, 0x0041, 0x0041, 0x0041, 0x0041, 0x0041,
	0x0041, 0x0041, 0x0041, 0x0041, 0x0041, 0x0041, 0x0041, 0x0041, 0x0041, 0x0041, 0x0041, 0x0041,
	0x0041, 0x0041, 0x0041, 0x0041, 0x0041, 0x0041, 0x0041, 0x0041, 0x0041, 0x0041, 0x0041, 0x0041,
	0x0041, 0x0041, 0x0041, 0x0041, 0x0041, 0x0041, 0x0041, 0x0041, 0x0041, 0x0041, 0x0041, 0x0041,
	0x0041, 0x0041, 0x0041, 0x0041, 0x0041, 0x0041, 0x0041, 0x0041, 0x0041, 0x0041, 0x0041, 0x0041,
	0x0041, 0x0041, 0x0041, 0x0041, 0x0041, 0x0041, 0x0041, 0x0041, 0x0041, 0x0041, 0x0041, 0x0041,
	0x0041, 0x0041, 0x0041, 0x0041, 0x0041, 0x0041, 0x0041, 0x0041, 0x0041, 0x0041, 0x0041, 0x0041,
	0x0041, 0x0041, 0x0041, 0x0041, 0x0041, 0x0041, 0x0041, 0x0041, 0x0041, 0x0041, 0x0041, 0x0041,
	0x0041, 0x0041, 0x0041, 0x0041, 0x0041, 0x0041, 0x0041, 0x0041, 0x0041, 0x0041, 0x0041, 0x0041,
	0x0041, 0x0041, 0x0041, 0x0041, 0x0041, 0x0041, 0x0041, 0x0041, 0x0041, 0x0041, 0x0041, 0x0041,
	0x0041, 0x0041, 0x0041, 0x0041, 0x0041, 0x0041, 0x0041, 0x0041, 0x0041, 0x0041, 0x0041, 0x0041,
	0x0041, 0x0041, 0x0041, 0x0041, 0x0041, 0x0041, 0x0041, 0x0041, 0x0041, 0x0041, 0x0041, 0x0041,
	0x0041, 0x0041, 0x0041, 0x0041, 0x0041, 0x0041, 0x0041, 0x0041, 0x0041, 0x0041, 0x0041, 0x0041,
	0x0041, 0x0041, 0x0041, 0x0041, 0x0041, 0x0041, 0x0041, 0x0041, 0x0041, 0x0041, 0x0041, 0x0041,
	0x0041, 0x0041, 0x0041, 0x0041, 0x0041, 0x0041, 0x0041, 0x0041, 0x0041, 0x0041, 0x0041, 0x0041,
	0x0041, 0x0041, 0x0041, 0x0041, 0x0041, 0x0041, 0x0041, 0x0041, 0x0041, 0x0041, 0x0041, 0x0041,
	0x0041, 0x0041, 0x0041, 0x0041, 0x0041, 0x0041, 0x0041, 0x0041, 0x0041, 0x0041, 0x0041, 0x0041,
	0x0041, 0x0041, 0x0041, 0x0041, 0x0041, 0x0041, 0x0041, 0x0041, 0x0041, 0x0041, 0x0041, 0x0041,
	0x0041, 0x0041, 0x0041, 0x0041, 0x0041, 0x0041, 0x0041, 0x0041, 0x0041, 0x0041, 0x0041, 0x0041,
	0x0041, 0x0041, 0x0041, 0x0041, 0x0041, 0x0041, 0x0041, 0x0041, 0x0041, 0x52EB, 0x52EB, 0x0041,
	0x0041, 0x0041, 0x0041, 0x0041, 0x0041, 0x0041, 0x0041, 0x0041, 0x0041, 0x0041, 0x0041, 0x0041,
	0x0041, 0x0041, 0x0041, 0x0041, 0x0041, 0x0041, 0x0041, 0x0041, 0x0041, 0x0041, 0x0041, 0x0041,
	0x0041, 0x0041, 0x0041, 0x0041, 0x0041, 0x0041, 0x0041, 0x0041, 0x0041, 0x0041, 0x0041, 0x0041,
	0x0041, 0x0041, 0x0041, 0x0041, 0x0041, 0x0041, 0x0041, 0x0041, 0x0041, 0x0041, 0x0041, 0x0041,
	0x0041, 0x0041, 0x0041, 0x0041, 0x0041, 0x0041, 0x0041, 0x0041, 0x0041, 0x0041, 0x0041, 0x0041,
	0x0041, 0x0041, 0x0041, 0x0041, 0x0041, 0x0041, 0x0041, 0x0041, 0x0041, 0x0041, 0x0041, 0x0041,
	0x0041, 0x0041, 0x0041, 0x0041, 0x0041, 0x0041, 0x0041, 0x0041, 0x0041, 0x0041, 0x0041, 0x0041,
	0x0041, 0x0041, 0x0041, 0x0041, 0x0041, 0x0041, 0x0041, 0x0041, 0x0041, 0x0041, 0x0041, 0x0041,
	0x0041, 0x0041, 0x0041, 0x0041, 0x0041, 0x0041, 0x0041, 0x0041, 0x0041, 0x0041, 0x0041, 0x0041,
	0x0041, 0x0041, 0x0041, 0x0041, 0x0041, 0x0041, 0x0041, 0x0041, 0x0041, 0x0041, 0x0041, 0x0041,
	0x0041, 0x0041, 0x0041, 0x0041, 0x0041, 0x0041, 0x0041, 0x0041, 0x0041, 0x0041, 0x0041, 0x0041,
	0x0041, 0x0041, 0x0041, 0x0041, 0x0041, 0x0041, 0x0041, 0x0041, 0x0041, 0x0041, 0x0041, 0x0041,
	0x0041, 0x0041, 0x0041, 0x0041, 0x0041, 0x0041, 0x0041, 0x0041, 0x0041, 0x0041, 0x0041, 0x0041,
	0x0041, 0x0041, 0x0041, 0x0041, 0x0041, 0x0041, 0x0041, 0x0041, 0x0041, 0x0041, 0x0041, 0x0041,
	0x0041, 0x0041, 0x0041, 0x0041, 0x0041, 0x0041, 0x0041, 0x0041, 0x0041, 0x0041, 0x0041, 0x0041,
	0x0041, 0x0041, 0x0041, 0x0041, 0x0041, 0x0041, 0x0041, 0x0041, 0x0041, 0x0041, 0x0041, 0x0041,
	0x0041, 0x0041, 0x0041, 0x0041, 0x0041, 0x0041, 0x0041, 0x0041, 0x0041, 0x0041, 0x0041, 0x0041,
	0x0041, 0x0041, 0x0041, 0x0041, 0x0041, 0x0041, 0x0041, 0x0041, 0x0041, 0x0041, 0x0041, 0x0041,
	0x0041, 0x0041, 0x0041, 0x0041, 0x0041, 0x0041, 0x0041, 0x0041, 0x0041, 0x0041, 0x0041, 0x0041,
	0x0041, 0x0041, 0x0041, 0x0041, 0x0041, 0x0041, 0x0041, 0x52CB, 0x52EB, 0x0041, 0x0041, 0x0041,
	0x0041, 0x0041, 0x0041, 0x0041, 0x0041, 0x0041, 0x0041, 0x0041, 0x0041, 0x0041, 0x0041, 0x0041,
	0x0041, 0x0041, 0x0041, 0x0041, 0x0041, 0x0041, 0x0041, 0x0041, 0x0041, 0x0041, 0x0041, 0x0041,
	0x0041, 0x0041, 0x0041, 0x0041, 0x0041, 0x0041, 0x0041, 0x0041, 0x0041, 0x0041, 0x0041, 0x0041,
	0x0041, 0x0041, 0x0041, 0x0041, 0x0041, 0x0041, 0x0041, 0x0041, 0x0041, 0x0041, 0x0041, 0x0041,
	0x0041, 0x0041, 0x0041, 0x0041, 0x0041, 0x0041, 0x0041, 0x0041, 0x0041, 0x0041, 0x0041, 0x0041,
	0x0041, 0x0041, 0x0041, 0x0041, 0x0041, 0x0041, 0x0041, 0x0041, 0x0041, 0x0041, 0x0041, 0x0041,
	0x0041, 0x0041, 0x0041, 0x0041, 0x0041, 0x0041, 0x0041, 0x0041, 0x0041, 0x0041, 0x0041, 0x0041,
	0x0041, 0x0041, 0x0041, 0x0041, 0x0041, 0x0041, 0x0041, 0x0041, 0x0041, 0x0041, 0x0041, 0x0041,
	0x0041, 0x0041, 0x0041, 0x0041, 0x0041, 0x0041, 0x0041, 0x0041, 0x0041, 0x0041, 0x0041, 0x0041,
	0x0041, 0x0041, 0x0041, 0x0041, 0x0041, 0x0041, 0x0041, 0x0041, 0x0041, 0x0041, 0x0041, 0x0041,
	0x0041, 0x0041, 0x0041, 0x0041, 0x0041, 0x0041, 0x0041, 0x0041, 0x0041, 0x0041, 0x0041, 0x0041,
	0x0041, 0x0041, 0x0041, 0x0041, 0x0041, 0x0041, 0x0041, 0x0041, 0x0041, 0x0041, 0x0041, 0x0041,
	0x0041, 0x0041, 0x0041, 0x0041, 0x0041, 0x0041, 0x0041, 0x0041, 0x0041, 0x0041, 0x0041, 0x0041,
	0x0041, 0x0041, 0x0041, 0x0041, 0x0041, 0x0041, 0x0041, 0x0041, 0x0041, 0x0041, 0x0041, 0x0041,
	0x0041, 0x0041, 0x0041, 0x0041, 0x0041, 0x0041, 0x0041, 0x0041, 0x0041, 0x0041, 0x0041, 0x0041,
	0x0041, 0x0041, 0x0041, 0x0041, 0x0041, 0x0041, 0x0041, 0x0041, 0x0041, 0x0041, 0x0041, 0x0041,
	0x0041, 0x0041, 0x0041, 0x0041, 0x0041, 0x0041, 0x0041, 0x0041, 0x0041, 0x0041, 0x0041, 0x0041,
	0x0041, 0x0041, 0x0041, 0x0041, 0x0041, 0x0041, 0x0041, 0x0041, 0x0041, 0x0041, 0x0041, 0x0041,
	0x0041, 0x0041, 0x0041, 0x0041, 0x0041, 0x0041, 0x0041, 0x0041, 0x0041, 0x0041, 0x0041, 0x0041,
	0x0041, 0x0041, 0x0041, 0x0041, 0x0041, 0x52EB, 0x52EB, 0x0041, 0x0041, 0x0041, 0x0041, 0x0041,
	0x0041, 0x0041, 0x0041, 0x0041, 0x0041, 0x0041, 0x0041, 0x0041, 0x0041, 0x0041, 0x0041, 0x0041,
	0x0041, 0x0041, 0x0041, 0x0041, 0x0041, 0x0041, 0x0041, 0x0041, 0x0041, 0x0041, 0x0041, 0x0041,
	0x0041, 0x0041, 0x0041, 0x0041, 0x0041, 0x0041, 0x0041, 0x0041, 0x0041, 0x0041, 0x0041, 0x0041,
	0x0041, 0x0041, 0x0041, 0x0041, 0x0041, 0x0041, 0x0041, 0x0041, 0x0041, 0x0041, 0x0041, 0x0041,
	0x0041, 0x0041, 0x0041, 0x0041, 0x0041, 0x0041, 0x0041, 0x0041, 0x0041, 0x0041, 0x0041, 0x0041,
	0x0041, 0x0041, 0x0041, 0x0041, 0x0041, 0x0041, 0x0041, 0x0041, 0x0041, 0x0041, 0x0041, 0x0041,
	0x0041, 0x0041, 0x0041, 0x0041, 0x0041, 0x0041, 0x0041, 0x0041, 0x0041, 0x0041, 0x0041, 0x0041,
	0x0041, 0x0041, 0x0041, 0x0041, 0x0041, 0x0041, 0x0041, 0x0041, 0x0041, 0x0041, 0x0041, 0x0041,
	0x0041, 0x0041, 0x0041, 0x0041, 0x0041, 0x0041, 0x0041, 0x0041, 0x0041, 0x0041, 0x0041, 0x0041,
	0x0041, 0x0041, 0x0041, 0x0041, 0x0041, 0x0041, 0x0041, 0x0041, 0x0041, 0x0041, 0x0041, 0x0041,
	0x0041, 0x0041, 0x0041, 0x0041, 0x0041, 0x0041, 0x0041, 0x0041, 0x0041, 0x0041, 0x0041, 0x0041,
	0x0041, 0x0041, 0x0041, 0x0041, 0x0041, 0x0041, 0x0041, 0x0041, 0x0041, 0x0041, 0x0041, 0x0041,
	0x0041, 0x0041, 0x0041, 0x0041, 0x0041, 0x0041, 0x0041, 0x0041, 0x0041, 0x0041, 0x0041, 0x0041,
	0x0041, 0x0041, 0x0041, 0x0041, 0x0041, 0x0041, 0x0041, 0x0041, 0x0041, 0x0041, 0x0041, 0x0041,
	0x0041, 0x0041, 0x0041, 0x0041, 0x0041, 0x0041, 0x0041, 0x0041, 0x0041, 0x0041, 0x0041, 0x0041,
	0x0041, 0x0041, 0x0041, 0x0041, 0x0041, 0x0041, 0x0041, 0x0041, 0x0041, 0x0041, 0x0041, 0x0041,
	0x0041, 0x0041, 0x0041, 0x0041, 0x0041, 0x0041, 0x0041, 0x0041, 0x0041, 0x0041, 0x0041, 0x0041,
	0x0041, 0x0041, 0x0041, 0x0041, 0x0041, 0x0041, 0x0041, 0x0041, 0x0041, 0x0041, 0x0041, 0x0041,
	0x0041, 0x0041, 0x0041, 0x0041, 0x0041, 0x0041, 0x0041, 0x0041, 0x0041, 0x0041, 0x0041, 0x0041,
	0x0041, 0x0041, 0x0041, 0x52EB, 0x52EB, 0x0041, 0x0041, 0x0041, 0x0041, 0x0041, 0x0041, 0x0041,
	0x0041, 0x0041, 0x0041, 0x0041, 0x0041, 0x0041, 0x0041, 0x0041, 0x0041, 0x0041, 0x0041, 0x0041,
	0x0041, 0x0041, 0x0041, 0x0041, 0x0041, 0x0041, 0x0041, 0x0041, 0x0041, 0x0041, 0x0041, 0x0041,
	0x0041, 0x0041, 0x0041, 0x0041, 0x0041, 0x0041, 0x0041, 0x0041, 0x0041, 0x0041, 0x0041, 0x0041,
	0x0041, 0x0041, 0x0041, 0x0041, 0x0041, 0x0041, 0x0041, 0x0041, 0x0041, 0x0041, 0x0041, 0x0041,
	0x0041, 0x0041, 0x0041, 0x0041, 0x0041, 0x0041, 0x0041, 0x0041, 0x0041, 0x0041, 0x0041, 0x0041,
	0x0041, 0x0041, 0x0041, 0x0041, 0x0041, 0x0041, 0x0041, 0x0041, 0x0041, 0x0041, 0x0041, 0x0041,
	0x0041, 0x0041, 0x0041, 0x0041, 0x0041, 0x0041, 0x0041, 0x0041, 0x0041, 0x0041, 0x0041, 0x0041,
	0x0041, 0x0041, 0x0041, 0x0041, 0x0041, 0x0041, 0x0041, 0x0041, 0x0041, 0x0041, 0x0041, 0x0041,
	0x0041, 0x0041, 0x0041, 0x0041, 0x0041, 0x0041, 0x0041, 0x0041, 0x0041, 0x0041, 0x0041, 0x0041,
	0x0041, 0x0041, 0x0041, 0x0041, 0x0041, 0x0041, 0x0041, 0x0041, 0x0041, 0x0041, 0x0041, 0x0041,
	0x0041, 0x0041, 0x0041, 0x0041, 0x0041, 0x0041, 0x0041, 0x0041, 0x0041, 0x0041, 0x0041, 0x0041,
	0x0041, 0x0041, 0x0041, 0x0041, 0x0041, 0x0041, 0x0041, 0x0041, 0x0041, 0x0041, 0x0041, 0x0041,
	0x0041, 0x0041, 0x0041, 0x0041, 0x0041, 0x0041, 0x0041, 0x0041, 0x0041, 0x0041, 0x0041, 0x0041,
	0x0041, 0x0041, 0x0041, 0x0041, 0x0041, 0x0041, 0x0041, 0x0041, 0x0041, 0x0041, 0x0041, 0x0041,
	0x0041, 0x0041, 0x0041, 0x0041, 0x0041, 0x0041, 0x0041, 0x0041, 0x0041, 0x0041, 0x0041, 0x0041,
	0x0041, 0x0041, 0x0041, 0x0041, 0x0041, 0x0041, 0x0041, 0x0041, 0x0041, 0x0041, 0x0041, 0x0041,
	0x0041, 0x0041, 0x0041, 0x0041, 0x0041, 0x0041, 0x0041, 0x0041, 0x0041, 0x0041, 0x0041, 0x0041,
	0x0041, 0x0041, 0x0041, 0x0041, 0x0041, 0x0041, 0x0041, 0x0041, 0x0041, 0x0041, 0x0041, 0x0041,
	0x0041, 0x0041, 0x0041, 0x0041, 0x0041, 0x0041, 0x0041, 0x0041, 0x0041, 0x0041, 0x0041, 0x0041,
	0x0041, 0x52EB, 0x52EB, 0x0041, 0x0041, 0x0041, 0x0041, 0x0041, 0x0041, 0x0041, 0x0041, 0x0041,
	0x0041, 0x0041, 0x0041, 0x0041, 0x0041, 0x0041, 0x0041, 0x0041, 0x0041, 0x0041, 0x0041, 0x0041,
	0x0041, 0x0041, 0x0041, 0x0041, 0x0041, 0x0041, 0x0041, 0x0041, 0x0041, 0x0041, 0x0041, 0x0041,
	0x0041, 0x0041, 0x0041, 0x0041, 0x0041, 0x0041, 0x0041, 0x0041, 0x0041, 0x0041, 0x0041, 0x0041,
	0x0041, 0x0041, 0x0041, 0x0041, 0x0041, 0x0041, 0x0041, 0x0041, 0x0041, 0x0041, 0x0041, 0x0041,
	0x0041, 0x0041, 0x0041, 0x0041, 0x0041, 0x0041, 0x0041, 0x0041, 0x0041, 0x0041, 0x0041, 0x0041,
	0x0041, 0x0041, 0x0041, 0x0041, 0x0041, 0x0041, 0x0041, 0x0041, 0x0041, 0x0041, 0x0041, 0x0041,
	0x0041, 0x0041, 0x0041, 0x0041, 0x0041, 0x0041, 0x0041, 0x0041, 0x0041, 0x0041, 0x0041, 0x0041,
	0x0041, 0x0041, 0x0041, 0x0041, 0x0041, 0x0041, 0x0041, 0x0041, 0x0041, 0x0041, 0x0041, 0x0041,
	0x0041, 0x0041, 0x0041, 0x0041, 0x0041, 0x0041, 0x0041, 0x0041, 0x0041, 0x0041, 0x0041, 0x0041,
	0x0041, 0x0041, 0x0041, 0x0041, 0x0041, 0x0041, 0x0041, 0x0041, 0x0041, 0x0041, 0x0041, 0x0041,
	0x0041, 0x0041, 0x0041, 0x0041, 0x0041, 0x0041, 0x0041, 0x0041, 0x0041, 0x0041, 0x0041, 0x0041,
	0x0041, 0x0041, 0x0041, 0x0041, 0x0041, 0x0041, 0x0041, 0x0041, 0x0041, 0x0041, 0x0041, 0x0041,
	0x0041, 0x0041, 0x0041, 0x0041, 0x0041, 0x0041, 0x0041, 0x0041, 0x0041, 0x0041, 0x0041, 0x0041,
	0x0041, 0x0041, 0x0041, 0x0041, 0x0041, 0x0041, 0x0041, 0x0041, 0x0041, 0x0041, 0x0041, 0x0041,
	0x0041, 0x0041, 0x0041, 0x0041, 0x0041, 0x0041, 0x0041, 0x0041, 0x0041, 0x0041, 0x0041, 0x0041,
	0x0041, 0x0041, 0x0041, 0x0041, 0x0041, 0x0041, 0x0041, 0x0041, 0x0041, 0x0041, 0x0041, 0x0041,
	0x0041, 0x0041, 0x0041, 0x0041, 0x0041, 0x0041, 0x0041, 0x0041, 0x0041, 0x0041, 0x0041, 0x0041,
	0x0041, 0x0041, 0x0041, 0x0041, 0x0041, 0x0041, 0x0041, 0x0041, 0x0041, 0x0041, 0x0041, 0x0041,
	0x0041, 0x0041, 0x0041, 0x0041, 0x0041, 0x0041, 0x0041, 0x0041, 0x0041, 0x0041, 0x0041, 0x52EB,
	0x52EB, 0x0041, 0x0041, 0x0041, 0x0041, 0x0041, 0x0041, 0x0041, 0x0041, 0x0041, 0x0041, 0x0041,
	0x0041, 0x0041, 0x0041, 0x0041, 0x0041, 0x0041, 0x0041, 0x0041, 0x0041, 0x0041, 0x0041, 0x0041,
	0x0041, 0x0041, 0x0041, 0x0041, 0x0041, 0x0041, 0x0041, 0x0041, 0x0041, 0x0041, 0x0041, 0x0041,
	0x0041, 0x0041, 0x0041, 0x0041, 0x0041, 0x0041, 0x0041, 0x0041, 0x0041, 0x0041, 0x0041, 0x0041,
	0x0041, 0x0041, 0x0041, 0x0041, 0x0041, 0x0041, 0x0041, 0x0041, 0x0041, 0x0041, 0x0041, 0x0041,
	0x0041, 0x0041, 0x0041, 0x0041, 0x0041, 0x0041, 0x0041, 0x0041, 0x0041, 0x0041, 0x0041, 0x0041,
	0x0041, 0x0041, 0x0041, 0x0041, 0x0041, 0x0041, 0x0041, 0x0041, 0x0041, 0x0041, 0x0041, 0x0041,
	0x0041, 0x0041, 0x0041, 0x0041, 0x0041, 0x0041, 0x0041, 0x0041, 0x0041, 0x0041, 0x0041, 0x0041,
	0x0041, 0x0041, 0x0041, 0x0041, 0x0041, 0x0041, 0x0041, 0x0041, 0x0041, 0x0041, 0x0041, 0x0041,
	0x0041, 0x0041, 0x0041, 0x0041, 0x0041, 0x0041, 0x0041, 0x0041, 0x0041, 0x0041, 0x0041, 0x0041,
	0x0041, 0x0041, 0x0041, 0x0041, 0x0041, 0x0041, 0x0041, 0x0041, 0x0041, 0x0041, 0x0041, 0x0041,
	0x0041, 0x0041, 0x0041, 0x0041, 0x0041, 0x0041, 0x0041, 0x0041, 0x0041, 0x0041, 0x0041, 0x0041,
	0x0041, 0x0041, 0x0041, 0x0041, 0x0041, 0x0041, 0x0041, 0x0041, 0x0041, 0x0041, 0x0041, 0x0041,
	0x0041, 0x0041, 0x0041, 0x0041, 0x0041, 0x0041, 0x0041, 0x0041, 0x0041, 0x0041, 0x0041, 0x0041,
	0x0041, 0x0041, 0x0041, 0x0041, 0x0041, 0x0041, 0x0041, 0x0041, 0x0041, 0x0041, 0x0041, 0x0041,
	0x0041, 0x0041, 0x0041, 0x0041, 0x0041, 0x0041, 0x0041, 0x0041, 0x0041, 0x0041, 0x0041, 0x0041,
	0x0041, 0x0041, 0x0041, 0x0041, 0x0041, 0x0041, 0x0041, 0x0041, 0x0041, 0x0041, 0x0041, 0x0041,
	0x0041, 0x0041, 0x0041, 0x0041, 0x0041, 0x0041, 0x0041, 0x0041, 0x0041, 0x0041, 0x0041, 0x0041,
	0x0041, 0x0041, 0x0041, 0x0041, 0x0041, 0x0041, 0x0041, 0x0041, 0x0041, 0x0041, 0x0041, 0x0041,
	0x0041, 0x0041, 0x0041, 0x0041, 0x0041, 0x0041, 0x0041, 0x0041, 0x0041, 0x52EB, 0x52EB, 0x0041,
	0x0041, 0x0041, 0x0041, 0x0041, 0x0041, 0x0041, 0x0041, 0x0041, 0x0041, 0x0041, 0x0041, 0x0041,
	0x0041, 0x0041, 0x0041, 0x0041, 0x0041, 0x0041, 0x0041, 0x0041, 0x0041, 0x0041, 0x0041, 0x0041,
	0x0041, 0x0041, 0x0041, 0x0041, 0x0041, 0x0041, 0x0041, 0x0041, 0x0041, 0x0041, 0x0041, 0x0041,
	0x0041, 0x0041, 0x0041, 0x0041, 0x0041, 0x0041, 0x0041, 0x0041, 0x0041, 0x0041, 0x0041, 0x0041,
	0x0041, 0x0041, 0x0041, 0x0041, 0x0041, 0x0041, 0x0041, 0x0041, 0x0041, 0x0041, 0x0041, 0x0041,
	0x0041, 0x0041, 0x0041, 0x0041, 0x0041, 0x0041, 0x0041, 0x0041, 0x0041, 0x0041, 0x0041, 0x0041,
	0x0041, 0x0041, 0x0041, 0x0041, 0x0041, 0x0041, 0x0041, 0x0041, 0x0041, 0x0041, 0x0041, 0x0041,
	0x0041, 0x0041, 0x0041, 0x0041, 0x0041, 0x0041, 0x0041, 0x0041, 0x0041, 0x0041, 0x0041, 0x0041,
	0x0041, 0x0041, 0x0041, 0x0041, 0x0041, 0x0041, 0x0041, 0x0041, 0x0041, 0x0041, 0x0041, 0x0041,
	0x0041, 0x0041, 0x0041, 0x0041, 0x0041, 0x0041, 0x0041, 0x0041, 0x0041, 0x0041, 0x0041, 0x0041,
	0x0041, 0x0041, 0x0041, 0x0041, 0x0041, 0x0041, 0x0041, 0x0041, 0x0041, 0x0041, 0x0041, 0x0041,
	0x0041, 0x0041, 0x0041, 0x0041, 0x0041, 0x0041, 0x0041, 0x0041, 0x0041, 0x0041, 0x0041, 0x0041,
	0x0041, 0x0041, 0x0041, 0x0041, 0x0041, 0x0041, 0x0041, 0x0041, 0x0041, 0x0041, 0x0041, 0x0041,
	0x0041, 0x0041, 0x0041, 0x0041, 0x0041, 0x0041, 0x0041, 0x0041, 0x0041, 0x0041, 0x0041, 0x0041,
	0x0041, 0x0041, 0x0041, 0x0041, 0x0041, 0x0041, 0x0041, 0x0041, 0x0041, 0x0041, 0x0041, 0x0041,
	0x0041, 0x0041, 0x0041, 0x0041, 0x0041, 0x0041, 0x0041, 0x0041, 0x0041, 0x0041, 0x0041, 0x0041,
	0x0041, 0x0041, 0x0041, 0x0041, 0x0041, 0x0041, 0x0041, 0x0041, 0x0041, 0x0041, 0x0041, 0x0041,
	0x0041, 0x0041, 0x0041, 0x0041, 0x0041, 0x0041, 0x0041, 0x0041, 0x0041, 0x0041, 0x0041, 0x0041,
	0x0041, 0x0041, 0x0041, 0x0041, 0x0041, 0x0041, 0x0041, 0x0041, 0x0041, 0x0041, 0x0041, 0x0041,
	0x0041, 0x0041, 0x0041, 0x0041, 0x0041, 0x0041, 0x0041, 0x52EB, 0x52EB, 0x0041, 0x0041, 0x0041,
	0x0041, 0x0041, 0x0041, 0x0041, 0x0041, 0x0041, 0x0041, 0x0041, 0x0041, 0x0041, 0x0041, 0x0041,
	0x0041, 0x0041, 0x0041, 0x0041, 0x0041, 0x0041, 0x0041, 0x0041, 0x0041, 0x0041, 0x0041, 0x0041,
	0x0041, 0x0041, 0x0041, 0x0041, 0x0041, 0x0041, 0x0041, 0x0041, 0x0041, 0x0041, 0x0041, 0x0041,
	0x0041, 0x0041, 0x0041, 0x0041, 0x0041, 0x0041, 0x0041, 0x0041, 0x0041, 0x0041, 0x0041, 0x0041,
	0x0041, 0x0041, 0x0041, 0x0041, 0x0041, 0x0041, 0x0041, 0x0041, 0x0041, 0x0041, 0x0041, 0x0041,
	0x0041, 0x0041, 0x0041, 0x0041, 0x0041, 0x0041, 0x0041, 0x0041, 0x0041, 0x0041, 0x0041, 0x0041,
	0x0041, 0x0041, 0x0041, 0x0041, 0x0041, 0x0041, 0x0041, 0x0041, 0x0041, 0x0041, 0x0041, 0x0041,
	0x0041, 0x0041, 0x0041, 0x0041, 0x0041, 0x0041, 0x0041, 0x0041, 0x0041, 0x0041, 0x0041, 0x0041,
	0x0041, 0x0041, 0x0041, 0x0041, 0x0041, 0x0041, 0x0041, 0x0041, 0x0041, 0x0041, 0x0041, 0x0041,
	0x0041, 0x0041, 0x0041, 0x0041, 0x0041, 0x0041, 0x0041, 0x0041, 0x0041, 0x0041, 0x0041, 0x0041,
	0x0041, 0x0041, 0x0041, 0x0041, 0x0041, 0x0041, 0x0041, 0x0041, 0x0041, 0x0041, 0x0041, 0x0041,
	0x0041, 0x0041, 0x0041, 0x0041, 0x0041, 0x0041, 0x0041, 0x0041, 0x0041, 0x0041, 0x0041, 0x0041,
	0x0041, 0x0041, 0x0041, 0x0041, 0x0041, 0x0041, 0x0041, 0x0041, 0x0041, 0x0041, 0x0041, 0x0041,
	0x0041, 0x0041, 0x0041, 0x0041, 0x0041, 0x0041, 0x0041, 0x0041, 0x0041, 0x0041, 0x0041, 0x0041,
	0x0041, 0x0041, 0x0041, 0x0041, 0x0041, 0x0041, 0x0041, 0x0041, 0x0041, 0x0041, 0x0041, 0x0041,
	0x0041, 0x0041, 0x0041, 0x0041, 0x0041, 0x0041, 0x0041, 0x0041, 0x0041, 0x0041, 0x0041, 0x0041,
	0x0041, 0x0041, 0x0041, 0x0041, 0x0041, 0x0041, 0x0041, 0x0041, 0x0041, 0x0041, 0x0041, 0x0041,
	0x0041, 0x0041, 0x0041, 0x0041, 0x0041, 0x0041, 0x0041, 0x0041, 0x0041, 0x0041, 0x0041, 0x0041,
	0x0041, 0x0041, 0x0041, 0x0041, 0x0041, 0x0041, 0x0041, 0x0041, 0x0041, 0x0041, 0x0041, 0x0041,
	0x0041, 0x0041, 0x0041, 0x0041, 0x0041, 0x52EB, 0x52EB, 0x0041, 0x0041, 0x0041, 0x0041, 0x0041,
	0x0041, 0x0041, 0x0041, 0x0041, 0x0041, 0x0041, 0x0041, 0x0041, 0x0041, 0x0041, 0x0041, 0x0041,
	0x0041, 0x0041, 0x0041, 0x0041, 0x0041, 0x0041, 0x0041, 0x0041, 0x0041, 0x0041, 0x0041, 0x0041,
	0x0041, 0x0041, 0x0041, 0x0041, 0x0041, 0x0041, 0x0041, 0x0041, 0x0041, 0x0041, 0x0041, 0x0041,
	0x0041, 0x0041, 0x0041, 0x0041, 0x0041, 0x0041, 0x0041, 0x0041, 0x0041, 0x0041, 0x0041, 0x0041,
	0x0041, 0x0041, 0x0041, 0x0041, 0x0041, 0x0041, 0x0041, 0x0041, 0x0041, 0x0041, 0x0041, 0x0041,
	0x0041, 0x0041, 0x0041, 0x0041, 0x0041, 0x0041, 0x0041, 0x0041, 0x0041, 0x0041, 0x0041, 0x0041,
	0x0041, 0x0041, 0x0041, 0x0041, 0x0041, 0x0041, 0x0041, 0x0041, 0x0041, 0x0041, 0x0041, 0x0041,
	0x0041, 0x0041, 0x0041, 0x0041, 0x0041, 0x0041, 0x0041, 0x0041, 0x0041, 0x0041, 0x0041, 0x0041,
	0x0041, 0x0041, 0x0041, 0x0041, 0x0041, 0x0041, 0x0041, 0x0041, 0x0041, 0x0041, 0x0041, 0x0041,
	0x0041, 0x0041, 0x0041, 0x0041, 0x0041, 0x0041, 0x0041, 0x0041, 0x0041, 0x0041, 0x0041, 0x0041,
	0x0041, 0x0041, 0x0041, 0x0041, 0x0041, 0x0041, 0x0041, 0x0041, 0x0041, 0x0041, 0x0041, 0x0041,
	0x0041, 0x0041, 0x0041, 0x0041, 0x0041, 0x0041, 0x0041, 0x0041, 0x0041, 0x0041, 0x0041, 0x0041,
	0x0041, 0x0041, 0x0041, 0x0041, 0x0041, 0x0041, 0x0041, 0x0041, 0x0041, 0x0041, 0x0041, 0x0041,
	0x0041, 0x0041, 0x0041, 0x0041, 0x0041, 0x0041, 0x0041, 0x0041, 0x0041, 0x0041, 0x0041, 0x0041,
	0x0041, 0x0041, 0x0041, 0x0041, 0x0041, 0x0041, 0x0041, 0x0041, 0x0041, 0x0041, 0x0041, 0x0041,
	0x0041, 0x0041, 0x0041, 0x0041, 0x0041, 0x0041, 0x0041, 0x0041, 0x0041, 0x0041, 0x0041, 0x0041,
	0x0041, 0x0041, 0x0041, 0x0041, 0x0041, 0x0041, 0x0041, 0x0041, 0x0041, 0x0041, 0x0041, 0x0041,
	0x0041, 0x0041, 0x0041, 0x0041, 0x0041, 0x0041, 0x0041, 0x0041, 0x0041, 0x0041, 0x0041, 0x0041,
	0x0041, 0x0041, 0x0041, 0x0041, 0x0041, 0x0041, 0x0041, 0x0041, 0x0041, 0x0041, 0x0041, 0x0041,
	0x0041, 0x0041, 0x0041, 0x52EB, 0x52EB, 0x0041, 0x0041, 0x0041, 0x0041, 0x0041, 0x0041, 0x0041,
	0x0041, 0x0041, 0x0041, 0x0041, 0x0041, 0x0041, 0x0041, 0x0041, 0x0041, 0x0041, 0x0041, 0x0041,
	0x0041, 0x0041, 0x0041, 0x0041, 0x0041, 0x0041, 0x0041, 0x0041, 0x0041, 0x0041, 0x0041, 0x0041,
	0x0041, 0x0041, 0x0041, 0x0041, 0x0041, 0x0041, 0x0041, 0x0041, 0x0041, 0x0041, 0x0041, 0x0041,
	0x0041, 0x0041, 0x0041, 0x0041, 0x0041, 0x0041, 0x0041, 0x0041, 0x0041, 0x0041, 0x0041, 0x0041,
	0x0041, 0x0041, 0x0041, 0x0041, 0x0041, 0x0041, 0x0041, 0x0041, 0x0041, 0x0041, 0x0041, 0x0041,
	0x0041, 0x0041, 0x0041, 0x0041, 0x0041, 0x0041, 0x0041, 0x0041, 0x0041, 0x0041, 0x0041, 0x0041,
	0x0041, 0x0041, 0x0041, 0x0041, 0x0041, 0x0041, 0x0041, 0x0041, 0x0041, 0x0041, 0x0041, 0x0041,
	0x0041, 0x0041, 0x0041, 0x0041, 0x0041, 0x0041, 0x0041, 0x0041, 0x0041, 0x0041, 0x0041, 0x0041,
	0x0041, 0x0041, 0x0041, 0x0041, 0x0041, 0x0041, 0x0041, 0x0041, 0x0041, 0x0041, 0x0041, 0x0041,
	0x0041, 0x0041, 0x0041, 0x0041, 0x0041, 0x0041, 0x0041, 0x0041, 0x0041, 0x0041, 0x0041, 0x0041,
	0x0041, 0x0041, 0x0041, 0x0041, 0x0041, 0x0041, 0x0041, 0x0041, 0x0041, 0x0041, 0x0041, 0x0041,
	0x0041, 0x0041, 0x0041, 0x0041, 0x0041, 0x0041, 0x0041, 0x0041, 0x0041, 0x0041, 0x0041, 0x0041,
	0x0041, 0x0041, 0x0041, 0x0041, 0x0041, 0x0041, 0x0041, 0x0041, 0x0041, 0x0041, 0x0041, 0x0041,
	0x0041, 0x0041, 0x0041, 0x0041, 0x0041, 0x0041, 0x0041, 0x0041, 0x0041, 0x0041, 0x0041, 0x0041,
	0x0041, 0x0041, 0x0041, 0x0041, 0x0041, 0x0041, 0x0041, 0x0041, 0x0041, 0x0041, 0x0041, 0x0041,
	0x0041, 0x0041, 0x0041, 0x0041, 0x0041, 0x0041, 0x0041, 0x0041, 0x0041, 0x0041, 0x0041, 0x0041,
	0x0041, 0x0041, 0x0041, 0x0041, 0x0041, 0x0041, 0x0041, 0x0041, 0x0041, 0x0041, 0x0041, 0x0041,
	0x0041, 0x0041, 0x0041, 0x0041, 0x0041, 0x0041, 0x0041, 0x0041, 0x0041, 0x0041, 0x0041, 0x0041,
	0x0041, 0x0041, 0x0041, 0x0041, 0x0041, 0x0041, 0x0041, 0x0041, 0x0041, 0x0041, 0x0041, 0x0041,
	0x0041, 0x52EB, 0x52EB, 0x0041, 0x0041, 0x0041, 0x0041, 0x0041, 0x0041, 0x0041, 0x0041, 0x0041,
	0x0041, 0x0041, 0x0041, 0x0041, 0x0041, 0x0041, 0x0041, 0x0041, 0x0041, 0x0041, 0x0041, 0x0041,
	0x0041, 0x0041, 0x0041, 0x0041, 0x0041, 0x0041, 0x0041, 0x0041, 0x0041, 0x0041, 0x0041, 0x0041,
	0x0041, 0x0041, 0x0041, 0x0041, 0x0041, 0x0041, 0x0041, 0x0041, 0x0041, 0x0041, 0x0041, 0x0041,
	0x0041, 0x0041, 0x0041, 0x0041, 0x0041, 0x0041, 0x0041, 0x0041, 0x0041, 0x0041, 0x0041, 0x0041,
	0x0041, 0x0041, 0x0041, 0x0041, 0x0041, 0x0041, 0x0041, 0x0041, 0x0041, 0x0041, 0x0041, 0x0041,
	0x0041, 0x0041, 0x0041, 0x0041, 0x0041, 0x0041, 0x0041, 0x0041, 0x0041, 0x0041, 0x0041, 0x0041,
	0x0041, 0x0041, 0x0041, 0x0041, 0x0041, 0x0041, 0x0041, 0x0041, 0x0041, 0x0041, 0x0041, 0x0041,
	0x0041, 0x0041, 0x0041, 0x0041, 0x0041, 0x0041, 0x0041, 0x0041, 0x0041, 0x0041, 0x0041, 0x0041,
	0x0041, 0x0041, 0x0041, 0x0041, 0x0041, 0x0041, 0x0041, 0x0041, 0x0041, 0x0041, 0x0041, 0x0041,
	0x0041, 0x0041, 0x0041, 0x0041, 0x0041, 0x0041, 0x0041, 0x0041, 0x0041, 0x0041, 0x0041, 0x0041,
	0x0041, 0x0041, 0x0041, 0x0041, 0x0041, 0x0041, 0x0041, 0x0041, 0x0041, 0x0041, 0x0041, 0x0041,
	0x0041, 0x0041, 0x0041, 0x0041, 0x0041, 0x0041, 0x0041, 0x0041, 0x0041, 0x0041, 0x0041, 0x0041,
	0x0041, 0x0041, 0x0041, 0x0041, 0x0041, 0x0041, 0x0041, 0x0041, 0x0041, 0x0041, 0x0041, 0x0041,
	0x0041, 0x0041, 0x0041, 0x0041, 0x0041, 0x0041, 0x0041, 0x0041, 0x0041, 0x0041, 0x0041, 0x0041,
	0x0041, 0x0041, 0x0041, 0x0041, 0x0041, 0x0041, 0x0041, 0x0041, 0x0041, 0x0041, 0x0041, 0x0041,
	0x0041, 0x0041, 0x0041, 0x0041, 0x0041, 0x0041, 0x0041, 0x0041, 0x0041, 0x0041, 0x0041, 0x0041,
	0x0041, 0x0041, 0x0041, 0x0041, 0x0041, 0x0041, 0x0041, 0x0041, 0x0041, 0x0041, 0x0041, 0x0041,
	0x0041, 0x0041, 0x0041, 0x0041, 0x0041, 0x0041, 0x0041, 0x0041, 0x0041, 0x0041, 0x0041, 0x0041,
	0x0041, 0x0041, 0x0041, 0x0041, 0x0041, 0x0041, 0x0041, 0x0041, 0x0041, 0x0041, 0x0041, 0x52EB,
	0x52EB, 0x0041, 0x0041, 0x0041, 0x0041, 0x0041, 0x0041, 0x0041, 0x0041, 0x0041, 0x0041, 0x0041,
	0x0041, 0x0041, 0x0041, 0x0041, 0x0041, 0x0041, 0x0041, 0x0041, 0x0041, 0x0041, 0x0041, 0x0041,
	0x0041, 0x0041, 0x0041, 0x0041, 0x0041, 0x0041, 0x0041, 0x0041, 0x0041, 0x0041, 0x0041, 0x0041,
	0x0041, 0x0041, 0x0041, 0x0041, 0x0041, 0x0041, 0x0041, 0x0041, 0x0041, 0x0041, 0x0041, 0x0041,
	0x0041, 0x0041, 0x0041, 0x0041, 0x0041, 0x0041, 0x0041, 0x0041, 0x0041, 0x0041, 0x0041, 0x0041,
	0x0041, 0x0041, 0x0041, 0x0041, 0x0041, 0x0041, 0x0041, 0x0041, 0x0041, 0x0041, 0x0041, 0x0041,
	0x0041, 0x0041, 0x0041, 0x0041, 0x0041, 0x0041, 0x0041, 0x0041, 0x0041, 0x0041, 0x0041, 0x0041,
	0x0041, 0x0041, 0x0041, 0x0041, 0x0041, 0x0041, 0x0041, 0x0041, 0x0041, 0x0041, 0x0041, 0x0041,
	0x0041, 0x0041, 0x0041, 0x0041, 0x0041, 0x0041, 0x0041, 0x0041, 0x0041, 0x0041, 0x0041, 0x0041,
	0x0041, 0x0041, 0x0041, 0x0041, 0x0041, 0x0041, 0x0041, 0x0041, 0x0041, 0x0041, 0x0041, 0x0041,
	0x0041, 0x0041, 0x0041, 0x0041, 0x0041, 0x0041, 0x0041, 0x0041, 0x0041, 0x0041, 0x0041, 0x0041,
	0x0041, 0x0041, 0x0041, 0x0041, 0x0041, 0x0041, 0x0041, 0x0041, 0x0041, 0x0041, 0x0041, 0x0041,
	0x0041, 0x0041, 0x0041, 0x0041, 0x0041, 0x0041, 0x0041, 0x0041, 0x0041, 0x0041, 0x0041, 0x0041,
	0x0041, 0x0041, 0x0041, 0x0041, 0x0041, 0x0041, 0x0041, 0x0041, 0x0041, 0x0041, 0x0041, 0x0041,
	0x0041, 0x0041, 0x0041, 0x0041, 0x0041, 0x0041, 0x0041, 0x0041, 0x0041, 0x0041, 0x0041, 0x0041,
	0x0041, 0x0041, 0x0041, 0x0041, 0x0041, 0x0041, 0x0041, 0x0041, 0x0041, 0x0041, 0x0041, 0x0041,
	0x0041, 0x0041, 0x0041, 0x0041, 0x0041, 0x0041, 0x0041, 0x0041, 0x0041, 0x0041, 0x0041, 0x0041,
	0x0041, 0x0041, 0x0041, 0x0041, 0x0041, 0x0041, 0x0041, 0x0041, 0x0041, 0x0041, 0x0041, 0x0041,
	0x0041, 0x0041, 0x0041, 0x0041, 0x0041, 0x0041, 0x0041, 0x0041, 0x0041, 0x0041, 0x0041, 0x0041,
	0x0041, 0x0041, 0x0041, 0x0041, 0x0041, 0x0041, 0x0041, 0x0041, 0x0041, 0x52EB, 0x52EB, 0x0041,
	0x0041, 0x0041, 0x0041, 0x0041, 0x0041, 0x0041, 0x0041, 0x0041, 0x0041, 0x0041, 0x0041, 0x0041,
	0x0041, 0x0041, 0x0041, 0x0041, 0x0041, 0x0041, 0x0041, 0x0041, 0x0041, 0x0041, 0x0041, 0x0041,
	0x0041, 0x0041, 0x0041, 0x0041, 0x0041, 0x0041, 0x0041, 0x0041, 0x0041, 0x0041, 0x0041, 0x0041,
	0x0041, 0x0041, 0x0041, 0x0041, 0x0041, 0x0041, 0x0041, 0x0041, 0x0041, 0x0041, 0x0041, 0x0041,
	0x0041, 0x0041, 0x0041, 0x0041, 0x0041, 0x0041, 0x0041, 0x0041, 0x0041, 0x0041, 0x0041, 0x0041,
	0x0041, 0x0041, 0x0041, 0x0041, 0x0041, 0x0041, 0x0041, 0x0041, 0x0041, 0x0041, 0x0041, 0x0041,
	0x0041, 0x0041, 0x0041, 0x0041, 0x0041, 0x0041, 0x0041, 0x0041, 0x0041, 0x0041, 0x0041, 0x0041,
	0x0041, 0x0041, 0x0041, 0x0041, 0x0041, 0x0041, 0x0041, 0x0041, 0x0041, 0x0041, 0x0041, 0x0041,
	0x0041, 0x0041, 0x0041, 0x0041, 0x0041, 0x0041, 0x0041, 0x0041, 0x0041, 0x0041, 0x0041, 0x0041,
	0x0041, 0x0041, 0x0041, 0x0041, 0x0041, 0x0041, 0x0041, 0x0041, 0x0041, 0x0041, 0x0041, 0x0041,
	0x0041, 0x0041, 0x0041, 0x0041, 0x0041, 0x0041, 0x0041, 0x0041, 0x0041, 0x0041, 0x0041, 0x0041,
	0x0041, 0x0041, 0x0041, 0x0041, 0x0041, 0x0041, 0x0041, 0x0041, 0x0041, 0x0041, 0x0041, 0x0041,
	0x0041, 0x0041, 0x0041, 0x0041, 0x0041, 0x0041, 0x0041, 0x0041, 0x0041, 0x0041, 0x0041, 0x0041,
	0x0041, 0x0041, 0x0041, 0x0041, 0x0041, 0x0041, 0x0041, 0x0041, 0x0041, 0x0041, 0x0041, 0x0041,
	0x0041, 0x0041, 0x0041, 0x0041, 0x0041, 0x0041, 0x0041, 0x0041, 0x0041, 0x0041, 0x0041, 0x0041,
	0x0041, 0x0041, 0x0041, 0x0041, 0x0041, 0x0041, 0x0041, 0x0041, 0x0041, 0x0041, 0x0041, 0x0041,
	0x0041, 0x0041, 0x0041, 0x0041, 0x0041, 0x0041, 0x0041, 0x0041, 0x0041, 0x0041, 0x0041, 0x0041,
	0x0041, 0x0041, 0x0041, 0x0041, 0x0041, 0x0041, 0x0041, 0x0041, 0x0041, 0x0041, 0x0041, 0x0041,
	0x0041, 0x0041, 0x0041, 0x0041, 0x0041, 0x0041, 0x0041, 0x0041, 0x0041, 0x0041, 0x0041, 0x0041,
	0x0041, 0x0041, 0x0041, 0x0041, 0x0041, 0x0041, 0x0041, 0x52EB, 0x52EB, 0x0041, 0x0041, 0x0041,
	0x0041, 0x0041, 0x0041, 0x0041, 0x0041, 0x0041, 0x0041, 0x0041, 0x0041, 0x0041, 0x0041, 0x0041,
	0x0041, 0x0041, 0x0041, 0x0041, 0x0041, 0x0041, 0x0041, 0x0041, 0x0041, 0x0041, 0x0041, 0x0041,
	0x0041, 0x0041, 0x0041, 0x0041, 0x0041, 0x0041, 0x0041, 0x0041, 0x0041, 0x0041, 0x0041, 0x0041,
	0x0041, 0x0041, 0x0041, 0x0041, 0x0041, 0x0041, 0x0041, 0x0041, 0x0041, 0x0041, 0x0041, 0x0041,
	0x0041, 0x0041, 0x0041, 0x0041, 0x0041, 0x0041, 0x0041, 0x0041, 0x0041, 0x0041, 0x0041, 0x0041,
	0x0041, 0x0041, 0x0041, 0x0041, 0x0041, 0x0041, 0x0041, 0x0041, 0x0041, 0x0041, 0x0041, 0x0041,
	0x0041, 0x0041, 0x0041, 0x0041, 0x0041, 0x0041, 0x0041, 0x0041, 0x0041, 0x0041, 0x0041, 0x0041,
	0x0041, 0x0041, 0x0041, 0x0041, 0x0041, 0x0041, 0x0041, 0x0041, 0x0041, 0x0041, 0x0041, 0x0041,
	0x0041, 0x0041, 0x0041, 0x0041, 0x0041, 0x0041, 0x0041, 0x0041, 0x0041, 0x0041, 0x0041, 0x0041,
	0x0041, 0x0041, 0x0041, 0x0041, 0x0041, 0x0041, 0x0041, 0x0041, 0x0041, 0x0041, 0x0041, 0x0041,
	0x0041, 0x0041, 0x0041, 0x0041, 0x0041, 0x0041, 0x0041, 0x0041, 0x0041, 0x0041, 0x0041, 0x0041,
	0x0041, 0x0041, 0x0041, 0x0041, 0x0041, 0x0041, 0x0041, 0x0041, 0x0041, 0x0041, 0x0041, 0x0041,
	0x0041, 0x0041, 0x0041, 0x0041, 0x0041, 0x0041, 0x0041, 0x0041, 0x0041, 0x0041, 0x0041, 0x0041,
	0x0041, 0x0041, 0x0041, 0x0041, 0x0041, 0x0041, 0x0041, 0x0041, 0x0041, 0x0041, 0x0041, 0x0041,
	0x0041, 0x0041, 0x0041, 0x0041, 0x0041, 0x0041, 0x0041, 0x0041, 0x0041, 0x0041, 0x0041, 0x0041,
	0x0041, 0x0041, 0x0041, 0x0041, 0x0041, 0x0041, 0x0041, 0x0041, 0x0041, 0x0041, 0x0041, 0x0041,
	0x0041, 0x0041, 0x0041, 0x0041, 0x0041, 0x0041, 0x0041, 0x0041, 0x0041, 0x0041, 0x0041, 0x0041,
	0x0041, 0x0041, 0x0041, 0x0041, 0x0041, 0x0041, 0x0041, 0x0041, 0x0041, 0x0041, 0x0041, 0x0041,
	0x0041, 0x0041, 0x0041, 0x0041, 0x0041, 0x0041, 0x0041, 0x0041, 0x0041, 0x0041, 0x0041, 0x0041,
	0x0041, 0x0041, 0x0041, 0x0041, 0x0041, 0x52EB, 0x52EB, 0x0041, 0x0041, 0x0041, 0x0041, 0x0041,
	0x0041, 0x0041, 0x0041, 0x0041, 0x0041, 0x0041, 0x0041, 0x0041, 0x0041, 0x0041, 0x0041, 0x0041,
	0x0041, 0x0041, 0x0041, 0x0041, 0x0041, 0x0041, 0x0041, 0x0041, 0x0041, 0x0041, 0x0041, 0x0041,
	0x0041, 0x0041, 0x0041, 0x0041, 0x0041, 0x0041, 0x0041, 0x0041, 0x0041, 0x0041, 0x0041, 0x0041,
	0x0041, 0x0041, 0x0041, 0x0041, 0x0041, 0x0041, 0x0041, 0x0041, 0x0041, 0x0041, 0x0041, 0x0041,
	0x0041, 0x0041, 0x0041, 0x0041, 0x0041, 0x0041, 0x0041, 0x0041, 0x0041, 0x0041, 0x0041, 0x0041,
	0x0041, 0x0041, 0x0041, 0x0041, 0x0041, 0x0041, 0x0041, 0x0041, 0x0041, 0x0041, 0x0041, 0x0041,
	0x0041, 0x0041, 0x0041, 0x0041, 0x0041, 0x0041, 0x0041, 0x0041, 0x0041, 0x0041, 0x0041, 0x0041,
	0x0041, 0x0041, 0x0041, 0x0041, 0x0041, 0x0041, 0x0041, 0x0041, 0x0041, 0x0041, 0x0041, 0x0041,
	0x0041, 0x0041, 0x0041, 0x0041, 0x0041, 0x0041, 0x0041, 0x0041, 0x0041, 0x0041, 0x0041, 0x0041,
	0x0041, 0x0041, 0x0041, 0x0041, 0x0041, 0x0041, 0x0041, 0x0041, 0x0041, 0x0041, 0x0041, 0x0041,
	0x0041, 0x0041, 0x0041, 0x0041, 0x0041, 0x0041, 0x0041, 0x0041, 0x0041, 0x0041, 0x0041, 0x0041,
	0x0041, 0x0041, 0x0041, 0x0041, 0x0041, 0x0041, 0x0041, 0x0041, 0x0041, 0x0041, 0x0041, 0x0041,
	0x0041, 0x0041, 0x0041, 0x0041, 0x0041, 0x0041, 0x0041, 0x0041, 0x0041, 0x0041, 0x0041, 0x0041,
	0x0041, 0x0041, 0x0041, 0x0041, 0x0041, 0x0041, 0x0041, 0x0041, 0x0041, 0x0041, 0x0041, 0x0041,
	0x0041, 0x0041, 0x0041, 0x0041, 0x0041, 0x0041, 0x0041, 0x0041, 0x0041, 0x0041, 0x0041, 0x0041,
	0x0041, 0x0041, 0x0041, 0x0041, 0x0041, 0x0041, 0x0041, 0x0041, 0x0041, 0x0041, 0x0041, 0x0041,
	0x0041, 0x0041, 0x0041, 0x0041, 0x0041, 0x0041, 0x0041, 0x0041, 0x0041, 0x0041, 0x0041, 0x0041,
	0x0041, 0x0041, 0x0041, 0x0041, 0x0041, 0x0041, 0x0041, 0x0041, 0x0041, 0x0041, 0x0041, 0x0041,
	0x0041, 0x0041, 0x0041, 0x0041, 0x0041, 0x0041, 0x0041, 0x0041, 0x0041, 0x0041, 0x0041, 0x0041,
	0x0041, 0x0041, 0x0041, 0x52EB, 0x52EB, 0x0041, 0x0041, 0x0041, 0x0041, 0x0041, 0x0041, 0x0041,
	0x0041, 0x0041, 0x0041, 0x0041, 0x0041, 0x0041, 0x0041, 0x0041, 0x0041, 0x0041, 0x0041, 0x0041,
	0x0041, 0x0041, 0x0041, 0x0041, 0x0041, 0x0041, 0x0041, 0x0041, 0x0041, 0x0041, 0x0041, 0x0041,
	0x0041, 0x0041, 0x0041, 0x0041, 0x0041, 0x0041, 0x0041, 0x0041, 0x0041, 0x0041, 0x0041, 0x0041,
	0x0041, 0x0041, 0x0041, 0x0041, 0x0041, 0x0041, 0x0041, 0x0041, 0x0041, 0x0041, 0x0041, 0x0041,
	0x0041, 0x0041, 0x0041, 0x0041, 0x0041, 0x0041, 0x0041, 0x0041, 0x0041, 0x0041, 0x0041, 0x0041,
	0x0041, 0x0041, 0x0041, 0x0041, 0x0041, 0x0041, 0x0041, 0x0041, 0x0041, 0x0041, 0x0041, 0x0041,
	0x0041, 0x0041, 0x0041, 0x0041, 0x0041, 0x0041, 0x0041, 0x0041, 0x0041, 0x0041, 0x0041, 0x0041,
	0x0041, 0x0041, 0x0041, 0x0041, 0x0041, 0x0041, 0x0041, 0x0041, 0x0041, 0x0041, 0x0041, 0x0041,
	0x0041, 0x0041, 0x0041, 0x0041, 0x0041, 0x0041, 0x0041, 0x0041, 0x0041, 0x0041, 0x0041, 0x0041,
	0x0041, 0x0041, 0x0041, 0x0041, 0x0041, 0x0041, 0x0041, 0x0041, 0x0041, 0x0041, 0x0041, 0x0041,
	0x0041, 0x0041, 0x0041, 0x0041, 0x0041, 0x0041, 0x0041, 0x0041, 0x0041, 0x0041, 0x0041, 0x0041,
	0x0041, 0x0041, 0x0041, 0x0041, 0x0041, 0x0041, 0x0041, 0x0041, 0x0041, 0x0041, 0x0041, 0x0041,
	0x0041, 0x0041, 0x0041, 0x0041, 0x0041, 0x0041, 0x0041, 0x0041, 0x0041, 0x0041, 0x0041, 0x0041,
	0x0041, 0x0041, 0x0041, 0x0041, 0x0041, 0x0041, 0x0041, 0x0041, 0x0041, 0x0041, 0x0041, 0x0041,
	0x0041, 0x0041, 0x0041, 0x0041, 0x0041, 0x0041, 0x0041, 0x0041, 0x0041, 0x0041, 0x0041, 0x0041,
	0x0041, 0x0041, 0x0041, 0x0041, 0x0041, 0x0041, 0x0041, 0x0041, 0x0041, 0x0041, 0x0041, 0x0041,
	0x0041, 0x0041, 0x0041, 0x0041, 0x0041, 0x0041, 0x0041, 0x0041, 0x0041, 0x0041, 0x0041, 0x0041,
	0x0041, 0x0041, 0x0041, 0x0041, 0x0041, 0x0041, 0x0041, 0x0041, 0x0041, 0x0041, 0x0041, 0x0041,
	0x0041, 0x0041, 0x0041, 0x0041, 0x0041, 0x0041, 0x0041, 0x0041, 0x0041, 0x0041, 0x0041, 0x0041,
	0x0041, 0x52EB, 0x52EB, 0x0041, 0x0041, 0x0041, 0x0041, 0x0041, 0x0041, 0x0041, 0x0041, 0x0041,
	0x0041, 0x0041, 0x0041, 0x0041, 0x0041, 0x0041, 0x0041, 0x0041, 0x0041, 0x0041, 0x0041, 0x0041,
	0x0041, 0x0041, 0x0041, 0x0041, 0x0041, 0x0041, 0x0041, 0x0041, 0x0041, 0x0041, 0x0041, 0x0041,
	0x0041, 0x0041, 0x0041, 0x0041, 0x0041, 0x0041, 0x0041, 0x0041, 0x0041, 0x0041, 0x0041, 0x0041,
	0x0041, 0x0041, 0x0041, 0x0041, 0x0041, 0x0041, 0x0041, 0x0041, 0x0041, 0x0041, 0x0041, 0x0041,
	0x0041, 0x0041, 0x0041, 0x0041, 0x0041, 0x0041, 0x0041, 0x0041, 0x0041, 0x0041, 0x0041, 0x0041,
	0x0041, 0x0041, 0x0041, 0x0041, 0x0041, 0x0041, 0x0041, 0x0041, 0x0041, 0x0041, 0x0041, 0x0041,
	0x0041, 0x0041, 0x0041, 0x0041, 0x0041, 0x0041, 0x0041, 0x0041, 0x0041, 0x0041, 0x0041, 0x0041,
	0x0041, 0x0041, 0x0041, 0x0041, 0x0041, 0x0041, 0x0041, 0x0041, 0x0041, 0x0041, 0x0041, 0x0041,
	0x0041, 0x0041, 0x0041, 0x0041, 0x0041, 0x0041, 0x0041, 0x0041, 0x0041, 0x0041, 0x0041, 0x0041,
	0x0041, 0x0041, 0x0041, 0x0041, 0x0041, 0x0041, 0x0041, 0x0041, 0x0041, 0x0041, 0x0041, 0x0041,
	0x0041, 0x0041, 0x0041, 0x0041, 0x0041, 0x0041, 0x0041, 0x0041, 0x0041, 0x0041, 0x0041, 0x0041,
	0x0041, 0x0041, 0x0041, 0x0041, 0x0041, 0x0041, 0x0041, 0x0041, 0x0041, 0x0041, 0x0041, 0x0041,
	0x0041, 0x0041, 0x0041, 0x0041, 0x0041, 0x0041, 0x0041, 0x0041, 0x0041, 0x0041, 0x0041, 0x0041,
	0x0041, 0x0041, 0x0041, 0x0041, 0x0041, 0x0041, 0x0041, 0x0041, 0x0041, 0x0041, 0x0041, 0x0041,
	0x0041, 0x0041, 0x0041, 0x0041, 0x0041, 0x0041, 0x0041, 0x0041, 0x0041, 0x0041, 0x0041, 0x0041,
	0x0041, 0x0041, 0x0041, 0x0041, 0x0041, 0x0041, 0x0041, 0x0041, 0x0041, 0x0041, 0x0041, 0x0041,
	0x0041, 0x0041, 0x0041, 0x0041, 0x0041, 0x0041, 0x0041, 0x0041, 0x0041, 0x0041, 0x0041, 0x0041,
	0x0041, 0x0041, 0x0041, 0x0041, 0x0041, 0x0041, 0x0041, 0x0041, 0x0041, 0x0041, 0x0041, 0x0041,
	0x0041, 0x0041, 0x0041, 0x0041, 0x0041, 0x0041, 0x0041, 0x0041, 0x0041, 0x0041, 0x0041, 0x52EB,
	0x52EB, 0x0041, 0x0041, 0x0041, 0x0041, 0x0041, 0x0041, 0x0041, 0x0041, 0x0041, 0x0041, 0x0041,
	0x0041, 0x0041, 0x0041, 0x0041, 0x0041, 0x0041, 0x0041, 0x0041, 0x0041, 0x0041, 0x0041, 0x0041,
	0x0041, 0x0041, 0x0041, 0x0041, 0x0041, 0x0041, 0x0041, 0x0041, 0x0041, 0x0041, 0x0041, 0x0041,
	0x0041, 0x0041, 0x0041, 0x0041, 0x0041, 0x0041, 0x0041, 0x0041, 0x0041, 0x0041, 0x0041, 0x0041,
	0x0041, 0x0041, 0x0041, 0x0041, 0x0041, 0x0041, 0x0041, 0x0041, 0x0041, 0x0041, 0x0041, 0x0041,
	0x0041, 0x0041, 0x0041, 0x0041, 0x0041, 0x0041, 0x0041, 0x0041, 0x0041, 0x0041, 0x0041, 0x0041,
	0x0041, 0x0041, 0x0041, 0x0041, 0x0041, 0x0041, 0x0041, 0x0041, 0x0041, 0x0041, 0x0041, 0x0041,
	0x0041, 0x0041, 0x0041, 0x0041, 0x0041, 0x0041, 0x0041, 0x0041, 0x0041, 0x0041, 0x0041, 0x0041,
	0x0041, 0x0041, 0x0041, 0x0041, 0x0041, 0x0041, 0x0041, 0x0041, 0x0041, 0x0041, 0x0041, 0x0041,
	0x0041, 0x0041, 0x0041, 0x0041, 0x0041, 0x0041, 0x0041, 0x0041, 0x0041, 0x0041, 0x0041, 0x0041,
	0x0041, 0x0041, 0x0041, 0x0041, 0x0041, 0x0041, 0x0041, 0x0041, 0x0041, 0x0041, 0x0041, 0x0041,
	0x0041, 0x0041, 0x0041, 0x0041, 0x0041, 0x0041, 0x0041, 0x0041, 0x0041, 0x0041, 0x0041, 0x0041,
	0x0041, 0x0041, 0x0041, 0x0041, 0x0041, 0x0041, 0x0041, 0x0041, 0x0041, 0x0041, 0x0041, 0x0041,
	0x0041, 0x0041, 0x0041, 0x0041, 0x0041, 0x0041, 0x0041, 0x0041, 0x0041, 0x0041, 0x0041, 0x0041,
	0x0041, 0x0041, 0x0041, 0x0041, 0x0041, 0x0041, 0x0041, 0x0041, 0x0041, 0x0041, 0x0041, 0x0041,
	0x0041, 0x0041, 0x0041, 0x0041, 0x0041, 0x0041, 0x0041, 0x0041, 0x0041, 0x0041, 0x0041, 0x0041,
	0x0041, 0x0041, 0x0041, 0x0041, 0x0041, 0x0041, 0x0041, 0x0041, 0x0041, 0x0041, 0x0041, 0x0041,
	0x0041, 0x0041, 0x0041, 0x0041, 0x0041, 0x0041, 0x0041, 0x0041, 0x0041, 0x0041, 0x0041, 0x0041,
	0x0041, 0x0041, 0x0041, 0x0041, 0x0041, 0x0041, 0x0041, 0x0041, 0x0041, 0x0041, 0x0041, 0x0041,
	0x0041, 0x0041, 0x0041, 0x0041, 0x0041, 0x0041, 0x0041, 0x0041, 0x0041, 0x52EB, 0x52EB, 0x0041,
	0x0041, 0x0041, 0x0041, 0x0041, 0x0041, 0x0041, 0x0041, 0x0041, 0x0041, 0x0041, 0x0041, 0x0041,
	0x0041, 0x0041, 0x0041, 0x0041, 0x0041, 0x0041, 0x0041, 0x0041, 0x0041, 0x0041, 0x0041, 0x0041,
	0x0041, 0x0041, 0x0041, 0x0041, 0x0041, 0x0041, 0x0041, 0x0041, 0x0041, 0x0041, 0x0041, 0x0041,
	0x0041, 0x0041, 0x0041, 0x0041, 0x0041, 0x0041, 0x0041, 0x0041, 0x0041, 0x0041, 0x0041, 0x0041,
	0x0041, 0x0041, 0x0041, 0x0041, 0x0041, 0x0041, 0x0041, 0x0041, 0x0041, 0x0041, 0x0041, 0x0041,
	0x0041, 0x0041, 0x0041, 0x0041, 0x0041, 0x0041, 0x0041, 0x0041, 0x0041, 0x0041, 0x0041, 0x0041,
	0x0041, 0x0041, 0x0041, 0x0041, 0x0041, 0x0041, 0x0041, 0x0041, 0x0041, 0x0041, 0x0041, 0x0041,
	0x0041, 0x0041, 0x0041, 0x0041, 0x0041, 0x0041, 0x0041, 0x0041, 0x0041, 0x0041, 0x0041, 0x0041,
	0x0041, 0x0041, 0x0041, 0x0041, 0x0041, 0x0041, 0x0041, 0x0041, 0x0041, 0x0041, 0x0041, 0x0041,
	0x0041, 0x0041, 0x0041, 0x0041, 0x0041, 0x0041, 0x0041, 0x0041, 0x0041, 0x0041, 0x0041, 0x0041,
	0x0041, 0x0041, 0x0041, 0x0041, 0x0041, 0x0041, 0x0041, 0x0041, 0x0041, 0x0041, 0x0041, 0x0041,
	0x0041, 0x0041, 0x0041, 0x0041, 0x0041, 0x0041, 0x0041, 0x0041, 0x0041, 0x0041, 0x0041, 0x0041,
	0x0041, 0x0041, 0x0041, 0x0041, 0x0041, 0x0041, 0x0041, 0x0041, 0x0041, 0x0041, 0x0041, 0x0041,
	0x0041, 0x0041, 0x0041, 0x0041, 0x0041, 0x0041, 0x0041, 0x0041, 0x0041, 0x0041, 0x0041, 0x0041,
	0x0041, 0x0041, 0x0041, 0x0041, 0x0041, 0x0041, 0x0041, 0x0041, 0x0041, 0x0041, 0x0041, 0x0041,
	0x0041, 0x0041, 0x0041, 0x0041, 0x0041, 0x0041, 0x0041, 0x0041, 0x0041, 0x0041, 0x0041, 0x0041,
	0x0041, 0x0041, 0x0041, 0x0041, 0x0041, 0x0041, 0x0041, 0x0041, 0x0041, 0x0041, 0x0041, 0x0041,
	0x0041, 0x0041, 0x0041, 0x0041, 0x0041, 0x0041, 0x0041, 0x0041, 0x0041, 0x0041, 0x0041, 0x0041,
	0x0041, 0x0041, 0x0041, 0x0041, 0x0041, 0x0041, 0x0041, 0x0041, 0x0041, 0x0041, 0x0041, 0x0041,
	0x0041, 0x0041, 0x0041, 0x0041, 0x0041, 0x0041, 0x0041, 0x52EB, 0x52EB, 0x0041, 0x0041, 0x0041,
	0x0041, 0x0041, 0x0041, 0x0041, 0x0041, 0x0041, 0x0041, 0x0041, 0x0041, 0x0041, 0x0041, 0x0041,
	0x0041, 0x0041, 0x0041, 0x0041, 0x0041, 0x0041, 0x0041, 0x0041, 0x0041, 0x0041, 0x0041, 0x0041,
	0x0041, 0x0041, 0x0041, 0x0041, 0x0041, 0x0041, 0x0041, 0x0041, 0x0041, 0x0041, 0x0041, 0x0041,
	0x0041, 0x0041, 0x0041, 0x0041, 0x0041, 0x0041, 0x0041, 0x0041, 0x0041, 0x0041, 0x0041, 0x0041,
	0x0041, 0x0041, 0x0041, 0x0041, 0x0041, 0x0041, 0x0041, 0x0041, 0x0041, 0x0041, 0x0041, 0x0041,
	0x0041, 0x0041, 0x0041, 0x0041, 0x0041, 0x0041, 0x0041, 0x0041, 0x0041, 0x0041, 0x0041, 0x0041,
	0x0041, 0x0041, 0x0041, 0x0041, 0x0041, 0x0041, 0x0041, 0x0041, 0x0041, 0x0041, 0x0041, 0x0041,
	0x0041, 0x0041, 0x0041, 0x0041, 0x0041, 0x0041, 0x0041, 0x0041, 0x0041, 0x0041, 0x0041, 0x0041,
	0x0041, 0x0041, 0x0041, 0x0041, 0x0041, 0x0041, 0x0041, 0x0041, 0x0041, 0x0041, 0x0041, 0x0041,
	0x0041, 0x0041, 0x0041, 0x0041, 0x0041, 0x0041, 0x0041, 0x0041, 0x0041, 0x0041, 0x0041, 0x0041,
	0x0041, 0x0041, 0x0041, 0x0041, 0x0041, 0x0041, 0x0041, 0x0041, 0x0041, 0x0041, 0x0041, 0x0041,
	0x0041, 0x0041, 0x0041, 0x0041, 0x0041, 0x0041, 0x0041, 0x0041, 0x0041, 0x0041, 0x0041, 0x0041,
	0x0041, 0x0041, 0x0041, 0x0041, 0x0041, 0x0041, 0x0041, 0x0041, 0x0041, 0x0041, 0x0041, 0x0041,
	0x0041, 0x0041, 0x0041, 0x0041, 0x0041, 0x0041, 0x0041, 0x0041, 0x0041, 0x0041, 0x0041, 0x0041,
	0x0041, 0x0041, 0x0041, 0x0041, 0x0041, 0x0041, 0x0041, 0x0041, 0x0041, 0x0041, 0x0041, 0x0041,
	0x0041, 0x0041, 0x0041, 0x0041, 0x0041, 0x0041, 0x0041, 0x0041, 0x0041, 0x0041, 0x0041, 0x0041,
	0x0041, 0x0041, 0x0041, 0x0041, 0x0041, 0x0041, 0x0041, 0x0041, 0x0041, 0x0041, 0x0041, 0x0041,
	0x0041, 0x0041, 0x0041, 0x0041, 0x0041, 0x0041, 0x0041, 0x0041, 0x0041, 0x0041, 0x0041, 0x0041,
	0x0041, 0x0041, 0x0041, 0x0041, 0x0041, 0x0041, 0x0041, 0x0041, 0x0041, 0x0041, 0x0041, 0x0041,
	0x0041, 0x0041, 0x0041, 0x0041, 0x0041, 0x52EB, 0x52EB, 0x0041, 0x0041, 0x0041, 0x0041, 0x0041,
	0x0041, 0x0041, 0x0041, 0x0041, 0x0041, 0x0041, 0x0041, 0x0041, 0x0041, 0x0041, 0x0041, 0x0041,
	0x0041, 0x0041, 0x0041, 0x0041, 0x0041, 0x0041, 0x0041, 0x0041, 0x0041, 0x0041, 0x0041, 0x0041,
	0x0041, 0x0041, 0x0041, 0x0041, 0x0041, 0x0041, 0x0041, 0x0041, 0x0041, 0x0041, 0x0041, 0x0041,
	0x0041, 0x0041, 0x0041, 0x0041, 0x0041, 0x0041, 0x0041, 0x0041, 0x0041, 0x0041, 0x0041, 0x0041,
	0x0041, 0x0041, 0x0041, 0x0041, 0x0041, 0x0041, 0x0041, 0x0041, 0x0041, 0x0041, 0x0041, 0x0041,
	0x0041, 0x0041, 0x0041, 0x0041, 0x0041, 0x0041, 0x0041, 0x0041, 0x0041, 0x0041, 0x0041, 0x0041,
	0x0041, 0x0041, 0x0041, 0x0041, 0x0041, 0x0041, 0x0041, 0x0041, 0x0041, 0x0041, 0x0041, 0x0041,
	0x0041, 0x0041, 0x0041, 0x0041, 0x0041, 0x0041, 0x0041, 0x0041, 0x0041, 0x0041, 0x0041, 0x0041,
	0x0041, 0x0041, 0x0041, 0x0041, 0x0041, 0x0041, 0x0041, 0x0041, 0x0041, 0x0041, 0x0041, 0x0041,
	0x0041, 0x0041, 0x0041, 0x0041, 0x0041, 0x0041, 0x0041, 0x0041, 0x0041, 0x0041, 0x0041, 0x0041,
	0x0041, 0x0041, 0x0041, 0x0041, 0x0041, 0x0041, 0x0041, 0x0041, 0x0041, 0x0041, 0x0041, 0x0041,
	0x0041, 0x0041, 0x0041, 0x0041, 0x0041, 0x0041, 0x0041, 0x0041, 0x0041, 0x0041, 0x0041, 0x0041,
	0x0041, 0x0041, 0x0041, 0x0041, 0x0041, 0x0041, 0x0041, 0x0041, 0x0041, 0x0041, 0x0041, 0x0041,
	0x0041, 0x0041, 0x0041, 0x0041, 0x0041, 0x0041, 0x0041, 0x0041, 0x0041, 0x0041, 0x0041, 0x0041,
	0x0041, 0x0041, 0x0041, 0x0041, 0x0041, 0x0041, 0x0041, 0x0041, 0x0041, 0x0041, 0x0041, 0x0041,
	0x0041, 0x0041, 0x0041, 0x0041, 0x0041, 0x0041, 0x0041, 0x0041, 0x0041, 0x0041, 0x0041, 0x0041,
	0x0041, 0x0041, 0x0041, 0x0041, 0x0041, 0x0041, 0x0041, 0x0041, 0x0041, 0x0041, 0x0041, 0x0041,
	0x0041, 0x0041, 0x0041, 0x0041, 0x0041, 0x0041, 0x0041, 0x0041, 0x0041, 0x0041, 0x0041, 0x0041,
	0x0041, 0x0041, 0x0041, 0x0041, 0x0041, 0x0041, 0x0041, 0x0041, 0x0041, 0x0041, 0x0041, 0x0041,
	0x0041, 0x0041, 0x0041, 0x52EB, 0x52EB, 0x0041, 0x0041, 0x0041, 0x0041, 0x0041, 0x0041, 0x0041,
	0x0041, 0x0041, 0x0041, 0x0041, 0x0041, 0x0041, 0x0041, 0x0041, 0x0041, 0x0041, 0x0041, 0x0041,
	0x0041, 0x0041, 0x0041, 0x0041, 0x0041, 0x0041, 0x0041, 0x0041, 0x0041, 0x0041, 0x0041, 0x0041,
	0x0041, 0x0041, 0x0041, 0x0041, 0x0041, 0x0041, 0x0041, 0x0041, 0x0041, 0x0041, 0x0041, 0x0041,
	0x0041, 0x0041, 0x0041, 0x0041, 0x0041, 0x0041, 0x0041, 0x0041, 0x0041, 0x0041, 0x0041, 0x0041,
	0x0041, 0x0041, 0x0041, 0x0041, 0x0041, 0x0041, 0x0041, 0x0041, 0x0041, 0x0041, 0x0041, 0x0041,
	0x0041, 0x0041, 0x0041, 0x0041, 0x0041, 0x0041, 0x0041, 0x0041, 0x0041, 0x0041, 0x0041, 0x0041,
	0x0041, 0x0041, 0x0041, 0x0041, 0x0041, 0x0041, 0x0041, 0x0041, 0x0041, 0x0041, 0x0041, 0x0041,
	0x0041, 0x0041, 0x0041, 0x0041, 0x0041, 0x0041, 0x0041, 0x0041, 0x0041, 0x0041, 0x0041, 0x0041,
	0x0041, 0x0041, 0x0041, 0x0041, 0x0041, 0x0041, 0x0041, 0x0041, 0x0041, 0x0041, 0x0041, 0x0041,
	0x0041, 0x0041, 0x0041, 0x0041, 0x0041, 0x0041, 0x0041, 0x0041, 0x0041, 0x0041, 0x0041, 0x0041,
	0x0041, 0x0041, 0x0041, 0x0041, 0x0041, 0x0041, 0x0041, 0x0041, 0x0041, 0x0041, 0x0041, 0x0041,
	0x0041, 0x0041, 0x0041, 0x0041, 0x0041, 0x0041, 0x0041, 0x0041, 0x0041, 0x0041, 0x0041, 0x0041,
	0x0041, 0x0041, 0x0041, 0x0041, 0x0041, 0x0041, 0x0041, 0x0041, 0x0041, 0x0041, 0x0041, 0x0041,
	0x0041, 0x0041, 0x0041, 0x0041, 0x0041, 0x0041, 0x0041, 0x0041, 0x0041, 0x0041, 0x0041, 0x0041,
	0x0041, 0x0041, 0x0041, 0x0041, 0x0041, 0x0041, 0x0041, 0x0041, 0x0041, 0x0041, 0x0041, 0x0041,
	0x0041, 0x0041, 0x0041, 0x0041, 0x0041, 0x0041, 0x0041, 0x0041, 0x0041, 0x0041, 0x0041, 0x0041,
	0x0041, 0x0041, 0x0041, 0x0041, 0x0041, 0x0041, 0x0041, 0x0041, 0x0041, 0x0041, 0x0041, 0x0041,
	0x0041, 0x0041, 0x0041, 0x0041, 0x0041, 0x0041, 0x0041, 0x0041, 0x0041, 0x0041, 0x0041, 0x0041,
	0x0041, 0x0041, 0x0041, 0x0041, 0x0041, 0x0041, 0x0041, 0x0041, 0x0041, 0x0041, 0x0041, 0x0041,
	0x0041, 0x52EB, 0x52EB, 0x0041, 0x0041, 0x0041, 0x0041, 0x0041, 0x0041, 0x0041, 0x0041, 0x0041,
	0x0041, 0x0041, 0x0041, 0x0041, 0x0041, 0x0041, 0x0041, 0x0041, 0x0041, 0x0041, 0x0041, 0x0041,
	0x0041, 0x0041, 0x0041, 0x0041, 0x0041, 0x0041, 0x0041, 0x0041, 0x0041, 0x0041, 0x0041, 0x0041,
	0x0041, 0x0041, 0x0041, 0x0041, 0x0041, 0x0041, 0x0041, 0x0041, 0x0041, 0x0041, 0x0041, 0x0041,
	0x0041, 0x0041, 0x0041, 0x0041, 0x0041, 0x0041, 0x0041, 0x0041, 0x0041, 0x0041, 0x0041, 0x0041,
	0x0041, 0x0041, 0x0041, 0x0041, 0x0041, 0x0041, 0x0041, 0x0041, 0x0041, 0x0041, 0x0041, 0x0041,
	0x0041, 0x0041, 0x0041, 0x0041, 0x0041, 0x0041, 0x0041, 0x0041, 0x0041, 0x0041, 0x0041, 0x0041,
	0x0041, 0x0041, 0x0041, 0x0041, 0x0041, 0x0041, 0x0041, 0x0041, 0x0041, 0x0041, 0x0041, 0x0041,
	0x0041, 0x0041, 0x0041, 0x0041, 0x0041, 0x0041, 0x0041, 0x0041, 0x0041, 0x0041, 0x0041, 0x0041,
	0x0041, 0x0041, 0x0041, 0x0041, 0x0041, 0x0041, 0x0041, 0x0041, 0x0041, 0x0041, 0x0041, 0x0041,
	0x0041, 0x0041, 0x0041, 0x0041, 0x0041, 0x0041, 0x0041, 0x0041, 0x0041, 0x0041, 0x0041, 0x0041,
	0x0041, 0x0041, 0x0041, 0x0041, 0x0041, 0x0041, 0x0041, 0x0041, 0x0041, 0x0041, 0x0041, 0x0041,
	0x0041, 0x0041, 0x0041, 0x0041, 0x0041, 0x0041, 0x0041, 0x0041, 0x0041, 0x0041, 0x0041, 0x0041,
	0x0041, 0x0041, 0x0041, 0x0041, 0x0041, 0x0041, 0x0041, 0x0041, 0x0041, 0x0041, 0x0041, 0x0041,
	0x0041, 0x0041, 0x0041, 0x0041, 0x0041, 0x0041, 0x0041, 0x0041, 0x0041, 0x0041, 0x0041, 0x0041,
	0x0041, 0x0041, 0x0041, 0x0041, 0x0041, 0x0041, 0x0041, 0x0041, 0x0041, 0x0041, 0x0041, 0x0041,
	0x0041, 0x0041, 0x0041, 0x0041, 0x0041, 0x0041, 0x0041, 0x0041, 0x0041, 0x0041, 0x0041, 0x0041,
	0x0041, 0x0041, 0x0041, 0x0041, 0x0041, 0x0041, 0x0041, 0x0041, 0x0041, 0x0041, 0x0041, 0x0041,
	0x0041, 0x0041, 0x0041, 0x0041, 0x0041, 0x0041, 0x0041, 0x0041, 0x0041, 0x0041, 0x0041, 0x0041,
	0x0041, 0x0041, 0x0041, 0x0041, 0x0041, 0x0041, 0x0041, 0x0041, 0x0041, 0x0041, 0x0041, 0x52EB,
	0x52EB, 0x0041, 0x0041, 0x0041, 0x0041, 0x0041, 0x0041, 0x0041, 0x0041, 0x0041, 0x0041, 0x0041,
	0x0041, 0x0041, 0x0041, 0x0041, 0x0041, 0x0041, 0x0041, 0x0041, 0x0041, 0x0041, 0x0041, 0x0041,
	0x0041, 0x0041, 0x0041, 0x0041, 0x0041, 0x0041, 0x0041, 0x0041, 0x0041, 0x0041, 0x0041, 0x0041,
	0x0041, 0x0041, 0x0041, 0x0041, 0x0041, 0x0041, 0x0041, 0x0041, 0x0041, 0x0041, 0x0041, 0x0041,
	0x0041, 0x0041, 0x0041, 0x0041, 0x0041, 0x0041, 0x0041, 0x0041, 0x0041, 0x0041, 0x0041, 0x0041,
	0x0041, 0x0041, 0x0041, 0x0041, 0x0041, 0x0041, 0x0041, 0x0041, 0x0041, 0x0041, 0x0041, 0x0041,
	0x0041, 0x0041, 0x0041, 0x0041, 0x0041, 0x0041, 0x0041, 0x0041, 0x0041, 0x0041, 0x0041, 0x0041,
	0x0041, 0x0041, 0x0041, 0x0041, 0x0041, 0x0041, 0x0041, 0x0041, 0x0041, 0x0041, 0x0041, 0x0041,
	0x0041, 0x0041, 0x0041, 0x0041, 0x0041, 0x0041, 0x0041, 0x0041, 0x0041, 0x0041, 0x0041, 0x0041,
	0x0041, 0x0041, 0x0041, 0x0041, 0x0041, 0x0041, 0x0041, 0x0041, 0x0041, 0x0041, 0x0041, 0x0041,
	0x0041, 0x0041, 0x0041, 0x0041, 0x0041, 0x0041, 0x0041, 0x0041, 0x0041, 0x0041, 0x0041, 0x0041,
	0x0041, 0x0041, 0x0041, 0x0041, 0x0041, 0x0041, 0x0041, 0x0041, 0x0041, 0x0041, 0x0041, 0x0041,
	0x0041, 0x0041, 0x0041, 0x0041, 0x0041, 0x0041, 0x0041, 0x0041, 0x0041, 0x0041, 0x0041, 0x0041,
	0x0041, 0x0041, 0x0041, 0x0041, 0x0041, 0x0041, 0x0041, 0x0041, 0x0041, 0x0041, 0x0041, 0x0041,
	0x0041, 0x0041, 0x0041, 0x0041, 0x0041, 0x0041, 0x0041, 0x0041, 0x0041, 0x0041, 0x0041, 0x0041,
	0x0041, 0x0041, 0x0041, 0x0041, 0x0041, 0x0041, 0x0041, 0x0041, 0x0041, 0x0041, 0x0041, 0x0041,
	0x0041, 0x0041, 0x0041, 0x0041, 0x0041, 0x0041, 0x0041, 0x0041, 0x0041, 0x0041, 0x0041, 0x0041,
	0x0041, 0x0041, 0x0041, 0x0041, 0x0041, 0x0041, 0x0041, 0x0041, 0x0041, 0x0041, 0x0041, 0x0041,
	0x0041, 0x0041, 0x0041, 0x0041, 0x0041, 0x0041, 0x0041, 0x0041, 0x0041, 0x0041, 0x0041, 0x0041,
	0x0041, 0x0041, 0x0041, 0x0041, 0x0041, 0x0041, 0x0041, 0x0041, 0x0041, 0x52EB, 0x52EB, 0x0041,
	0x0041, 0x0041, 0x0041, 0x0041, 0x0041, 0x0041, 0x0041, 0x0041, 0x0041, 0x0041, 0x0041, 0x0041,
	0x0041, 0x0041, 0x0041, 0x0041, 0x0041, 0x0041, 0x0041, 0x0041, 0x0041, 0x0041, 0x0041, 0x0041,
	0x0041, 0x0041, 0x0041, 0x0041, 0x0041, 0x0041, 0x0041, 0x0041, 0x0041, 0x0041, 0x0041, 0x0041,
	0x0041, 0x0041, 0x0041, 0x0041, 0x0041, 0x0041, 0x0041, 0x0041, 0x0041, 0x0041, 0x0041, 0x0041,
	0x0041, 0x0041, 0x0041, 0x0041, 0x0041, 0x0041, 0x0041, 0x0041, 0x0041, 0x0041, 0x0041, 0x0041,
	0x0041, 0x0041, 0x0041, 0x0041, 0x0041, 0x0041, 0x0041, 0x0041, 0x0041, 0x0041, 0x0041, 0x0041,
	0x0041, 0x0041, 0x0041, 0x0041, 0x0041, 0x0041, 0x0041, 0x0041, 0x0041, 0x0041, 0x0041, 0x0041,
	0x0041, 0x0041, 0x0041, 0x0041, 0x0041, 0x0041, 0x0041, 0x0041, 0x0041, 0x0041, 0x0041, 0x0041,
	0x0041, 0x0041, 0x0041, 0x0041, 0x0041, 0x0041, 0x0041, 0x0041, 0x0041, 0x0041, 0x0041, 0x0041,
	0x0041, 0x0041, 0x0041, 0x0041, 0x0041, 0x0041, 0x0041, 0x0041, 0x0041, 0x0041, 0x0041, 0x0041,
	0x0041, 0x0041, 0x0041, 0x0041, 0x0041, 0x0041, 0x0041, 0x0041, 0x0041, 0x0041, 0x0041, 0x0041,
	0x0041, 0x0041, 0x0041, 0x0041, 0x0041, 0x0041, 0x0041, 0x0041, 0x0041, 0x0041, 0x0041, 0x0041,
	0x0041, 0x0041, 0x0041, 0x0041, 0x0041, 0x0041, 0x0041, 0x0041, 0x0041, 0x0041, 0x0041, 0x0041,
	0x0041, 0x0041, 0x0041, 0x0041, 0x0041, 0x0041, 0x0041, 0x0041, 0x0041, 0x0041, 0x0041, 0x0041,
	0x0041, 0x0041, 0x0041, 0x0041, 0x0041, 0x0041, 0x0041, 0x0041, 0x0041, 0x0041, 0x0041, 0x0041,
	0x0041, 0x0041, 0x0041, 0x0041, 0x0041, 0x0041, 0x0041, 0x0041, 0x0041, 0x0041, 0x0041, 0x0041,
	0x0041, 0x0041, 0x0041, 0x0041, 0x0041, 0x0041, 0x0041, 0x0041, 0x0041, 0x0041, 0x0041, 0x0041,
	0x0041, 0x0041, 0x0041, 0x0041, 0x0041, 0x0041, 0x0041, 0x0041, 0x0041, 0x0041, 0x0041, 0x0041,
	0x0041, 0x0041, 0x0041, 0x0041, 0x0041, 0x0041, 0x0041, 0x0041, 0x0041, 0x0041, 0x0041, 0x0041,
	0x0041, 0x0041, 0x0041, 0x0041, 0x0041, 0x0041, 0x0041, 0x52EB, 0x52EB, 0x0041, 0x0041, 0x0041,
	0x0041, 0x0041, 0x0041, 0x0041, 0x0041, 0x0041, 0x0041, 0x0041, 0x0041, 0x0041, 0x0041, 0x0041,
	0x0041, 0x0041, 0x0041, 0x0041, 0x0041, 0x0041, 0x0041, 0x0041, 0x0041, 0x0041, 0x0041, 0x0041,
	0x0041, 0x0041, 0x0041, 0x0041, 0x0041, 0x0041, 0x0041, 0x0041, 0x0041, 0x0041, 0x0041, 0x0041,
	0x0041, 0x0041, 0x0041, 0x0041, 0x0041, 0x0041, 0x0041, 0x0041, 0x0041, 0x0041, 0x0041, 0x0041,
	0x0041, 0x0041, 0x0041, 0x0041, 0x0041, 0x0041, 0x0041, 0x0041, 0x0041, 0x0041, 0x0041, 0x0041,
	0x0041, 0x0041, 0x0041, 0x0041, 0x0041, 0x0041, 0x0041, 0x0041, 0x0041, 0x0041, 0x0041, 0x0041,
	0x0041, 0x0041, 0x0041, 0x0041, 0x0041, 0x0041, 0x0041, 0x0041, 0x0041, 0x0041, 0x0041, 0x0041,
	0x0041, 0x0041, 0x0041, 0x0041, 0x0041, 0x0041, 0x0041, 0x0041, 0x0041, 0x0041, 0x0041, 0x0041,
	0x0041, 0x0041, 0x0041, 0x0041, 0x0041, 0x0041, 0x0041, 0x0041, 0x0041, 0x0041, 0x0041, 0x0041,
	0x0041, 0x0041, 0x0041, 0x0041, 0x0041, 0x0041, 0x0041, 0x0041, 0x0041, 0x0041, 0x0041, 0x0041,
	0x0041, 0x0041, 0x0041, 0x0041, 0x0041, 0x0041, 0x0041, 0x0041, 0x0041, 0x0041, 0x0041, 0x0041,
	0x0041, 0x0041, 0x0041, 0x0041, 0x0041, 0x0041, 0x0041, 0x0041, 0x0041, 0x0041, 0x0041, 0x0041,
	0x0041, 0x0041, 0x0041, 0x0041, 0x0041, 0x0041, 0x0041, 0x0041, 0x0041, 0x0041, 0x0041, 0x0041,
	0x0041, 0x0041, 0x0041, 0x0041, 0x0041, 0x0041, 0x0041, 0x0041, 0x0041, 0x0041, 0x0041, 0x0041,
	0x0041, 0x0041, 0x0041, 0x0041, 0x0041, 0x0041, 0x0041, 0x0041, 0x0041, 0x0041, 0x0041, 0x0041,
	0x0041, 0x0041, 0x0041, 0x0041, 0x0041, 0x0041, 0x0041, 0x0041, 0x0041, 0x0041, 0x0041, 0x0041,
	0x0041, 0x0041, 0x0041, 0x0041, 0x0041, 0x0041, 0x0041, 0x0041, 0x0041, 0x0041, 0x0041, 0x0041,
	0x0041, 0x0041, 0x0041, 0x0041, 0x0041, 0x0041, 0x0041, 0x0041, 0x0041, 0x0041, 0x0041, 0x0041,
	0x0041, 0x0041, 0x0041, 0x0041, 0x0041, 0x0041, 0x0041, 0x0041, 0x0041, 0x0041, 0x0041, 0x0041,
	0x0041, 0x0041, 0x0041, 0x0041, 0x0041, 0x52EB, 0x52EB, 0x0041, 0x0041, 0x0041, 0x0041, 0x0041,
	0x0041, 0x0041, 0x0041, 0x0041, 0x0041, 0x0041, 0x0041, 0x0041, 0x0041, 0x0041, 0x0041, 0x0041,
	0x0041, 0x0041, 0x0041, 0x0041, 0x0041, 0x0041, 0x0041, 0x0041, 0x0041, 0x0041, 0x0041, 0x0041,
	0x0041, 0x0041, 0x0041, 0x0041, 0x0041, 0x0041, 0x0041, 0x0041, 0x0041, 0x0041, 0x0041, 0x0041,
	0x0041, 0x0041, 0x0041, 0x0041, 0x0041, 0x0041, 0x0041, 0x0041, 0x0041, 0x0041, 0x0041, 0x0041,
	0x0041, 0x0041, 0x0041, 0x0041, 0x0041, 0x0041, 0x0041, 0x0041, 0x0041, 0x0041, 0x0041, 0x0041,
	0x0041, 0x0041, 0x0041, 0x0041, 0x0041, 0x0041, 0x0041, 0x0041, 0x0041, 0x0041, 0x0041, 0x0041,
	0x0041, 0x0041, 0x0041, 0x0041, 0x0041, 0x0041, 0x0041, 0x0041, 0x0041, 0x0041, 0x0041, 0x0041,
	0x0041, 0x0041, 0x0041, 0x0041, 0x0041, 0x0041, 0x0041, 0x0041, 0x0041, 0x0041, 0x0041, 0x0041,
	0x0041, 0x0041, 0x0041, 0x0041, 0x0041, 0x0041, 0x0041, 0x0041, 0x0041, 0x0041, 0x0041, 0x0041,
	0x0041, 0x0041, 0x0041, 0x0041, 0x0041, 0x0041, 0x0041, 0x0041, 0x0041, 0x0041, 0x0041, 0x0041,
	0x0041, 0x0041, 0x0041, 0x0041, 0x0041, 0x0041, 0x0041, 0x0041, 0x0041, 0x0041, 0x0041, 0x0041,
	0x0041, 0x0041, 0x0041, 0x0041, 0x0041, 0x0041, 0x0041, 0x0041, 0x0041, 0x0041, 0x0041, 0x0041,
	0x0041, 0x0041, 0x0041, 0x0041, 0x0041, 0x0041, 0x0041, 0x0041, 0x0041, 0x0041, 0x0041, 0x0041,
	0x0041, 0x0041, 0x0041, 0x0041, 0x0041, 0x0041, 0x0041, 0x0041, 0x0041, 0x0041, 0x0041, 0x0041,
	0x0041, 0x0041, 0x0041, 0x0041, 0x0041, 0x0041, 0x0041, 0x0041, 0x0041, 0x0041, 0x0041, 0x0041,
	0x0041, 0x0041, 0x0041, 0x0041, 0x0041, 0x0041, 0x0041, 0x0041, 0x0041, 0x0041, 0x0041, 0x0041,
	0x0041, 0x0041, 0x0041, 0x0041, 0x0041, 0x0041, 0x0041, 0x0041, 0x0041, 0x0041, 0x0041, 0x0041,
	0x0041, 0x0041, 0x0041, 0x0041, 0x0041, 0x0041, 0x0041, 0x0041, 0x0041, 0x0041, 0x0041, 0x0041,
	0x0041, 0x0041, 0x0041, 0x0041, 0x0041, 0x0041, 0x0041, 0x0041, 0x0041, 0x0041, 0x0041, 0x0041,
	0x0041, 0x0041, 0x0041, 0x52EB, 0x52EB, 0x0041, 0x0041, 0x0041, 0x0041, 0x0041, 0x0041, 0x0041,
	0x0041, 0x0041, 0x0041, 0x0041, 0x0041, 0x0041, 0x0041, 0x0041, 0x0041, 0x0041, 0x0041, 0x0041,
	0x0041, 0x0041, 0x0041, 0x0041, 0x0041, 0x0041, 0x0041, 0x0041, 0x0041, 0x0041, 0x0041, 0x0041,
	0x0041, 0x0041, 0x0041, 0x0041, 0x0041, 0x0041, 0x0041, 0x0041, 0x0041, 0x0041, 0x0041, 0x0041,
	0x0041, 0x0041, 0x0041, 0x0041, 0x0041, 0x0041, 0x0041, 0x0041, 0x0041, 0x0041, 0x0041, 0x0041,
	0x0041, 0x0041, 0x0041, 0x0041, 0x0041, 0x0041, 0x0041, 0x0041, 0x0041, 0x0041, 0x0041, 0x0041,
	0x0041, 0x0041, 0x0041, 0x0041, 0x0041, 0x0041, 0x0041, 0x0041, 0x0041, 0x0041, 0x0041, 0x0041,
	0x0041, 0x0041, 0x0041, 0x0041, 0x0041, 0x0041, 0x0041, 0x0041, 0x0041, 0x0041, 0x0041, 0x0041,
	0x0041, 0x0041, 0x0041, 0x0041, 0x0041, 0x0041, 0x0041, 0x0041, 0x0041, 0x0041, 0x0041, 0x0041,
	0x0041, 0x0041, 0x0041, 0x0041, 0x0041, 0x0041, 0x0041, 0x0041, 0x0041, 0x0041, 0x0041, 0x0041,
	0x0041, 0x0041, 0x0041, 0x0041, 0x0041, 0x0041, 0x0041, 0x0041, 0x0041, 0x0041, 0x0041, 0x0041,
	0x0041, 0x0041, 0x0041, 0x0041, 0x0041, 0x0041, 0x0041, 0x0041, 0x0041, 0x0041, 0x0041, 0x0041,
	0x0041, 0x0041, 0x0041, 0x0041, 0x0041, 0x0041, 0x0041, 0x0041, 0x0041, 0x0041, 0x0041, 0x0041,
	0x0041, 0x0041, 0x0041, 0x0041, 0x0041, 0x0041, 0x0041, 0x0041, 0x0041, 0x0041, 0x0041, 0x0041,
	0x0041, 0x0041, 0x0041, 0x0041, 0x0041, 0x0041, 0x0041, 0x0041, 0x0041, 0x0041, 0x0041, 0x0041,
	0x0041, 0x0041, 0x0041, 0x0041, 0x0041, 0x0041, 0x0041, 0x0041, 0x0041, 0x0041, 0x0041, 0x0041,
	0x0041, 0x0041, 0x0041, 0x0041, 0x0041, 0x0041, 0x0041, 0x0041, 0x0041, 0x0041, 0x0041, 0x0041,
	0x0041, 0x0041, 0x0041, 0x0041, 0x0041, 0x0041, 0x0041, 0x0041, 0x0041, 0x0041, 0x0041, 0x0041,
	0x0041, 0x0041, 0x0041, 0x0041, 0x0041, 0x0041, 0x0041, 0x0041, 0x0041, 0x0041, 0x0041, 0x0041,
	0x0041, 0x0041, 0x0041, 0x0041, 0x0041, 0x0041, 0x0041, 0x0041, 0x0041, 0x0041, 0x0041, 0x0041,
	0x0041, 0x52EB, 0x52EB, 0x0041, 0x0041, 0x0041, 0x0041, 0x0041, 0x0041, 0x0041, 0x0041, 0x0041,
	0x0041, 0x0041, 0x0041, 0x0041, 0x0041, 0x0041, 0x0041, 0x0041, 0x0041, 0x0041, 0x0041, 0x0041,
	0x0041, 0x0041, 0x0041, 0x0041, 0x0041, 0x0041, 0x0041, 0x0041, 0x0041, 0x0041, 0x0041, 0x0041,
	0x0041, 0x0041, 0x0041, 0x0041, 0x0041, 0x0041, 0x0041, 0x0041, 0x0041, 0x0041, 0x0041, 0x0041,
	0x0041, 0x0041, 0x0041, 0x0041, 0x0041, 0x0041, 0x0041, 0x0041, 0x0041, 0x0041, 0x0041, 0x0041,
	0x0041, 0x0041, 0x0041, 0x0041, 0x0041, 0x0041, 0x0041, 0x0041, 0x0041, 0x0041, 0x0041, 0x0041,
	0x0041, 0x0041, 0x0041, 0x0041, 0x0041, 0x0041, 0x0041, 0x0041, 0x0041, 0x0041, 0x0041, 0x0041,
	0x0041, 0x0041, 0x0041, 0x0041, 0x0041, 0x0041, 0x0041, 0x0041, 0x0041, 0x0041, 0x0041, 0x0041,
	0x0041, 0x0041, 0x0041, 0x0041, 0x0041, 0x0041, 0x0041, 0x0041, 0x0041, 0x0041, 0x0041, 0x0041,
	0x0041, 0x0041, 0x0041, 0x0041, 0x0041, 0x0041, 0x0041, 0x0041, 0x0041, 0x0041, 0x0041, 0x0041,
	0x0041, 0x0041, 0x0041, 0x0041, 0x0041, 0x0041, 0x0041, 0x0041, 0x0041, 0x0041, 0x0041, 0x0041,
	0x0041, 0x0041, 0x0041, 0x0041, 0x0041, 0x0041, 0x0041, 0x0041, 0x0041, 0x0041, 0x0041, 0x0041,
	0x0041, 0x0041, 0x0041, 0x0041, 0x0041, 0x0041, 0x0041, 0x0041, 0x0041, 0x0041, 0x0041, 0x0041,
	0x0041, 0x0041, 0x0041, 0x0041, 0x0041, 0x0041, 0x0041, 0x0041, 0x0041, 0x0041, 0x0041, 0x0041,
	0x0041, 0x0041, 0x0041, 0x0041, 0x0041, 0x0041, 0x0041, 0x0041, 0x0041, 0x0041, 0x0041, 0x0041,
	0x0041, 0x0041, 0x0041, 0x0041, 0x0041, 0x0041, 0x0041, 0x0041, 0x0041, 0x0041, 0x0041, 0x0041,
	0x0041, 0x0041, 0x0041, 0x0041, 0x0041, 0x0041, 0x0041, 0x0041, 0x0041, 0x0041, 0x0041, 0x0041,
	0x0041, 0x0041, 0x0041, 0x0041, 0x0041, 0x0041, 0x0041, 0x0041, 0x0041, 0x0041, 0x0041, 0x0041,
	0x0041, 0x0041, 0x0041, 0x0041, 0x0041, 0x0041, 0x0041, 0x0041, 0x0041, 0x0041, 0x0041, 0x0041,
	0x0041, 0x0041, 0x0041, 0x0041, 0x0041, 0x0041, 0x0041, 0x0041, 0x0041, 0x0041, 0x0041, 0x52EB,
	0x52EB, 0x0041, 0x0041, 0x0041, 0x0041, 0x0041, 0x0041, 0x0041, 0x0041, 0x0041, 0x0041, 0x0041,
	0x0041, 0x0041, 0x0041, 0x0041, 0x0041, 0x0041, 0x0041, 0x0041, 0x0041, 0x0041, 0x0041, 0x0041,
	0x0041, 0x0041, 0x0041, 0x0041, 0x0041, 0x0041, 0x0041, 0x0041, 0x0041, 0x0041, 0x0041, 0x0041,
	0x0041, 0x0041, 0x0041, 0x0041, 0x0041, 0x0041, 0x0041, 0x0041, 0x0041, 0x0041, 0x0041, 0x0041,
	0x0041, 0x0041, 0x0041, 0x0041, 0x0041, 0x0041, 0x0041, 0x0041, 0x0041, 0x0041, 0x0041, 0x0041,
	0x0041, 0x0041, 0x0041, 0x0041, 0x0041, 0x0041, 0x0041, 0x0041, 0x0041, 0x0041, 0x0041, 0x0041,
	0x0041, 0x0041, 0x0041, 0x0041, 0x0041, 0x0041, 0x0041, 0x0041, 0x0041, 0x0041, 0x0041, 0x0041,
	0x0041, 0x0041, 0x0041, 0x0041, 0x0041, 0x0041, 0x0041, 0x0041, 0x0041, 0x0041, 0x0041, 0x0041,
	0x0041, 0x0041, 0x0041, 0x0041, 0x0041, 0x0041, 0x0041, 0x0041, 0x0041, 0x0041, 0x0041, 0x0041,
	0x0041, 0x0041, 0x0041, 0x0041, 0x0041, 0x0041, 0x0041, 0x0041, 0x0041, 0x0041, 0x0041, 0x0041,
	0x0041, 0x0041, 0x0041, 0x0041, 0x0041, 0x0041, 0x0041, 0x0041, 0x0041, 0x0041, 0x0041, 0x0041,
	0x0041, 0x0041, 0x0041, 0x0041, 0x0041, 0x0041, 0x0041, 0x0041, 0x0041, 0x0041, 0x0041, 0x0041,
	0x0041, 0x0041, 0x0041, 0x0041, 0x0041, 0x0041, 0x0041, 0x0041, 0x0041, 0x0041, 0x0041, 0x0041,
	0x0041, 0x0041, 0x0041, 0x0041, 0x0041, 0x0041, 0x0041, 0x0041, 0x0041, 0x0041, 0x0041, 0x0041,
	0x0041, 0x0041, 0x0041, 0x0041, 0x0041, 0x0041, 0x0041, 0x0041, 0x0041, 0x0041, 0x0041, 0x0041,
	0x0041, 0x0041, 0x0041, 0x0041, 0x0041, 0x0041, 0x0041, 0x0041, 0x0041, 0x0041, 0x0041, 0x0041,
	0x0041, 0x0041, 0x0041, 0x0041, 0x0041, 0x0041, 0x0041, 0x0041, 0x0041, 0x0041, 0x0041, 0x0041,
	0x0041, 0x0041, 0x0041, 0x0041, 0x0041, 0x0041, 0x0041, 0x0041, 0x0041, 0x0041, 0x0041, 0x0041,
	0x0041, 0x0041, 0x0041, 0x0041, 0x0041, 0x0041, 0x0041, 0x0041, 0x0041, 0x0041, 0x0041, 0x0041,
	0x0041, 0x0041, 0x0041, 0x0041, 0x0041, 0x0041, 0x0041, 0x0041, 0x0041, 0x52EB, 0x52EB, 0x0041,
	0x0041, 0x0041, 0x0041, 0x0041, 0x0041, 0x0041, 0x0041, 0x0041, 0x0041, 0x0041, 0x0041, 0x0041,
	0x0041, 0x0041, 0x0041, 0x0041, 0x0041, 0x0041, 0x0041, 0x0041, 0x0041, 0x0041, 0x0041, 0x0041,
	0x0041, 0x0041, 0x0041, 0x0041, 0x0041, 0x0041, 0x0041, 0x0041, 0x0041, 0x0041, 0x0041, 0x0041,
	0x0041, 0x0041, 0x0041, 0x0041, 0x0041, 0x0041, 0x0041, 0x0041, 0x0041, 0x0041, 0x0041, 0x0041,
	0x0041, 0x0041, 0x0041, 0x0041, 0x0041, 0x0041, 0x0041, 0x0041, 0x0041, 0x0041, 0x0041, 0x0041,
	0x0041, 0x0041, 0x0041, 0x0041, 0x0041, 0x0041, 0x0041, 0x0041, 0x0041, 0x0041, 0x0041, 0x0041,
	0x0041, 0x0041, 0x0041, 0x0041, 0x0041, 0x0041, 0x0041, 0x0041, 0x0041, 0x0041, 0x0041, 0x0041,
	0x0041, 0x0041, 0x0041, 0x0041, 0x0041, 0x0041, 0x0041, 0x0041, 0x0041, 0x0041, 0x0041, 0x0041,
	0x0041, 0x0041, 0x0041, 0x0041, 0x0041, 0x0041, 0x0041, 0x0041, 0x0041, 0x0041, 0x0041, 0x0041,
	0x0041, 0x0041, 0x0041, 0x0041, 0x0041, 0x0041, 0x0041, 0x0041, 0x0041, 0x0041, 0x0041, 0x0041,
	0x0041, 0x0041, 0x0041, 0x0041, 0x0041, 0x0041, 0x0041, 0x0041, 0x0041, 0x0041, 0x0041, 0x0041,
	0x0041, 0x0041, 0x0041, 0x0041, 0x0041, 0x0041, 0x0041, 0x0041, 0x0041, 0x0041, 0x0041, 0x0041,
	0x0041, 0x0041, 0x0041, 0x0041, 0x0041, 0x0041, 0x0041, 0x0041, 0x0041, 0x0041, 0x0041, 0x0041,
	0x0041, 0x0041, 0x0041, 0x0041, 0x0041, 0x0041, 0x0041, 0x0041, 0x0041, 0x0041, 0x0041, 0x0041,
	0x0041, 0x0041, 0x0041, 0x0041, 0x0041, 0x0041, 0x0041, 0x0041, 0x0041, 0x0041, 0x0041, 0x0041,
	0x0041, 0x0041, 0x0041, 0x0041, 0x0041, 0x0041, 0x0041, 0x0041, 0x0041, 0x0041, 0x0041, 0x0041,
	0x0041, 0x0041, 0x0041, 0x0041, 0x0041, 0x0041, 0x0041, 0x0041, 0x0041, 0x0041, 0x0041, 0x0041,
	0x0041, 0x0041, 0x0041, 0x0041, 0x0041, 0x0041, 0x0041, 0x0041, 0x0041, 0x0041, 0x0041, 0x0041,
	0x0041, 0x0041, 0x0041, 0x0041, 0x0041, 0x0041, 0x0041, 0x0041, 0x0041, 0x0041, 0x0041, 0x0041,
	0x0041, 0x0041, 0x0041, 0x0041, 0x0041, 0x0041, 0x0041, 0x52EB, 0x52EB, 0x0041, 0x0041, 0x0041,
	0x0041, 0x0041, 0x0041, 0x0041, 0x0041, 0x0041, 0x0041, 0x0041, 0x0041, 0x0041, 0x0041, 0x0041,
	0x0041, 0x0041, 0x0041, 0x0041, 0x0041, 0x0041, 0x0041, 0x0041, 0x0041, 0x0041, 0x0041, 0x0041,
	0x0041, 0x0041, 0x0041, 0x0041, 0x0041, 0x0041, 0x0041, 0x0041, 0x0041, 0x0041, 0x0041, 0x0041,
	0x0041, 0x0041, 0x0041, 0x0041, 0x0041, 0x0041, 0x0041, 0x0041, 0x0041, 0x0041, 0x0041, 0x0041,
	0x0041, 0x0041, 0x0041, 0x0041, 0x0041, 0x0041, 0x0041, 0x0041, 0x0041, 0x0041, 0x0041, 0x0041,
	0x0041, 0x0041, 0x0041, 0x0041, 0x0041, 0x0041, 0x0041, 0x0041, 0x0041, 0x0041, 0x0041, 0x0041,
	0x0041, 0x0041, 0x0041, 0x0041, 0x0041, 0x0041, 0x0041, 0x0041, 0x0041, 0x0041, 0x0041, 0x0041,
	0x0041, 0x0041, 0x0041, 0x0041, 0x0041, 0x0041, 0x0041, 0x0041, 0x0041, 0x0041, 0x0041, 0x0041,
	0x0041, 0x0041, 0x0041, 0x0041, 0x0041, 0x0041, 0x0041, 0x0041, 0x0041, 0x0041, 0x0041, 0x0041,
	0x0041, 0x0041, 0x0041, 0x0041, 0x0041, 0x0041, 0x0041, 0x0041, 0x0041, 0x0041, 0x0041, 0x0041,
	0x0041, 0x0041, 0x0041, 0x0041, 0x0041, 0x0041, 0x0041, 0x0041, 0x0041, 0x0041, 0x0041, 0x0041,
	0x0041, 0x0041, 0x0041, 0x0041, 0x0041, 0x0041, 0x0041, 0x0041, 0x0041, 0x0041, 0x0041, 0x0041,
	0x0041, 0x0041, 0x0041, 0x0041, 0x0041, 0x0041, 0x0041, 0x0041, 0x0041, 0x0041, 0x0041, 0x0041,
	0x0041, 0x0041, 0x0041, 0x0041, 0x0041, 0x0041, 0x0041, 0x0041, 0x0041, 0x0041, 0x0041, 0x0041,
	0x0041, 0x0041, 0x0041, 0x0041, 0x0041, 0x0041, 0x0041, 0x0041, 0x0041, 0x0041, 0x0041, 0x0041,
	0x0041, 0x0041, 0x0041, 0x0041, 0x0041, 0x0041, 0x0041, 0x0041, 0x0041, 0x0041, 0x0041, 0x0041,
	0x0041, 0x0041, 0x0041, 0x0041, 0x0041, 0x0041, 0x0041, 0x0041, 0x0041, 0x0041, 0x0041, 0x0041,
	0x0041, 0x0041, 0x0041, 0x0041, 0x0041, 0x0041, 0x0041, 0x0041, 0x0041, 0x0041, 0x0041, 0x0041,
	0x0041, 0x0041, 0x0041, 0x0041, 0x0041, 0x0041, 0x0041, 0x0041, 0x0041, 0x0041, 0x0041, 0x0041,
	0x0041, 0x0041, 0x0041, 0x0041, 0x0041, 0x52EB, 0x52EB, 0x0041, 0x0041, 0x0041, 0x0041, 0x0041,
	0x0041, 0x0041, 0x0041, 0x0041, 0x0041, 0x0041, 0x0041, 0x0041, 0x0041, 0x0041, 0x0041, 0x0041,
	0x0041, 0x0041, 0x0041, 0x0041, 0x0041, 0x0041, 0x0041, 0x0041, 0x0041, 0x0041, 0x0041, 0x0041,
	0x0041, 0x0041, 0x0041, 0x0041, 0x0041, 0x0041, 0x0041, 0x0041, 0x0041, 0x0041, 0x0041, 0x0041,
	0x0041, 0x0041, 0x0041, 0x0041, 0x0041, 0x0041, 0x0041, 0x0041, 0x0041, 0x0041, 0x0041, 0x0041,
	0x0041, 0x0041, 0x0041, 0x0041, 0x0041, 0x0041, 0x0041, 0x0041, 0x0041, 0x0041, 0x0041, 0x0041,
	0x0041, 0x0041, 0x0041, 0x0041, 0x0041, 0x0041, 0x0041, 0x0041, 0x0041, 0x0041, 0x0041, 0x0041,
	0x0041, 0x0041, 0x0041, 0x0041, 0x0041, 0x0041, 0x0041, 0x0041, 0x0041, 0x0041, 0x0041, 0x0041,
	0x0041, 0x0041, 0x0041, 0x0041, 0x0041, 0x0041, 0x0041, 0x0041, 0x0041, 0x0041, 0x0041, 0x0041,
	0x0041, 0x0041, 0x0041, 0x0041, 0x0041, 0x0041, 0x0041, 0x0041, 0x0041, 0x0041, 0x0041, 0x0041,
	0x0041, 0x0041, 0x0041, 0x0041, 0x0041, 0x0041, 0x0041, 0x0041, 0x0041, 0x0041, 0x0041, 0x0041,
	0x0041, 0x0041, 0x0041, 0x0041, 0x0041, 0x0041, 0x0041, 0x0041, 0x0041, 0x0041, 0x0041, 0x0041,
	0x0041, 0x0041, 0x0041, 0x0041, 0x0041, 0x0041, 0x0041, 0x0041, 0x0041, 0x0041, 0x0041, 0x0041,
	0x0041, 0x0041, 0x0041, 0x0041, 0x0041, 0x0041, 0x0041, 0x0041, 0x0041, 0x0041, 0x0041, 0x0041,
	0x0041, 0x0041, 0x0041, 0x0041, 0x0041, 0x0041, 0x0041, 0x0041, 0x0041, 0x0041, 0x0041, 0x0041,
	0x0041, 0x0041, 0x0041, 0x0041, 0x0041, 0x0041, 0x0041, 0x0041, 0x0041, 0x0041, 0x0041, 0x0041,
	0x0041, 0x0041, 0x0041, 0x0041, 0x0041, 0x0041, 0x0041, 0x0041, 0x0041, 0x0041, 0x0041, 0x0041,
	0x0041, 0x0041, 0x0041, 0x0041, 0x0041, 0x0041, 0x0041, 0x0041, 0x0041, 0x0041, 0x0041, 0x0041,
	0x0041, 0x0041, 0x0041, 0x0041, 0x0041, 0x0041, 0x0041, 0x0041, 0x0041, 0x0041, 0x0041, 0x0041,
	0x0041, 0x0041, 0x0041, 0x0041, 0x0041, 0x0041, 0x0041, 0x0041, 0x0041, 0x0041, 0x0041, 0x0041,
	0x0041, 0x0041, 0x0041, 0x52EB, 0x52EB, 0x0041, 0x0041, 0x0041, 0x0041, 0x0041, 0x0041, 0x0041,
	0x0041, 0x0041, 0x0041, 0x0041, 0x0041, 0x0041, 0x0041, 0x0041, 0x0041, 0x0041, 0x0041, 0x0041,
	0x0041, 0x0041, 0x0041, 0x0041, 0x0041, 0x0041, 0x0041, 0x0041, 0x0041, 0x0041, 0x0041, 0x0041,
	0x0041, 0x0041, 0x0041, 0x0041, 0x0041, 0x0041, 0x0041, 0x0041, 0x0041, 0x0041, 0x0041, 0x0041,
	0x0041, 0x0041, 0x0041, 0x0041, 0x0041, 0x0041, 0x0041, 0x0041, 0x0041, 0x0041, 0x0041, 0x0041,
	0x0041, 0x0041, 0x0041, 0x0041, 0x0041, 0x0041, 0x0041, 0x0041, 0x0041, 0x0041, 0x0041, 0x0041,
	0x0041, 0x0041, 0x0041, 0x0041, 0x0041, 0x0041, 0x0041, 0x0041, 0x0041, 0x0041, 0x0041, 0x0041,
	0x0041, 0x0041, 0x0041, 0x0041, 0x0041, 0x0041, 0x0041, 0x0041, 0x0041, 0x0041, 0x0041, 0x0041,
	0x0041, 0x0041, 0x0041, 0x0041, 0x0041, 0x0041, 0x0041, 0x0041, 0x0041, 0x0041, 0x0041, 0x0041,
	0x0041, 0x0041, 0x0041, 0x0041, 0x0041, 0x0041, 0x0041, 0x0041, 0x0041, 0x0041, 0x0041, 0x0041,
	0x0041, 0x0041, 0x0041, 0x0041, 0x0041, 0x0041, 0x0041, 0x0041, 0x0041, 0x0041, 0x0041, 0x0041,
	0x0041, 0x0041, 0x0041, 0x0041, 0x0041, 0x0041, 0x0041, 0x0041, 0x0041, 0x0041, 0x0041, 0x0041,
	0x0041, 0x0041, 0x0041, 0x0041, 0x0041, 0x0041, 0x0041, 0x0041, 0x0041, 0x0041, 0x0041, 0x0041,
	0x0041, 0x0041, 0x0041, 0x0041, 0x0041, 0x0041, 0x0041, 0x0041, 0x0041, 0x0041, 0x0041, 0x0041,
	0x0041, 0x0041, 0x0041, 0x0041, 0x0041, 0x0041, 0x0041, 0x0041, 0x0041, 0x0041, 0x0041, 0x0041,
	0x0041, 0x0041, 0x0041, 0x0041, 0x0041, 0x0041, 0x0041, 0x0041, 0x0041, 0x0041, 0x0041, 0x0041,
	0x0041, 0x0041, 0x0041, 0x0041, 0x0041, 0x0041, 0x0041, 0x0041, 0x0041, 0x0041, 0x0041, 0x0041,
	0x0041, 0x0041, 0x0041, 0x0041, 0x0041, 0x0041, 0x0041, 0x0041, 0x0041, 0x0041, 0x0041, 0x0041,
	0x0041, 0x0041, 0x0041, 0x0041, 0x0041, 0x0041, 0x0041, 0x0041, 0x0041, 0x0041, 0x0041, 0x0041,
	0x0041, 0x0041, 0x0041, 0x0041, 0x0041, 0x0041, 0x0041, 0x0041, 0x0041, 0x0041, 0x0041, 0x0041,
	0x0041, 0x52EB, 0x52EB, 0x0041, 0x0041, 0x0041, 0x0041, 0x0041, 0x0041, 0x0041, 0x0041, 0x0041,
	0x0041, 0x0041, 0x0041, 0x0041, 0x0041, 0x0041, 0x0041, 0x0041, 0x0041, 0x0041, 0x0041, 0x0041,
	0x0041, 0x0041, 0x0041, 0x0041, 0x0041, 0x0041, 0x0041, 0x0041, 0x0041, 0x0041, 0x0041, 0x0041,
	0x0041, 0x0041, 0x0041, 0x0041, 0x0041, 0x0041, 0x0041, 0x0041, 0x0041, 0x0041, 0x0041, 0x0041,
	0x0041, 0x0041, 0x0041, 0x0041, 0x0041, 0x0041, 0x0041, 0x0041, 0x0041, 0x0041, 0x0041, 0x0041,
	0x0041, 0x0041, 0x0041, 0x0041, 0x0041, 0x0041, 0x0041, 0x0041, 0x0041, 0x0041, 0x0041, 0x0041,
	0x0041, 0x0041, 0x0041, 0x0041, 0x0041, 0x0041, 0x0041, 0x0041, 0x0041, 0x0041, 0x0041, 0x0041,
	0x0041, 0x0041, 0x0041, 0x0041, 0x0041, 0x0041, 0x0041, 0x0041, 0x0041, 0x0041, 0x0041, 0x0041,
	0x0041, 0x0041, 0x0041, 0x0041, 0x0041, 0x0041, 0x0041, 0x0041, 0x0041, 0x0041, 0x0041, 0x0041,
	0x0041, 0x0041, 0x0041, 0x0041, 0x0041, 0x0041, 0x0041, 0x0041, 0x0041, 0x0041, 0x0041, 0x0041,
	0x0041, 0x0041, 0x0041, 0x0041, 0x0041, 0x0041, 0x0041, 0x0041, 0x0041, 0x0041, 0x0041, 0x0041,
	0x0041, 0x0041, 0x0041, 0x0041, 0x0041, 0x0041, 0x0041, 0x0041, 0x0041, 0x0041, 0x0041, 0x0041,
	0x0041, 0x0041, 0x0041, 0x0041, 0x0041, 0x0041, 0x0041, 0x0041, 0x0041, 0x0041, 0x0041, 0x0041,
	0x0041, 0x0041, 0x0041, 0x0041, 0x0041, 0x0041, 0x0041, 0x0041, 0x0041, 0x0041, 0x0041, 0x0041,
	0x0041, 0x0041, 0x0041, 0x0041, 0x0041, 0x0041, 0x0041, 0x0041, 0x0041, 0x0041, 0x0041, 0x0041,
	0x0041, 0x0041, 0x0041, 0x0041, 0x0041, 0x0041, 0x0041, 0x0041, 0x0041, 0x0041, 0x0041, 0x0041,
	0x0041, 0x0041, 0x0041, 0x0041, 0x0041, 0x0041, 0x0041, 0x0041, 0x0041, 0x0041, 0x0041, 0x0041,
	0x0041, 0x0041, 0x0041, 0x0041, 0x0041, 0x0041, 0x0041, 0x0041, 0x0041, 0x0041, 0x0041, 0x0041,
	0x0041, 0x0041, 0x0041, 0x0041, 0x0041, 0x0041, 0x0041, 0x0041, 0x0041, 0x0041, 0x0041, 0x0041,
	0x0041, 0x0041, 0x0041, 0x0041, 0x0041, 0x0041, 0x0041, 0x0041, 0x0041, 0x0041, 0x0041, 0x52EB,
	0x52EB, 0x0041, 0x0041, 0x0041, 0x0041, 0x0041, 0x0041, 0x0041, 0x0041, 0x0041, 0x0041, 0x0041,
	0x0041, 0x0041, 0x0041, 0x0041, 0x0041, 0x0041, 0x0041, 0x0041, 0x0041, 0x0041, 0x0041, 0x0041,
	0x0041, 0x0041, 0x0041, 0x0041, 0x0041, 0x0041, 0x0041, 0x0041, 0x0041, 0x0041, 0x0041, 0x0041,
	0x0041, 0x0041, 0x0041, 0x0041, 0x0041, 0x0041, 0x0041, 0x0041, 0x0041, 0x0041, 0x0041, 0x0041,
	0x0041, 0x0041, 0x0041, 0x0041, 0x0041, 0x0041, 0x0041, 0x0041, 0x0041, 0x0041, 0x0041, 0x0041,
	0x0041, 0x0041, 0x0041, 0x0041, 0x0041, 0x0041, 0x0041, 0x0041, 0x0041, 0x0041, 0x0041, 0x0041,
	0x0041, 0x0041, 0x0041, 0x0041, 0x0041, 0x0041, 0x0041, 0x0041, 0x0041, 0x0041, 0x0041, 0x0041,
	0x0041, 0x0041, 0x0041, 0x0041, 0x0041, 0x0041, 0x0041, 0x0041, 0x0041, 0x0041, 0x0041, 0x0041,
	0x0041, 0x0041, 0x0041, 0x0041, 0x0041, 0x0041, 0x0041, 0x0041, 0x0041, 0x0041, 0x0041, 0x0041,
	0x0041, 0x0041, 0x0041, 0x0041, 0x0041, 0x0041, 0x0041, 0x0041, 0x0041, 0x0041, 0x0041, 0x0041,
	0x0041, 0x0041, 0x0041, 0x0041, 0x0041, 0x0041, 0x0041, 0x0041, 0x0041, 0x0041, 0x0041, 0x0041,
	0x0041, 0x0041, 0x0041, 0x0041, 0x0041, 0x0041, 0x0041, 0x0041, 0x0041, 0x0041, 0x0041, 0x0041,
	0x0041, 0x0041, 0x0041, 0x0041, 0x0041, 0x0041, 0x0041, 0x0041, 0x0041, 0x0041, 0x0041, 0x0041,
	0x0041, 0x0041, 0x0041, 0x0041, 0x0041, 0x0041, 0x0041, 0x0041, 0x0041, 0x0041, 0x0041, 0x0041,
	0x0041, 0x0041, 0x0041, 0x0041, 0x0041, 0x0041, 0x0041, 0x0041, 0x0041, 0x0041, 0x0041, 0x0041,
	0x0041, 0x0041, 0x0041, 0x0041, 0x0041, 0x0041, 0x0041, 0x0041, 0x0041, 0x0041, 0x0041, 0x0041,
	0x0041, 0x0041, 0x0041, 0x0041, 0x0041, 0x0041, 0x0041, 0x0041, 0x0041, 0x0041, 0x0041, 0x0041,
	0x0041, 0x0041, 0x0041, 0x0041, 0x0041, 0x0041, 0x0041, 0x0041, 0x0041, 0x0041, 0x0041, 0x0041,
	0x0041, 0x0041, 0x0041, 0x0041, 0x0041, 0x0041, 0x0041, 0x0041, 0x0041, 0x0041, 0x0041, 0x0041,
	0x0041, 0x0041, 0x0041, 0x0041, 0x0041, 0x0041, 0x0041, 0x0041, 0x0041, 0x52EB, 0x52EB, 0x0041,
	0x0041, 0x0041, 0x0041, 0x0041, 0x0041, 0x0041, 0x0041, 0x0041, 0x0041, 0x0041, 0x0041, 0x0041,
	0x0041, 0x0041, 0x0041, 0x0041, 0x0041, 0x0041, 0x0041, 0x0041, 0x0041, 0x0041, 0x0041, 0x0041,
	0x0041, 0x0041, 0x0041, 0x0041, 0x0041, 0x0041, 0x0041, 0x0041, 0x0041, 0x0041, 0x0041, 0x0041,
	0x0041, 0x0041, 0x0041, 0x0041, 0x0041, 0x0041, 0x0041, 0x0041, 0x0041, 0x0041, 0x0041, 0x0041,
	0x0041, 0x0041, 0x0041, 0x0041, 0x0041, 0x0041, 0x0041, 0x0041, 0x0041, 0x0041, 0x0041, 0x0041,
	0x0041, 0x0041, 0x0041, 0x0041, 0x0041, 0x0041, 0x0041, 0x0041, 0x0041, 0x0041, 0x0041, 0x0041,
	0x0041, 0x0041, 0x0041, 0x0041, 0x0041, 0x0041, 0x0041, 0x0041, 0x0041, 0x0041, 0x0041, 0x0041,
	0x0041, 0x0041, 0x0041, 0x0041, 0x0041, 0x0041, 0x0041, 0x0041, 0x0041, 0x0041, 0x0041, 0x0041,
	0x0041, 0x0041, 0x0041, 0x0041, 0x0041, 0x0041, 0x0041, 0x0041, 0x0041, 0x0041, 0x0041, 0x0041,
	0x0041, 0x0041, 0x0041, 0x0041, 0x0041, 0x0041, 0x0041, 0x0041, 0x0041, 0x0041, 0x0041, 0x0041,
	0x0041, 0x0041, 0x0041, 0x0041, 0x0041, 0x0041, 0x0041, 0x0041, 0x0041, 0x0041, 0x0041, 0x0041,
	0x0041, 0x0041, 0x0041, 0x0041, 0x0041, 0x0041, 0x0041, 0x0041, 0x0041, 0x0041, 0x0041, 0x0041,
	0x0041, 0x0041, 0x0041, 0x0041, 0x0041, 0x0041, 0x0041, 0x0041, 0x0041, 0x0041, 0x0041, 0x0041,
	0x0041, 0x0041, 0x0041, 0x0041, 0x0041, 0x0041, 0x0041, 0x0041, 0x0041, 0x0041, 0x0041, 0x0041,
	0x0041, 0x0041, 0x0041, 0x0041, 0x0041, 0x0041, 0x0041, 0x0041, 0x0041, 0x0041, 0x0041, 0x0041,
	0x0041, 0x0041, 0x0041, 0x0041, 0x0041, 0x0041, 0x0041, 0x0041, 0x0041, 0x0041, 0x0041, 0x0041,
	0x0041, 0x0041, 0x0041, 0x0041, 0x0041, 0x0041, 0x0041, 0x0041, 0x0041, 0x0041, 0x0041, 0x0041,
	0x0041, 0x0041, 0x0041, 0x0041, 0x0041, 0x0041, 0x0041, 0x0041, 0x0041, 0x0041, 0x0041, 0x0041,
	0x0041, 0x0041, 0x0041, 0x0041, 0x0041, 0x0041, 0x0041, 0x0041, 0x0041, 0x0041, 0x0041, 0x0041,
	0x0041, 0x0041, 0x0041, 0x0041, 0x0041, 0x0041, 0x0041, 0x52EB, 0x52EB, 0x0041, 0x0041, 0x0041,
	0x0041, 0x0041, 0x0041, 0x0041, 0x0041, 0x0041, 0x0041, 0x0041, 0x0041, 0x0041, 0x0041, 0x0041,
	0x0041, 0x0041, 0x0041, 0x0041, 0x0041, 0x0041, 0x0041, 0x0041, 0x0041, 0x0041, 0x0041, 0x0041,
	0x0041, 0x0041, 0x0041, 0x0041, 0x0041, 0x0041, 0x0041, 0x0041, 0x0041, 0x0041, 0x0041, 0x0041,
	0x0041, 0x0041, 0x0041, 0x0041, 0x0041, 0x0041, 0x0041, 0x0041, 0x0041, 0x0041, 0x0041, 0x0041,
	0x0041, 0x0041, 0x0041, 0x0041, 0x0041, 0x0041, 0x0041, 0x0041, 0x0041, 0x0041, 0x0041, 0x0041,
	0x0041, 0x0041, 0x0041, 0x0041, 0x0041, 0x0041, 0x0041, 0x0041, 0x0041, 0x0041, 0x0041, 0x0041,
	0x0041, 0x0041, 0x0041, 0x0041, 0x0041, 0x0041, 0x0041, 0x0041, 0x0041, 0x0041, 0x0041, 0x0041,
	0x0041, 0x0041, 0x0041, 0x0041, 0x0041, 0x0041, 0x0041, 0x0041, 0x0041, 0x0041, 0x0041, 0x0041,
	0x0041, 0x0041, 0x0041, 0x0041, 0x0041, 0x0041, 0x0041, 0x0041, 0x0041, 0x0041, 0x0041, 0x0041,
	0x0041, 0x0041, 0x0041, 0x0041, 0x0041, 0x0041, 0x0041, 0x0041, 0x0041, 0x0041, 0x0041, 0x0041,
	0x0041, 0x0041, 0x0041, 0x0041, 0x0041, 0x0041, 0x0041, 0x0041, 0x0041, 0x0041, 0x0041, 0x0041,
	0x0041, 0x0041, 0x0041, 0x0041, 0x0041, 0x0041, 0x0041, 0x0041, 0x0041, 0x0041, 0x0041, 0x0041,
	0x0041, 0x0041, 0x0041, 0x0041, 0x0041, 0x0041, 0x0041, 0x0041, 0x0041, 0x0041, 0x0041, 0x0041,
	0x0041, 0x0041, 0x0041, 0x0041, 0x0041, 0x0041, 0x0041, 0x0041, 0x0041, 0x0041, 0x0041, 0x0041,
	0x0041, 0x0041, 0x0041, 0x0041, 0x0041, 0x0041, 0x0041, 0x0041, 0x0041, 0x0041, 0x0041, 0x0041,
	0x0041, 0x0041, 0x0041, 0x0041, 0x0041, 0x0041, 0x0041, 0x0041, 0x0041, 0x0041, 0x0041, 0x0041,
	0x0041, 0x0041, 0x0041, 0x0041, 0x0041, 0x0041, 0x0041, 0x0041, 0x0041, 0x0041, 0x0041, 0x0041,
	0x0041, 0x0041, 0x0041, 0x0041, 0x0041, 0x0041, 0x0041, 0x0041, 0x0041, 0x0041, 0x0041, 0x0041,
	0x0041, 0x0041, 0x0041, 0x0041, 0x0041, 0x0041, 0x0041, 0x0041, 0x0041, 0x0041, 0x0041, 0x0041,
	0x0041, 0x0041, 0x0041, 0x0041, 0x0041, 0x52EB, 0x52EB, 0x0041, 0x0041, 0x0041, 0x0041, 0x0041,
	0x0041, 0x0041, 0x0041, 0x0041, 0x0041, 0x0041, 0x0041, 0x0041, 0x0041, 0x0041, 0x0041, 0x0041,
	0x0041, 0x0041, 0x0041, 0x0041, 0x0041, 0x0041, 0x0041, 0x0041, 0x0041, 0x0041, 0x0041, 0x0041,
	0x0041, 0x0041, 0x0041, 0x0041, 0x0041, 0x0041, 0x0041, 0x0041, 0x0041, 0x0041, 0x0041, 0x0041,
	0x0041, 0x0041, 0x0041, 0x0041, 0x0041, 0x0041, 0x0041, 0x0041, 0x0041, 0x0041, 0x0041, 0x0041,
	0x0041, 0x0041, 0x0041, 0x0041, 0x0041, 0x0041, 0x0041, 0x0041, 0x0041, 0x0041, 0x0041, 0x0041,
	0x0041, 0x0041, 0x0041, 0x0041, 0x0041, 0x0041, 0x0041, 0x0041, 0x0041, 0x0041, 0x0041, 0x0041,
	0x0041, 0x0041, 0x0041, 0x0041, 0x0041, 0x0041, 0x0041, 0x0041, 0x0041, 0x0041, 0x0041, 0x0041,
	0x0041, 0x0041, 0x0041, 0x0041, 0x0041, 0x0041, 0x0041, 0x0041, 0x0041, 0x0041, 0x0041, 0x0041,
	0x0041, 0x0041, 0x0041, 0x0041, 0x0041, 0x0041, 0x0041, 0x0041, 0x0041, 0x0041, 0x0041, 0x0041,
	0x0041, 0x0041, 0x0041, 0x0041, 0x0041, 0x0041, 0x0041, 0x0041, 0x0041, 0x0041, 0x0041, 0x0041,
	0x0041, 0x0041, 0x0041, 0x0041, 0x0041, 0x0041, 0x0041, 0x0041, 0x0041, 0x0041, 0x0041, 0x0041,
	0x0041, 0x0041, 0x0041, 0x0041, 0x0041, 0x0041, 0x0041, 0x0041, 0x0041, 0x0041, 0x0041, 0x0041,
	0x0041, 0x0041, 0x0041, 0x0041, 0x0041, 0x0041, 0x0041, 0x0041, 0x0041, 0x0041, 0x0041, 0x0041,
	0x0041, 0x0041, 0x0041, 0x0041, 0x0041, 0x0041, 0x0041, 0x0041, 0x0041, 0x0041, 0x0041, 0x0041,
	0x0041, 0x0041, 0x0041, 0x0041, 0x0041, 0x0041, 0x0041, 0x0041, 0x0041, 0x0041, 0x0041, 0x0041,
	0x0041, 0x0041, 0x0041, 0x0041, 0x0041, 0x0041, 0x0041, 0x0041, 0x0041, 0x0041, 0x0041, 0x0041,
	0x0041, 0x0041, 0x0041, 0x0041, 0x0041, 0x0041, 0x0041, 0x0041, 0x0041, 0x0041, 0x0041, 0x0041,
	0x0041, 0x0041, 0x0041, 0x0041, 0x0041, 0x0041, 0x0041, 0x0041, 0x0041, 0x0041, 0x0041, 0x0041,
	0x0041, 0x0041, 0x0041, 0x0041, 0x0041, 0x0041, 0x0041, 0x0041, 0x0041, 0x0041, 0x0041, 0x0041,
	0x0041, 0x0041, 0x0041, 0x52EB, 0x52EB, 0x0041, 0x0041, 0x0041, 0x0041, 0x0041, 0x0041, 0x0041,
	0x0041, 0x0041, 0x0041, 0x0041, 0x0041, 0x0041, 0x0041, 0x0041, 0x0041, 0x0041, 0x0041, 0x0041,
	0x0041, 0x0041, 0x0041, 0x0041, 0x0041, 0x0041, 0x0041, 0x0041, 0x0041, 0x0041, 0x0041, 0x0041,
	0x0041, 0x0041, 0x0041, 0x0041, 0x0041, 0x0041, 0x0041, 0x0041, 0x0041, 0x0041, 0x0041, 0x0041,
	0x0041, 0x0041, 0x0041, 0x0041, 0x0041, 0x0041, 0x0041, 0x0041, 0x0041, 0x0041, 0x0041, 0x0041,
	0x0041, 0x0041, 0x0041, 0x0041, 0x0041, 0x0041, 0x0041, 0x0041, 0x0041, 0x0041, 0x0041, 0x0041,
	0x0041, 0x0041, 0x0041, 0x0041, 0x0041, 0x0041, 0x0041, 0x0041, 0x0041, 0x0041, 0x0041, 0x0041,
	0x0041, 0x0041, 0x0041, 0x0041, 0x0041, 0x0041, 0x0041, 0x0041, 0x0041, 0x0041, 0x0041, 0x0041,
	0x0041, 0x0041, 0x0041, 0x0041, 0x0041, 0x0041, 0x0041, 0x0041, 0x0041, 0x0041, 0x0041, 0x0041,
	0x0041, 0x0041, 0x0041, 0x0041, 0x0041, 0x0041, 0x0041, 0x0041, 0x0041, 0x0041, 0x0041, 0x0041,
	0x0041, 0x0041, 0x0041, 0x0041, 0x0041, 0x0041, 0x0041, 0x0041, 0x0041, 0x0041, 0x0041, 0x0041,
	0x0041, 0x0041, 0x0041, 0x0041, 0x0041, 0x0041, 0x0041, 0x0041, 0x0041, 0x0041, 0x0041, 0x0041,
	0x0041, 0x0041, 0x0041, 0x0041, 0x0041, 0x0041, 0x0041, 0x0041, 0x0041, 0x0041, 0x0041, 0x0041,
	0x0041, 0x0041, 0x0041, 0x0041, 0x0041, 0x0041, 0x0041, 0x0041, 0x0041, 0x0041, 0x0041, 0x0041,
	0x0041, 0x0041, 0x0041, 0x0041, 0x0041, 0x0041, 0x0041, 0x0041, 0x0041, 0x0041, 0x0041, 0x0041,
	0x0041, 0x0041, 0x0041, 0x0041, 0x0041, 0x0041, 0x0041, 0x0041, 0x0041, 0x0041, 0x0041, 0x0041,
	0x0041, 0x0041, 0x0041, 0x0041, 0x0041, 0x0041, 0x0041, 0x0041, 0x0041, 0x0041, 0x0041, 0x0041,
	0x0041, 0x0041, 0x0041, 0x0041, 0x0041, 0x0041, 0x0041, 0x0041, 0x0041, 0x0041, 0x0041, 0x0041,
	0x0041, 0x0041, 0x0041, 0x0041, 0x0041, 0x0041, 0x0041, 0x0041, 0x0041, 0x0041, 0x0041, 0x0041,
	0x0041, 0x0041, 0x0041, 0x0041, 0x0041, 0x0041, 0x0041, 0x0041, 0x0041, 0x0041, 0x0041, 0x0041,
	0x0041, 0x52EB, 0x52EB, 0x0041, 0x0041, 0x0041, 0x0041, 0x0041, 0x0041, 0x0041, 0x0041, 0x0041,
	0x0041, 0x0041, 0x0041, 0x0041, 0x0041, 0x0041, 0x0041, 0x0041, 0x0041, 0x0041, 0x0041, 0x0041,
	0x0041, 0x0041, 0x0041, 0x0041, 0x0041, 0x0041, 0x0041, 0x0041, 0x0041, 0x0041, 0x0041, 0x0041,
	0x0041, 0x0041, 0x0041, 0x0041, 0x0041, 0x0041, 0x0041, 0x0041, 0x0041, 0x0041, 0x0041, 0x0041,
	0x0041, 0x0041, 0x0041, 0x0041, 0x0041, 0x0041, 0x0041, 0x0041, 0x0041, 0x0041, 0x0041, 0x0041,
	0x0041, 0x0041, 0x0041, 0x0041, 0x0041, 0x0041, 0x0041, 0x0041, 0x0041, 0x0041, 0x0041, 0x0041,
	0x0041, 0x0041, 0x0041, 0x0041, 0x0041, 0x0041, 0x0041, 0x0041, 0x0041, 0x0041, 0x0041, 0x0041,
	0x0041, 0x0041, 0x0041, 0x0041, 0x0041, 0x0041, 0x0041, 0x0041, 0x0041, 0x0041, 0x0041, 0x0041,
	0x0041, 0x0041, 0x0041, 0x0041, 0x0041, 0x0041, 0x0041, 0x0041, 0x0041, 0x0041, 0x0041, 0x0041,
	0x0041, 0x0041, 0x0041, 0x0041, 0x0041, 0x0041, 0x0041, 0x0041, 0x0041, 0x0041, 0x0041, 0x0041,
	0x0041, 0x0041, 0x0041, 0x0041, 0x0041, 0x0041, 0x0041, 0x0041, 0x0041, 0x0041, 0x0041, 0x0041,
	0x0041, 0x0041, 0x0041, 0x0041, 0x0041, 0x0041, 0x0041, 0x0041, 0x0041, 0x0041, 0x0041, 0x0041,
	0x0041, 0x0041, 0x0041, 0x0041, 0x0041, 0x0041, 0x0041, 0x0041, 0x0041, 0x0041, 0x0041, 0x0041,
	0x0041, 0x0041, 0x0041, 0x0041, 0x0041, 0x0041, 0x0041, 0x0041, 0x0041, 0x0041, 0x0041, 0x0041,
	0x0041, 0x0041, 0x0041, 0x0041, 0x0041, 0x0041, 0x0041, 0x0041, 0x0041, 0x0041, 0x0041, 0x0041,
	0x0041, 0x0041, 0x0041, 0x0041, 0x0041, 0x0041, 0x0041, 0x0041, 0x0041, 0x0041, 0x0041, 0x0041,
	0x0041, 0x0041, 0x0041, 0x0041, 0x0041, 0x0041, 0x0041, 0x0041, 0x0041, 0x0041, 0x0041, 0x0041,
	0x0041, 0x0041, 0x0041, 0x0041, 0x0041, 0x0041, 0x0041, 0x0041, 0x0041, 0x0041, 0x0041, 0x0041,
	0x0041, 0x0041, 0x0041, 0x0041, 0x0041, 0x0041, 0x0041, 0x0041, 0x0041, 0x0041, 0x0041, 0x0041,
	0x0041, 0x0041, 0x0041, 0x0041, 0x0041, 0x0041, 0x0041, 0x0041, 0x0041, 0x0041, 0x0041, 0x52EB,
	0x52EB, 0x0041, 0x0041, 0x0041, 0x0041, 0x0041, 0x0041, 0x0041, 0x0041, 0x0041, 0x0041, 0x0041,
	0x0041, 0x0041, 0x0041, 0x0041, 0x0041, 0x0041, 0x0041, 0x0041, 0x0041, 0x0041, 0x0041, 0x0041,
	0x0041, 0x0041, 0x0041, 0x0041, 0x0041, 0x0041, 0x0041, 0x0041, 0x0041, 0x0041, 0x0041, 0x0041,
	0x0041, 0x0041, 0x0041, 0x0041, 0x0041, 0x0041, 0x0041, 0x0041, 0x0041, 0x0041, 0x0041, 0x0041,
	0x0041, 0x0041, 0x0041, 0x0041, 0x0041, 0x0041, 0x0041, 0x0041, 0x0041, 0x0041, 0x0041, 0x0041,
	0x0041, 0x0041, 0x0041, 0x0041, 0x0041, 0x0041, 0x0041, 0x0041, 0x0041, 0x0041, 0x0041, 0x0041,
	0x0041, 0x0041, 0x0041, 0x0041, 0x0041, 0x0041, 0x0041, 0x0041, 0x0041, 0x0041, 0x0041, 0x0041,
	0x0041, 0x0041, 0x0041, 0x0041, 0x0041, 0x0041, 0x0041, 0x0041, 0x0041, 0x0041, 0x0041, 0x0041,
	0x0041, 0x0041, 0x0041, 0x0041, 0x0041, 0x0041, 0x0041, 0x0041, 0x0041, 0x0041, 0x0041, 0x0041,
	0x0041, 0x0041, 0x0041, 0x0041, 0x0041, 0x0041, 0x0041, 0x0041, 0x0041, 0x0041, 0x0041, 0x0041,
	0x0041, 0x0041, 0x0041, 0x0041, 0x0041, 0x0041, 0x0041, 0x0041, 0x0041, 0x0041, 0x0041, 0x0041,
	0x0041, 0x0041, 0x0041, 0x0041, 0x0041, 0x0041, 0x0041, 0x0041, 0x0041, 0x0041, 0x0041, 0x0041,
	0x0041, 0x0041, 0x0041, 0x0041, 0x0041, 0x0041, 0x0041, 0x0041, 0x0041, 0x0041, 0x0041, 0x0041,
	0x0041, 0x0041, 0x0041, 0x0041, 0x0041, 0x0041, 0x0041, 0x0041, 0x0041, 0x0041, 0x0041, 0x0041,
	0x0041, 0x0041, 0x0041, 0x0041, 0x0041, 0x0041, 0x0041, 0x0041, 0x0041, 0x0041, 0x0041, 0x0041,
	0x0041, 0x0041, 0x0041, 0x0041, 0x0041, 0x0041, 0x0041, 0x0041, 0x0041, 0x0041, 0x0041, 0x0041,
	0x0041, 0x0041, 0x0041, 0x0041, 0x0041, 0x0041, 0x0041, 0x0041, 0x0041, 0x0041, 0x0041, 0x0041,
	0x0041, 0x0041, 0x0041, 0x0041, 0x0041, 0x0041, 0x0041, 0x0041, 0x0041, 0x0041, 0x0041, 0x0041,
	0x0041, 0x0041, 0x0041, 0x0041, 0x0041, 0x0041, 0x0041, 0x0041, 0x0041, 0x0041, 0x0041, 0x0041,
	0x0041, 0x0041, 0x0041, 0x0041, 0x0041, 0x0041, 0x0041, 0x0041, 0x0041, 0x52EB, 0x52EB, 0x0041,
	0x0041, 0x0041, 0x0041, 0x0041, 0x0041, 0x0041, 0x0041, 0x0041, 0x0041, 0x0041, 0x0041, 0x0041,
	0x0041, 0x0041, 0x0041, 0x0041, 0x0041, 0x0041, 0x0041, 0x0041, 0x0041, 0x0041, 0x0041, 0x0041,
	0x0041, 0x0041, 0x0041, 0x0041, 0x0041, 0x0041, 0x0041, 0x0041, 0x0041, 0x0041, 0x0041, 0x0041,
	0x0041, 0x0041, 0x0041, 0x0041, 0x0041, 0x0041, 0x0041, 0x0041, 0x0041, 0x0041, 0x0041, 0x0041,
	0x0041, 0x0041, 0x0041, 0x0041, 0x0041, 0x0041, 0x0041, 0x0041, 0x0041, 0x0041, 0x0041, 0x0041,
	0x0041, 0x0041, 0x0041, 0x0041, 0x0041, 0x0041, 0x0041, 0x0041, 0x0041, 0x0041, 0x0041, 0x0041,
	0x0041, 0x0041, 0x0041, 0x0041, 0x0041, 0x0041, 0x0041, 0x0041, 0x0041, 0x0041, 0x0041, 0x0041,
	0x0041, 0x0041, 0x0041, 0x0041, 0x0041, 0x0041, 0x0041, 0x0041, 0x0041, 0x0041, 0x0041, 0x0041,
	0x0041, 0x0041, 0x0041, 0x0041, 0x0041, 0x0041, 0x0041, 0x0041, 0x0041, 0x0041, 0x0041, 0x0041,
	0x0041, 0x0041, 0x0041, 0x0041, 0x0041, 0x0041, 0x0041, 0x0041, 0x0041, 0x0041, 0x0041, 0x0041,
	0x0041, 0x0041, 0x0041, 0x0041, 0x0041, 0x0041, 0x0041, 0x0041, 0x0041, 0x0041, 0x0041, 0x0041,
	0x0041, 0x0041, 0x0041, 0x0041, 0x0041, 0x0041, 0x0041, 0x0041, 0x0041, 0x0041, 0x0041, 0x0041,
	0x0041, 0x0041, 0x0041, 0x0041, 0x0041, 0x0041, 0x0041, 0x0041, 0x0041, 0x0041, 0x0041, 0x0041,
	0x0041, 0x0041, 0x0041, 0x0041, 0x0041, 0x0041, 0x0041, 0x0041, 0x0041, 0x0041, 0x0041, 0x0041,
	0x0041, 0x0041, 0x0041, 0x0041, 0x0041, 0x0041, 0x0041, 0x0041, 0x0041, 0x0041, 0x0041, 0x0041,
	0x0041, 0x0041, 0x0041, 0x0041, 0x0041, 0x0041, 0x0041, 0x0041, 0x0041, 0x0041, 0x0041, 0x0041,
	0x0041, 0x0041, 0x0041, 0x0041, 0x0041, 0x0041, 0x0041, 0x0041, 0x0041, 0x0041, 0x0041, 0x0041,
	0x0041, 0x0041, 0x0041, 0x0041, 0x0041, 0x0041, 0x0041, 0x0041, 0x0041, 0x0041, 0x0041, 0x0041,
	0x0041, 0x0041, 0x0041, 0x0041, 0x0041, 0x0041, 0x0041, 0x0041, 0x0041, 0x0041, 0x0041, 0x0041,
	0x0041, 0x0041, 0x0041, 0x0041, 0x0041, 0x0041, 0x0041, 0x52EB, 0x52EB, 0x0041, 0x0041, 0x0041,
	0x0041, 0x0041, 0x0041, 0x0041, 0x0041, 0x0041, 0x0041, 0x0041, 0x0041, 0x0041, 0x0041, 0x0041,
	0x0041, 0x0041, 0x0041, 0x0041, 0x0041, 0x0041, 0x0041, 0x0041, 0x0041, 0x0041, 0x0041, 0x0041,
	0x0041, 0x0041, 0x0041, 0x0041, 0x0041, 0x0041, 0x0041, 0x0041, 0x0041, 0x0041, 0x0041, 0x0041,
	0x0041, 0x0041, 0x0041, 0x0041, 0x0041, 0x0041, 0x0041, 0x0041, 0x0041, 0x0041, 0x0041, 0x0041,
	0x0041, 0x0041, 0x0041, 0x0041, 0x0041, 0x0041, 0x0041, 0x0041, 0x0041, 0x0041, 0x0041, 0x0041,
	0x0041, 0x0041, 0x0041, 0x0041, 0x0041, 0x0041, 0x0041, 0x0041, 0x0041, 0x0041, 0x0041, 0x0041,
	0x0041, 0x0041, 0x0041, 0x0041, 0x0041, 0x0041, 0x0041, 0x0041, 0x0041, 0x0041, 0x0041, 0x0041,
	0x0041, 0x0041, 0x0041, 0x0041, 0x0041, 0x0041, 0x0041, 0x0041, 0x0041, 0x0041, 0x0041, 0x0041,
	0x0041, 0x0041, 0x0041, 0x0041, 0x0041, 0x0041, 0x0041, 0x0041, 0x0041, 0x0041, 0x0041, 0x0041,
	0x0041, 0x0041, 0x0041, 0x0041, 0x0041, 0x0041, 0x0041, 0x0041, 0x0041, 0x0041, 0x0041, 0x0041,
	0x0041, 0x0041, 0x0041, 0x0041, 0x0041, 0x0041, 0x0041, 0x0041, 0x0041, 0x0041, 0x0041, 0x0041,
	0x0041, 0x0041, 0x0041, 0x0041, 0x0041, 0x0041, 0x0041, 0x0041, 0x0041, 0x0041, 0x0041, 0x0041,
	0x0041, 0x0041, 0x0041, 0x0041, 0x0041, 0x0041, 0x0041, 0x0041, 0x0041, 0x0041, 0x0041, 0x0041,
	0x0041, 0x0041, 0x0041, 0x0041, 0x0041, 0x0041, 0x0041, 0x0041, 0x0041, 0x0041, 0x0041, 0x0041,
	0x0041, 0x0041, 0x0041, 0x0041, 0x0041, 0x0041, 0x0041, 0x0041, 0x0041, 0x0041, 0x0041, 0x0041,
	0x0041, 0x0041, 0x0041, 0x0041, 0x0041, 0x0041, 0x0041, 0x0041, 0x0041, 0x0041, 0x0041, 0x0041,
	0x0041, 0x0041, 0x0041, 0x0041, 0x0041, 0x0041, 0x0041, 0x0041, 0x0041, 0x0041, 0x0041, 0x0041,
	0x0041, 0x0041, 0x0041, 0x0041, 0x0041, 0x0041, 0x0041, 0x0041, 0x0041, 0x0041, 0x0041, 0x0041,
	0x0041, 0x0041, 0x0041, 0x0041, 0x0041, 0x0041, 0x0041, 0x0041, 0x0041, 0x0041, 0x0041, 0x0041,
	0x0041, 0x0041, 0x0041, 0x0041, 0x0041, 0x52EB, 0x52EB, 0x0041, 0x0041, 0x0041, 0x0041, 0x0041,
	0x0041, 0x0041, 0x0041, 0x0041, 0x0041, 0x0041, 0x0041, 0x0041, 0x0041, 0x0041, 0x0041, 0x0041,
	0x0041, 0x0041, 0x0041, 0x0041, 0x0041, 0x0041, 0x0041, 0x0041, 0x0041, 0x0041, 0x0041, 0x0041,
	0x0041, 0x0041, 0x0041, 0x0041, 0x0041, 0x0041, 0x0041, 0x0041, 0x0041, 0x0041, 0x0041, 0x0041,
	0x0041, 0x0041, 0x0041, 0x0041, 0x0041, 0x0041, 0x0041, 0x0041, 0x0041, 0x0041, 0x0041, 0x0041,
	0x0041, 0x0041, 0x0041, 0x0041, 0x0041, 0x0041, 0x0041, 0x0041, 0x0041, 0x0041, 0x0041, 0x0041,
	0x0041, 0x0041, 0x0041, 0x0041, 0x0041, 0x0041, 0x0041, 0x0041, 0x0041, 0x0041, 0x0041, 0x0041,
	0x0041, 0x0041, 0x0041, 0x0041, 0x0041, 0x0041, 0x0041, 0x0041, 0x0041, 0x0041, 0x0041, 0x0041,
	0x0041, 0x0041, 0x0041, 0x0041, 0x0041, 0x0041, 0x0041, 0x0041, 0x0041, 0x0041, 0x0041, 0x0041,
	0x0041, 0x0041, 0x0041, 0x0041, 0x0041, 0x0041, 0x0041, 0x0041, 0x0041, 0x0041, 0x0041, 0x0041,
	0x0041, 0x0041, 0x0041, 0x0041, 0x0041, 0x0041, 0x0041, 0x0041, 0x0041, 0x0041, 0x0041, 0x0041,
	0x0041, 0x0041, 0x0041, 0x0041, 0x0041, 0x0041, 0x0041, 0x0041, 0x0041, 0x0041, 0x0041, 0x0041,
	0x0041, 0x0041, 0x0041, 0x0041, 0x0041, 0x0041, 0x0041, 0x0041, 0x0041, 0x0041, 0x0041, 0x0041,
	0x0041, 0x0041, 0x0041, 0x0041, 0x0041, 0x0041, 0x0041, 0x0041, 0x0041, 0x0041, 0x0041, 0x0041,
	0x0041, 0x0041, 0x0041, 0x0041, 0x0041, 0x0041, 0x0041, 0x0041, 0x0041, 0x0041, 0x0041, 0x0041,
	0x0041, 0x0041, 0x0041, 0x0041, 0x0041, 0x0041, 0x0041, 0x0041, 0x0041, 0x0041, 0x0041, 0x0041,
	0x0041, 0x0041, 0x0041, 0x0041, 0x0041, 0x0041, 0x0041, 0x0041, 0x0041, 0x0041, 0x0041, 0x0041,
	0x0041, 0x0041, 0x0041, 0x0041, 0x0041, 0x0041, 0x0041, 0x0041, 0x0041, 0x0041, 0x0041, 0x0041,
	0x0041, 0x0041, 0x0041, 0x0041, 0x0041, 0x0041, 0x0041, 0x0041, 0x0041, 0x0041, 0x0041, 0x0041,
	0x0041, 0x0041, 0x0041, 0x0041, 0x0041, 0x0041, 0x0041, 0x0041, 0x0041, 0x0041, 0x0041, 0x0041,
	0x0041, 0x0041, 0x0041, 0x52EB, 0x52EB, 0x0041, 0x0041, 0x0041, 0x0041, 0x0041, 0x0041, 0x0041,
	0x0041, 0x0041, 0x0041, 0x0041, 0x0041, 0x0041, 0x0041, 0x0041, 0x0041, 0x0041, 0x0041, 0x0041,
	0x0041, 0x0041, 0x0041, 0x0041, 0x0041, 0x0041, 0x0041, 0x0041, 0x0041, 0x0041, 0x0041, 0x0041,
	0x0041, 0x0041, 0x0041, 0x0041, 0x0041, 0x0041, 0x0041, 0x0041, 0x0041, 0x0041, 0x0041, 0x0041,
	0x0041, 0x0041, 0x0041, 0x0041, 0x0041, 0x0041, 0x0041, 0x0041, 0x0041, 0x0041, 0x0041, 0x0041,
	0x0041, 0x0041, 0x0041, 0x0041, 0x0041, 0x0041, 0x0041, 0x0041, 0x0041, 0x0041, 0x0041, 0x0041,
	0x0041, 0x0041, 0x0041, 0x0041, 0x0041, 0x0041, 0x0041, 0x0041, 0x0041, 0x0041, 0x0041, 0x0041,
	0x0041, 0x0041, 0x0041, 0x0041, 0x0041, 0x0041, 0x0041, 0x0041, 0x0041, 0x0041, 0x0041, 0x0041,
	0x0041, 0x0041, 0x0041, 0x0041, 0x0041, 0x0041, 0x0041, 0x0041, 0x0041, 0x0041, 0x0041, 0x0041,
	0x0041, 0x0041, 0x0041, 0x0041, 0x0041, 0x0041, 0x0041, 0x0041, 0x0041, 0x0041, 0x0041, 0x0041,
	0x0041, 0x0041, 0x0041, 0x0041, 0x0041, 0x0041, 0x0041, 0x0041, 0x0041, 0x0041, 0x0041, 0x0041,
	0x0041, 0x0041, 0x0041, 0x0041, 0x0041, 0x0041, 0x0041, 0x0041, 0x0041, 0x0041, 0x0041, 0x0041,
	0x0041, 0x0041, 0x0041, 0x0041, 0x0041, 0x0041, 0x0041, 0x0041, 0x0041, 0x0041, 0x0041, 0x0041,
	0x0041, 0x0041, 0x0041, 0x0041, 0x0041, 0x0041, 0x0041, 0x0041, 0x0041, 0x0041, 0x0041, 0x0041,
	0x0041, 0x0041, 0x0041, 0x0041, 0x0041, 0x0041, 0x0041, 0x0041, 0x0041, 0x0041, 0x0041, 0x0041,
	0x0041, 0x0041, 0x0041, 0x0041, 0x0041, 0x0041, 0x0041, 0x0041, 0x0041, 0x0041, 0x0041, 0x0041,
	0x0041, 0x0041, 0x0041, 0x0041, 0x0041, 0x0041, 0x0041, 0x0041, 0x0041, 0x0041, 0x0041, 0x0041,
	0x0041, 0x0041, 0x0041, 0x0041, 0x0041, 0x0041, 0x0041, 0x0041, 0x0041, 0x0041, 0x0041, 0x0041,
	0x0041, 0x0041, 0x0041, 0x0041, 0x0041, 0x0041, 0x0041, 0x0041, 0x0041, 0x0041, 0x0041, 0x0041,
	0x0041, 0x0041, 0x0041, 0x0041, 0x0041, 0x0041, 0x0041, 0x0041, 0x0041, 0x0041, 0x0041, 0x0041,
	0x0041, 0x52EB, 0x52EB, 0x0041, 0x0041, 0x0041, 0x0041, 0x0041, 0x0041, 0x0041, 0x0041, 0x0041,
	0x0041, 0x0041, 0x0041, 0x0041, 0x0041, 0x0041, 0x0041, 0x0041, 0x0041, 0x0041, 0x0041, 0x0041,
	0x0041, 0x0041, 0x0041, 0x0041, 0x0041, 0x0041, 0x0041, 0x0041, 0x0041, 0x0041, 0x0041, 0x0041,
	0x0041, 0x0041, 0x0041, 0x0041, 0x0041, 0x0041, 0x0041, 0x0041, 0x0041, 0x0041, 0x0041, 0x0041,
	0x0041, 0x0041, 0x0041, 0x0041, 0x0041, 0x0041, 0x0041, 0x0041, 0x0041, 0x0041, 0x0041, 0x0041,
	0x0041, 0x0041, 0x0041, 0x0041, 0x0041, 0x0041, 0x0041, 0x0041, 0x0041, 0x0041, 0x0041, 0x0041,
	0x0041, 0x0041, 0x0041, 0x0041, 0x0041, 0x0041, 0x0041, 0x0041, 0x0041, 0x0041, 0x0041, 0x0041,
	0x0041, 0x0041, 0x0041, 0x0041, 0x0041, 0x0041, 0x0041, 0x0041, 0x0041, 0x0041, 0x0041, 0x0041,
	0x0041, 0x0041, 0x0041, 0x0041, 0x0041, 0x0041, 0x0041, 0x0041, 0x0041, 0x0041, 0x0041, 0x0041,
	0x0041, 0x0041, 0x0041, 0x0041, 0x0041, 0x0041, 0x0041, 0x0041, 0x0041, 0x0041, 0x0041, 0x0041,
	0x0041, 0x0041, 0x0041, 0x0041, 0x0041, 0x0041, 0x0041, 0x0041, 0x0041, 0x0041, 0x0041, 0x0041,
	0x0041, 0x0041, 0x0041, 0x0041, 0x0041, 0x0041, 0x0041, 0x0041, 0x0041, 0x0041, 0x0041, 0x0041,
	0x0041, 0x0041, 0x0041, 0x0041, 0x0041, 0x0041, 0x0041, 0x0041, 0x0041, 0x0041, 0x0041, 0x0041,
	0x0041, 0x0041, 0x0041, 0x0041, 0x0041, 0x0041, 0x0041, 0x0041, 0x0041, 0x0041, 0x0041, 0x0041,
	0x0041, 0x0041, 0x0041, 0x0041, 0x0041, 0x0041, 0x0041, 0x0041, 0x0041, 0x0041, 0x0041, 0x0041,
	0x0041, 0x0041, 0x0041, 0x0041, 0x0041, 0x0041, 0x0041, 0x0041, 0x0041, 0x0041, 0x0041, 0x0041,
	0x0041, 0x0041, 0x0041, 0x0041, 0x0041, 0x0041, 0x0041, 0x0041, 0x0041, 0x0041, 0x0041, 0x0041,
	0x0041, 0x0041, 0x0041, 0x0041, 0x0041, 0x0041, 0x0041, 0x0041, 0x0041, 0x0041, 0x0041, 0x0041,
	0x0041, 0x0041, 0x0041, 0x0041, 0x0041, 0x0041, 0x0041, 0x0041, 0x0041, 0x0041, 0x0041, 0x0041,
	0x0041, 0x0041, 0x0041, 0x0041, 0x0041, 0x0041, 0x0041, 0x0041, 0x0041, 0x0041, 0x0041, 0x52EB,
	0x52EB, 0x0041, 0x0041, 0x0041, 0x0041, 0x0041, 0x0041, 0x0041, 0x0041, 0x0041, 0x0041, 0x0041,
	0x0041, 0x0041, 0x0041, 0x0041, 0x0041, 0x0041, 0x0041, 0x0041, 0x0041, 0x0041, 0x0041, 0x0041,
	0x0041, 0x0041, 0x0041, 0x0041, 0x0041, 0x0041, 0x0041, 0x0041, 0x0041, 0x0041, 0x0041, 0x0041,
	0x0041, 0x0041, 0x0041, 0x0041, 0x0041, 0x0041, 0x0041, 0x0041, 0x0041, 0x0041, 0x0041, 0x0041,
	0x0041, 0x0041, 0x0041, 0x0041, 0x0041, 0x0041, 0x0041, 0x0041, 0x0041, 0x0041, 0x0041, 0x0041,
	0x0041, 0x0041, 0x0041, 0x0041, 0x0041, 0x0041, 0x0041, 0x0041, 0x0041, 0x0041, 0x0041, 0x0041,
	0x0041, 0x0041, 0x0041, 0x0041, 0x0041, 0x0041, 0x0041, 0x0041, 0x0041, 0x0041, 0x0041, 0x0041,
	0x0041, 0x0041, 0x0041, 0x0041, 0x0041, 0x0041, 0x0041, 0x0041, 0x0041, 0x0041, 0x0041, 0x0041,
	0x0041, 0x0041, 0x0041, 0x0041, 0x0041, 0x0041, 0x0041, 0x0041, 0x0041, 0x0041, 0x0041, 0x0041,
	0x0041, 0x0041, 0x0041, 0x0041, 0x0041, 0x0041, 0x0041, 0x0041, 0x0041, 0x0041, 0x0041, 0x0041,
	0x0041, 0x0041, 0x0041, 0x0041, 0x0041, 0x0041, 0x0041, 0x0041, 0x0041, 0x0041, 0x0041, 0x0041,
	0x0041, 0x0041, 0x0041, 0x0041, 0x0041, 0x0041, 0x0041, 0x0041, 0x0041, 0x0041, 0x0041, 0x0041,
	0x0041, 0x0041, 0x0041, 0x0041, 0x0041, 0x0041, 0x0041, 0x0041, 0x0041, 0x0041, 0x0041, 0x0041,
	0x0041, 0x0041, 0x0041, 0x0041, 0x0041, 0x0041, 0x0041, 0x0041, 0x0041, 0x0041, 0x0041, 0x0041,
	0x0041, 0x0041, 0x0041, 0x0041, 0x0041, 0x0041, 0x0041, 0x0041, 0x0041, 0x0041, 0x0041, 0x0041,
	0x0041, 0x0041, 0x0041, 0x0041, 0x0041, 0x0041, 0x0041, 0x0041, 0x0041, 0x0041, 0x0041, 0x0041,
	0x0041, 0x0041, 0x0041, 0x0041, 0x0041, 0x0041, 0x0041, 0x0041, 0x0041, 0x0041, 0x0041, 0x0041,
	0x0041, 0x0041, 0x0041, 0x0041, 0x0041, 0x0041, 0x0041, 0x0041, 0x0041, 0x0041, 0x0041, 0x0041,
	0x0041, 0x0041, 0x0041, 0x0041, 0x0041, 0x0041, 0x0041, 0x0041, 0x0041, 0x0041, 0x0041, 0x0041,
	0x0041, 0x0041, 0x0041, 0x0041, 0x0041, 0x0041, 0x0041, 0x0041, 0x0041, 0x52EB, 0x52EB, 0x0041,
	0x0041, 0x0041, 0x0041, 0x0041, 0x0041, 0x0041, 0x0041, 0x0041, 0x0041, 0x0041, 0x0041, 0x0041,
	0x0041, 0x0041, 0x0041, 0x0041, 0x0041, 0x0041, 0x0041, 0x0041, 0x0041, 0x0041, 0x0041, 0x0041,
	0x0041, 0x0041, 0x0041, 0x0041, 0x0041, 0x0041, 0x0041, 0x0041, 0x0041, 0x0041, 0x0041, 0x0041,
	0x0041, 0x0041, 0x0041, 0x0041, 0x0041, 0x0041, 0x0041, 0x0041, 0x0041, 0x0041, 0x0041, 0x0041,
	0x0041, 0x0041, 0x0041, 0x0041, 0x0041, 0x0041, 0x0041, 0x0041, 0x0041, 0x0041, 0x0041, 0x0041,
	0x0041, 0x0041, 0x0041, 0x0041, 0x0041, 0x0041, 0x0041, 0x0041, 0x0041, 0x0041, 0x0041, 0x0041,
	0x0041, 0x0041, 0x0041, 0x0041, 0x0041, 0x0041, 0x0041, 0x0041, 0x0041, 0x0041, 0x0041, 0x0041,
	0x0041, 0x0041, 0x0041, 0x0041, 0x0041, 0x0041, 0x0041, 0x0041, 0x0041, 0x0041, 0x0041, 0x0041,
	0x0041, 0x0041, 0x0041, 0x0041, 0x0041, 0x0041, 0x0041, 0x0041, 0x0041, 0x0041, 0x0041, 0x0041,
	0x0041, 0x0041, 0x0041, 0x0041, 0x0041, 0x0041, 0x0041, 0x0041, 0x0041, 0x0041, 0x0041, 0x0041,
	0x0041, 0x0041, 0x0041, 0x0041, 0x0041, 0x0041, 0x0041, 0x0041, 0x0041, 0x0041, 0x0041, 0x0041,
	0x0041, 0x0041, 0x0041, 0x0041, 0x0041, 0x0041, 0x0041, 0x0041, 0x0041, 0x0041, 0x0041, 0x0041,
	0x0041, 0x0041, 0x0041, 0x0041, 0x0041, 0x0041, 0x0041, 0x0041, 0x0041, 0x0041, 0x0041, 0x0041,
	0x0041, 0x0041, 0x0041, 0x0041, 0x0041, 0x0041, 0x0041, 0x0041, 0x0041, 0x0041, 0x0041, 0x0041,
	0x0041, 0x0041, 0x0041, 0x0041, 0x0041, 0x0041, 0x0041, 0x0041, 0x0041, 0x0041, 0x0041, 0x0041,
	0x0041, 0x0041, 0x0041, 0x0041, 0x0041, 0x0041, 0x0041, 0x0041, 0x0041, 0x0041, 0x0041, 0x0041,
	0x0041, 0x0041, 0x0041, 0x0041, 0x0041, 0x0041, 0x0041, 0x0041, 0x0041, 0x0041, 0x0041, 0x0041,
	0x0041, 0x0041, 0x0041, 0x0041, 0x0041, 0x0041, 0x0041, 0x0041, 0x0041, 0x0041, 0x0041, 0x0041,
	0x0041, 0x0041, 0x0041, 0x0041, 0x0041, 0x0041, 0x0041, 0x0041, 0x0041, 0x0041, 0x0041, 0x0041,
	0x0041, 0x0041, 0x0041, 0x0041, 0x0041, 0x0041, 0x0041, 0x52EB, 0x52EB, 0x0041, 0x0041, 0x0041,
	0x0041, 0x0041, 0x0041, 0x0041, 0x0041, 0x0041, 0x0041, 0x0041, 0x0041, 0x0041, 0x0041, 0x0041,
	0x0041, 0x0041, 0x0041, 0x0041, 0x0041, 0x0041, 0x0041, 0x0041, 0x0041, 0x0041, 0x0041, 0x0041,
	0x0041, 0x0041, 0x0041, 0x0041, 0x0041, 0x0041, 0x0041, 0x0041, 0x0041, 0x0041, 0x0041, 0x0041,
	0x0041, 0x0041, 0x0041, 0x0041, 0x0041, 0x0041, 0x0041, 0x0041, 0x0041, 0x0041, 0x0041, 0x0041,
	0x0041, 0x0041, 0x0041, 0x0041, 0x0041, 0x0041, 0x0041, 0x0041, 0x0041, 0x0041, 0x0041, 0x0041,
	0x0041, 0x0041, 0x0041, 0x0041, 0x0041, 0x0041, 0x0041, 0x0041, 0x0041, 0x0041, 0x0041, 0x0041,
	0x0041, 0x0041, 0x0041, 0x0041, 0x0041, 0x0041, 0x0041, 0x0041, 0x0041, 0x0041, 0x0041, 0x0041,
	0x0041, 0x0041, 0x0041, 0x0041, 0x0041, 0x0041, 0x0041, 0x0041, 0x0041, 0x0041, 0x0041, 0x0041,
	0x0041, 0x0041, 0x0041, 0x0041, 0x0041, 0x0041, 0x0041, 0x0041, 0x0041, 0x0041, 0x0041, 0x0041,
	0x0041, 0x0041, 0x0041, 0x0041, 0x0041, 0x0041, 0x0041, 0x0041, 0x0041, 0x0041, 0x0041, 0x0041,
	0x0041, 0x0041, 0x0041, 0x0041, 0x0041, 0x0041, 0x0041, 0x0041, 0x0041, 0x0041, 0x0041, 0x0041,
	0x0041, 0x0041, 0x0041, 0x0041, 0x0041, 0x0041, 0x0041, 0x0041, 0x0041, 0x0041, 0x0041, 0x0041,
	0x0041, 0x0041, 0x0041, 0x0041, 0x0041, 0x0041, 0x0041, 0x0041, 0x0041, 0x0041, 0x0041, 0x0041,
	0x0041, 0x0041, 0x0041, 0x0041, 0x0041, 0x0041, 0x0041, 0x0041, 0x0041, 0x0041, 0x0041, 0x0041,
	0x0041, 0x0041, 0x0041, 0x0041, 0x0041, 0x0041, 0x0041, 0x0041, 0x0041, 0x0041, 0x0041, 0x0041,
	0x0041, 0x0041, 0x0041, 0x0041, 0x0041, 0x0041, 0x0041, 0x0041, 0x0041, 0x0041, 0x0041, 0x0041,
	0x0041, 0x0041, 0x0041, 0x0041, 0x0041, 0x0041, 0x0041, 0x0041, 0x0041, 0x0041, 0x0041, 0x0041,
	0x0041, 0x0041, 0x0041, 0x0041, 0x0041, 0x0041, 0x0041, 0x0041, 0x0041, 0x0041, 0x0041, 0x0041,
	0x0041, 0x0041, 0x0041, 0x0041, 0x0041, 0x0041, 0x0041, 0x0041, 0x0041, 0x0041, 0x0041, 0x0041,
	0x0041, 0x0041, 0x0041, 0x0041, 0x0041, 0x52EB, 0x52EB, 0x0041, 0x0041, 0x0041, 0x0041, 0x0041,
	0x0041, 0x0041, 0x0041, 0x0041, 0x0041, 0x0041, 0x0041, 0x0041, 0x0041, 0x0041, 0x0041, 0x0041,
	0x0041, 0x0041, 0x0041, 0x0041, 0x0041, 0x0041, 0x0041, 0x0041, 0x0041, 0x0041, 0x0041, 0x0041,
	0x0041, 0x0041, 0x0041, 0x0041, 0x0041, 0x0041, 0x0041, 0x0041, 0x0041, 0x0041, 0x0041, 0x0041,
	0x0041, 0x0041, 0x0041, 0x0041, 0x0041, 0x0041, 0x0041, 0x0041, 0x0041, 0x0041, 0x0041, 0x0041,
	0x0041, 0x0041, 0x0041, 0x0041, 0x0041, 0x0041, 0x0041, 0x0041, 0x0041, 0x0041, 0x0041, 0x0041,
	0x0041, 0x0041, 0x0041, 0x0041, 0x0041, 0x0041, 0x0041, 0x0041, 0x0041, 0x0041, 0x0041, 0x0041,
	0x0041, 0x0041, 0x0041, 0x0041, 0x0041, 0x0041, 0x0041, 0x0041, 0x0041, 0x0041, 0x0041, 0x0041,
	0x0041, 0x0041, 0x0041, 0x0041, 0x0041, 0x0041, 0x0041, 0x0041, 0x0041, 0x0041, 0x0041, 0x0041,
	0x0041, 0x0041, 0x0041, 0x0041, 0x0041, 0x0041, 0x0041, 0x0041, 0x0041, 0x0041, 0x0041, 0x0041,
	0x0041, 0x0041, 0x0041, 0x0041, 0x0041, 0x0041, 0x0041, 0x0041, 0x0041, 0x0041, 0x0041, 0x0041,
	0x0041, 0x0041, 0x0041, 0x0041, 0x0041, 0x0041, 0x0041, 0x0041, 0x0041, 0x0041, 0x0041, 0x0041,
	0x0041, 0x0041, 0x0041, 0x0041, 0x0041, 0x0041, 0x0041, 0x0041, 0x0041, 0x0041, 0x0041, 0x0041,
	0x0041, 0x0041, 0x0041, 0x0041, 0x0041, 0x0041, 0x0041, 0x0041, 0x0041, 0x0041, 0x0041, 0x0041,
	0x0041, 0x0041, 0x0041, 0x0041, 0x0041, 0x0041, 0x0041, 0x0041, 0x0041, 0x0041, 0x0041, 0x0041,
	0x0041, 0x0041, 0x0041, 0x0041, 0x0041, 0x0041, 0x0041, 0x0041, 0x0041, 0x0041, 0x0041, 0x0041,
	0x0041, 0x0041, 0x0041, 0x0041, 0x0041, 0x0041, 0x0041, 0x0041, 0x0041, 0x0041, 0x0041, 0x0041,
	0x0041, 0x0041, 0x0041, 0x0041, 0x0041, 0x0041, 0x0041, 0x0041, 0x0041, 0x0041, 0x0041, 0x0041,
	0x0041, 0x0041, 0x0041, 0x0041, 0x0041, 0x0041, 0x0041, 0x0041, 0x0041, 0x0041, 0x0041, 0x0041,
	0x0041, 0x0041, 0x0041, 0x0041, 0x0041, 0x0041, 0x0041, 0x0041, 0x0041, 0x0041, 0x0041, 0x0041,
	0x0041, 0x0041, 0x0041, 0x52EB, 0x52EB, 0x0041, 0x0041, 0x0041, 0x0041, 0x0041, 0x0041, 0x0041,
	0x0041, 0x0041, 0x0041, 0x0041, 0x0041, 0x0041, 0x0041, 0x0041, 0x0041, 0x0041, 0x0041, 0x0041,
	0x0041, 0x0041, 0x0041, 0x0041, 0x0041, 0x0041, 0x0041, 0x0041, 0x0041, 0x0041, 0x0041, 0x0041,
	0x0041, 0x0041, 0x0041, 0x0041, 0x0041, 0x0041, 0x0041, 0x0041, 0x0041, 0x0041, 0x0041, 0x0041,
	0x0041, 0x0041, 0x0041, 0x0041, 0x0041, 0x0041, 0x0041, 0x0041, 0x0041, 0x0041, 0x0041, 0x0041,
	0x0041, 0x0041, 0x0041, 0x0041, 0x0041, 0x0041, 0x0041, 0x0041, 0x0041, 0x0041, 0x0041, 0x0041,
	0x0041, 0x0041, 0x0041, 0x0041, 0x0041, 0x0041, 0x0041, 0x0041, 0x0041, 0x0041, 0x0041, 0x0041,
	0x0041, 0x0041, 0x0041, 0x0041, 0x0041, 0x0041, 0x0041, 0x0041, 0x0041, 0x0041, 0x0041, 0x0041,
	0x0041, 0x0041, 0x0041, 0x0041, 0x0041, 0x0041, 0x0041, 0x0041, 0x0041, 0x0041, 0x0041, 0x0041,
	0x0041, 0x0041, 0x0041, 0x0041, 0x0041, 0x0041, 0x0041, 0x0041, 0x0041, 0x0041, 0x0041, 0x0041,
	0x0041, 0x0041, 0x0041, 0x0041, 0x0041, 0x0041, 0x0041, 0x0041, 0x0041, 0x0041, 0x0041, 0x0041,
	0x0041, 0x0041, 0x0041, 0x0041, 0x0041, 0x0041, 0x0041, 0x0041, 0x0041, 0x0041, 0x0041, 0x0041,
	0x0041, 0x0041, 0x0041, 0x0041, 0x0041, 0x0041, 0x0041, 0x0041, 0x0041, 0x0041, 0x0041, 0x0041,
	0x0041, 0x0041, 0x0041, 0x0041, 0x0041, 0x0041, 0x0041, 0x0041, 0x0041, 0x0041, 0x0041, 0x0041,
	0x0041, 0x0041, 0x0041, 0x0041, 0x0041, 0x0041, 0x0041, 0x0041, 0x0041, 0x0041, 0x0041, 0x0041,
	0x0041, 0x0041, 0x0041, 0x0041, 0x0041, 0x0041, 0x0041, 0x0041, 0x0041, 0x0041, 0x0041, 0x0041,
	0x0041, 0x0041, 0x0041, 0x0041, 0x0041, 0x0041, 0x0041, 0x0041, 0x0041, 0x0041, 0x0041, 0x0041,
	0x0041, 0x0041, 0x0041, 0x0041, 0x0041, 0x0041, 0x0041, 0x0041, 0x0041, 0x0041, 0x0041, 0x0041,
	0x0041, 0x0041, 0x0041, 0x0041, 0x0041, 0x0041, 0x0041, 0x0041, 0x0041, 0x0041, 0x0041, 0x0041,
	0x0041, 0x0041, 0x0041, 0x0041, 0x0041, 0x0041, 0x0041, 0x0041, 0x0041, 0x0041, 0x0041, 0x0041,
	0x0041, 0x52EB, 0x52EB, 0x0041, 0x0041, 0x0041, 0x0041, 0x0041, 0x0041, 0x0041, 0x0041, 0x0041,
	0x0041, 0x0041, 0x0041, 0x0041, 0x0041, 0x0041, 0x0041, 0x0041, 0x0041, 0x0041, 0x0041, 0x0041,
	0x0041, 0x0041, 0x0041, 0x0041, 0x0041, 0x0041, 0x0041, 0x0041, 0x0041, 0x0041, 0x0041, 0x0041,
	0x0041, 0x0041, 0x0041, 0x0041, 0x0041, 0x0041, 0x0041, 0x0041, 0x0041, 0x0041, 0x0041, 0x0041,
	0x0041, 0x0041, 0x0041, 0x0041, 0x0041, 0x0041, 0x0041, 0x0041, 0x0041, 0x0041, 0x0041, 0x0041,
	0x0041, 0x0041, 0x0041, 0x0041, 0x0041, 0x0041, 0x0041, 0x0041, 0x0041, 0x0041, 0x0041, 0x0041,
	0x0041, 0x0041, 0x0041, 0x0041, 0x0041, 0x0041, 0x0041, 0x0041, 0x0041, 0x0041, 0x0041, 0x0041,
	0x0041, 0x0041, 0x0041, 0x0041, 0x0041, 0x0041, 0x0041, 0x0041, 0x0041, 0x0041, 0x0041, 0x0041,
	0x0041, 0x0041, 0x0041, 0x0041, 0x0041, 0x0041, 0x0041, 0x0041, 0x0041, 0x0041, 0x0041, 0x0041,
	0x0041, 0x0041, 0x0041, 0x0041, 0x0041, 0x0041, 0x0041, 0x0041, 0x0041, 0x0041, 0x0041, 0x0041,
	0x0041, 0x0041, 0x0041, 0x0041, 0x0041, 0x0041, 0x0041, 0x0041, 0x0041, 0x0041, 0x0041, 0x0041,
	0x0041, 0x0041, 0x0041, 0x0041, 0x0041, 0x0041, 0x0041, 0x0041, 0x0041, 0x0041, 0x0041, 0x0041,
	0x0041, 0x0041, 0x0041, 0x0041, 0x0041, 0x0041, 0x0041, 0x0041, 0x0041, 0x0041, 0x0041, 0x0041,
	0x0041, 0x0041, 0x0041, 0x0041, 0x0041, 0x0041, 0x0041, 0x0041, 0x0041, 0x0041, 0x0041, 0x0041,
	0x0041, 0x0041, 0x0041, 0x0041, 0x0041, 0x0041, 0x0041, 0x0041, 0x0041, 0x0041, 0x0041, 0x0041,
	0x0041, 0x0041, 0x0041, 0x0041, 0x0041, 0x0041, 0x0041, 0x0041, 0x0041, 0x0041, 0x0041, 0x0041,
	0x0041, 0x0041, 0x0041, 0x0041, 0x0041, 0x0041, 0x0041, 0x0041, 0x0041, 0x0041, 0x0041, 0x0041,
	0x0041, 0x0041, 0x0041, 0x0041, 0x0041, 0x0041, 0x0041, 0x0041, 0x0041, 0x0041, 0x0041, 0x0041,
	0x0041, 0x0041, 0x0041, 0x0041, 0x0041, 0x0041, 0x0041, 0x0041, 0x0041, 0x0041, 0x0041, 0x0041,
	0x0041, 0x0041, 0x0041, 0x0041, 0x0041, 0x0041, 0x0041, 0x0041, 0x0041, 0x0041, 0x0041, 0x52EB,
	0x52EB, 0x0041, 0x0041, 0x0041, 0x0041, 0x0041, 0x0041, 0x0041, 0x0041, 0x0041, 0x0041, 0x0041,
	0x0041, 0x0041, 0x0041, 0x0041, 0x0041, 0x0041, 0x0041, 0x0041, 0x0041, 0x0041, 0x0041, 0x0041,
	0x0041, 0x0041, 0x0041, 0x0041, 0x0041, 0x0041, 0x0041, 0x0041, 0x0041, 0x0041, 0x0041, 0x0041,
	0x0041, 0x0041, 0x0041, 0x0041, 0x0041, 0x0041, 0x0041, 0x0041, 0x0041, 0x0041, 0x0041, 0x0041,
	0x0041, 0x0041, 0x0041, 0x0041, 0x0041, 0x0041, 0x0041, 0x0041, 0x0041, 0x0041, 0x0041, 0x0041,
	0x0041, 0x0041, 0x0041, 0x0041, 0x0041, 0x0041, 0x0041, 0x0041, 0x0041, 0x0041, 0x0041, 0x0041,
	0x0041, 0x0041, 0x0041, 0x0041, 0x0041, 0x0041, 0x0041, 0x0041, 0x0041, 0x0041, 0x0041, 0x0041,
	0x0041, 0x0041, 0x0041, 0x0041, 0x0041, 0x0041, 0x0041, 0x0041, 0x0041, 0x0041, 0x0041, 0x0041,
	0x0041, 0x0041, 0x0041, 0x0041, 0x0041, 0x0041, 0x0041, 0x0041, 0x0041, 0x0041, 0x0041, 0x0041,
	0x0041, 0x0041, 0x0041, 0x0041, 0x0041, 0x0041, 0x0041, 0x0041, 0x0041, 0x0041, 0x0041, 0x0041,
	0x0041, 0x0041, 0x0041, 0x0041, 0x0041, 0x0041, 0x0041, 0x0041, 0x0041, 0x0041, 0x0041, 0x0041,
	0x0041, 0x0041, 0x0041, 0x0041, 0x0041, 0x0041, 0x0041, 0x0041, 0x0041, 0x0041, 0x0041, 0x0041,
	0x0041, 0x0041, 0x0041, 0x0041, 0x0041, 0x0041, 0x0041, 0x0041, 0x0041, 0x0041, 0x0041, 0x0041,
	0x0041, 0x0041, 0x0041, 0x0041, 0x0041, 0x0041, 0x0041, 0x0041, 0x0041, 0x0041, 0x0041, 0x0041,
	0x0041, 0x0041, 0x0041, 0x0041, 0x0041, 0x0041, 0x0041, 0x0041, 0x0041, 0x0041, 0x0041, 0x0041,
	0x0041, 0x0041, 0x0041, 0x0041, 0x0041, 0x0041, 0x0041, 0x0041, 0x0041, 0x0041, 0x0041, 0x0041,
	0x0041, 0x0041, 0x0041, 0x0041, 0x0041, 0x0041, 0x0041, 0x0041, 0x0041, 0x0041, 0x0041, 0x0041,
	0x0041, 0x0041, 0x0041, 0x0041, 0x0041, 0x0041, 0x0041, 0x0041, 0x0041, 0x0041, 0x0041, 0x0041,
	0x0041, 0x0041, 0x0041, 0x0041, 0x0041, 0x0041, 0x0041, 0x0041, 0x0041, 0x0041, 0x0041, 0x0041,
	0x0041, 0x0041, 0x0041, 0x0041, 0x0041, 0x0041, 0x0041, 0x0041, 0x0041, 0x52EB, 0x52EB, 0x0041,
	0x0041, 0x0041, 0x0041, 0x0041, 0x0041, 0x0041, 0x0041, 0x0041, 0x0041, 0x0041, 0x0041, 0x0041,
	0x0041, 0x0041, 0x0041, 0x0041, 0x0041, 0x0041, 0x0041, 0x0041, 0x0041, 0x0041, 0x0041, 0x0041,
	0x0041, 0x0041, 0x0041, 0x0041, 0x0041, 0x0041, 0x0041, 0x0041, 0x0041, 0x0041, 0x0041, 0x0041,
	0x0041, 0x0041, 0x0041, 0x0041, 0x0041, 0x0041, 0x0041, 0x0041, 0x0041, 0x0041, 0x0041, 0x0041,
	0x0041, 0x0041, 0x0041, 0x0041, 0x0041, 0x0041, 0x0041, 0x0041, 0x0041, 0x0041, 0x0041, 0x0041,
	0x0041, 0x0041, 0x0041, 0x0041, 0x0041, 0x0041, 0x0041, 0x0041, 0x0041, 0x0041, 0x0041, 0x0041,
	0x0041, 0x0041, 0x0041, 0x0041, 0x0041, 0x0041, 0x0041, 0x0041, 0x0041, 0x0041, 0x0041, 0x0041,
	0x0041, 0x0041, 0x0041, 0x0041, 0x0041, 0x0041, 0x0041, 0x0041, 0x0041, 0x0041, 0x0041, 0x0041,
	0x0041, 0x0041, 0x0041, 0x0041, 0x0041, 0x0041, 0x0041, 0x0041, 0x0041, 0x0041, 0x0041, 0x0041,
	0x0041, 0x0041, 0x0041, 0x0041, 0x0041, 0x0041, 0x0041, 0x0041, 0x0041, 0x0041, 0x0041, 0x0041,
	0x0041, 0x0041, 0x0041, 0x0041, 0x0041, 0x0041, 0x0041, 0x0041, 0x0041, 0x0041, 0x0041, 0x0041,
	0x0041, 0x0041, 0x0041, 0x0041, 0x0041, 0x0041, 0x0041, 0x0041, 0x0041, 0x0041, 0x0041, 0x0041,
	0x0041, 0x0041, 0x0041, 0x0041, 0x0041, 0x0041, 0x0041, 0x0041, 0x0041, 0x0041, 0x0041, 0x0041,
	0x0041, 0x0041, 0x0041, 0x0041, 0x0041, 0x0041, 0x0041, 0x0041, 0x0041, 0x0041, 0x0041, 0x0041,
	0x0041, 0x0041, 0x0041, 0x0041, 0x0041, 0x0041, 0x0041, 0x0041, 0x0041, 0x0041, 0x0041, 0x0041,
	0x0041, 0x0041, 0x0041, 0x0041, 0x0041, 0x0041, 0x0041, 0x0041, 0x0041, 0x0041, 0x0041, 0x0041,
	0x0041, 0x0041, 0x0041, 0x0041, 0x0041, 0x0041, 0x0041, 0x0041, 0x0041, 0x0041, 0x0041, 0x0041,
	0x0041, 0x0041, 0x0041, 0x0041, 0x0041, 0x0041, 0x0041, 0x0041, 0x0041, 0x0041, 0x0041, 0x0041,
	0x0041, 0x0041, 0x0041, 0x0041, 0x0041, 0x0041, 0x0041, 0x0041, 0x0041, 0x0041, 0x0041, 0x0041,
	0x0041, 0x0041, 0x0041, 0x0041, 0x0041, 0x0041, 0x0041, 0x52EB, 0x52EB, 0x0041, 0x0041, 0x0041,
	0x0041, 0x0041, 0x0041, 0x0041, 0x0041, 0x0041, 0x0041, 0x0041, 0x0041, 0x0041, 0x0041, 0x0041,
	0x0041, 0x0041, 0x0041, 0x0041, 0x0041, 0x0041, 0x0041, 0x0041, 0x0041, 0x0041, 0x0041, 0x0041,
	0x0041, 0x0041, 0x0041, 0x0041, 0x0041, 0x0041, 0x0041, 0x0041, 0x0041, 0x0041, 0x0041, 0x0041,
	0x0041, 0x0041, 0x0041, 0x0041, 0x0041, 0x0041, 0x0041, 0x0041, 0x0041, 0x0041, 0x0041, 0x0041,
	0x0041, 0x0041, 0x0041, 0x0041, 0x0041, 0x0041, 0x0041, 0x0041, 0x0041, 0x0041, 0x0041, 0x0041,
	0x0041, 0x0041, 0x0041, 0x0041, 0x0041, 0x0041, 0x0041, 0x0041, 0x0041, 0x0041, 0x0041, 0x0041,
	0x0041, 0x0041, 0x0041, 0x0041, 0x0041, 0x0041, 0x0041, 0x0041, 0x0041, 0x0041, 0x0041, 0x0041,
	0x0041, 0x0041, 0x0041, 0x0041, 0x0041, 0x0041, 0x0041, 0x0041, 0x0041, 0x0041, 0x0041, 0x0041,
	0x0041, 0x0041, 0x0041, 0x0041, 0x0041, 0x0041, 0x0041, 0x0041, 0x0041, 0x0041, 0x0041, 0x0041,
	0x0041, 0x0041, 0x0041, 0x0041, 0x0041, 0x0041, 0x0041, 0x0041, 0x0041, 0x0041, 0x0041, 0x0041,
	0x0041, 0x0041, 0x0041, 0x0041, 0x0041, 0x0041, 0x0041, 0x0041, 0x0041, 0x0041, 0x0041, 0x0041,
	0x0041, 0x0041, 0x0041, 0x0041, 0x0041, 0x0041, 0x0041, 0x0041, 0x0041, 0x0041, 0x0041, 0x0041,
	0x0041, 0x0041, 0x0041, 0x0041, 0x0041, 0x0041, 0x0041, 0x0041, 0x0041, 0x0041, 0x0041, 0x0041,
	0x0041, 0x0041, 0x0041, 0x0041, 0x0041, 0x0041, 0x0041, 0x0041, 0x0041, 0x0041, 0x0041, 0x0041,
	0x0041, 0x0041, 0x0041, 0x0041, 0x0041, 0x0041, 0x0041, 0x0041, 0x0041, 0x0041, 0x0041, 0x0041,
	0x0041, 0x0041, 0x0041, 0x0041, 0x0041, 0x0041, 0x0041, 0x0041, 0x0041, 0x0041, 0x0041, 0x0041,
	0x0041, 0x0041, 0x0041, 0x0041, 0x0041, 0x0041, 0x0041, 0x0041, 0x0041, 0x0041, 0x0041, 0x0041,
	0x0041, 0x0041, 0x0041, 0x0041, 0x0041, 0x0041, 0x0041, 0x0041, 0x0041, 0x0041, 0x0041, 0x0041,
	0x0041, 0x0041, 0x0041, 0x0041, 0x0041, 0x0041, 0x0041, 0x0041, 0x0041, 0x0041, 0x0041, 0x0041,
	0x0041, 0x0041, 0x0041, 0x0041, 0x0041, 0x52EB, 0x52EB, 0x0041, 0x0041, 0x0041, 0x0041, 0x0041,
	0x0041, 0x0041, 0x0041, 0x0041, 0x0041, 0x0041, 0x0041, 0x0041, 0x0041, 0x0041, 0x0041, 0x0041,
	0x0041, 0x0041, 0x0041, 0x0041, 0x0041, 0x0041, 0x0041, 0x0041, 0x0041, 0x0041, 0x0041, 0x0041,
	0x0041, 0x0041, 0x0041, 0x0041, 0x0041, 0x0041, 0x0041, 0x0041, 0x0041, 0x0041, 0x0041, 0x0041,
	0x0041, 0x0041, 0x0041, 0x0041, 0x0041, 0x0041, 0x0041, 0x0041, 0x0041, 0x0041, 0x0041, 0x0041,
	0x0041, 0x0041, 0x0041, 0x0041, 0x0041, 0x0041, 0x0041, 0x0041, 0x0041, 0x0041, 0x0041, 0x0041,
	0x0041, 0x0041, 0x0041, 0x0041, 0x0041, 0x0041, 0x0041, 0x0041, 0x0041, 0x0041, 0x0041, 0x0041,
	0x0041, 0x0041, 0x0041, 0x0041, 0x0041, 0x0041, 0x0041, 0x0041, 0x0041, 0x0041, 0x0041, 0x0041,
	0x0041, 0x0041, 0x0041, 0x0041, 0x0041, 0x0041, 0x0041, 0x0041, 0x0041, 0x0041, 0x0041, 0x0041,
	0x0041, 0x0041, 0x0041, 0x0041, 0x0041, 0x0041, 0x0041, 0x0041, 0x0041, 0x0041, 0x0041, 0x0041,
	0x0041, 0x0041, 0x0041, 0x0041, 0x0041, 0x0041, 0x0041, 0x0041, 0x0041, 0x0041, 0x0041, 0x0041,
	0x0041, 0x0041, 0x0041, 0x0041, 0x0041, 0x0041, 0x0041, 0x0041, 0x0041, 0x0041, 0x0041, 0x0041,
	0x0041, 0x0041, 0x0041, 0x0041, 0x0041, 0x0041, 0x0041, 0x0041, 0x0041, 0x0041, 0x0041, 0x0041,
	0x0041, 0x0041, 0x0041, 0x0041, 0x0041, 0x0041, 0x0041, 0x0041, 0x0041, 0x0041, 0x0041, 0x0041,
	0x0041, 0x0041, 0x0041, 0x0041, 0x0041, 0x0041, 0x0041, 0x0041, 0x0041, 0x0041, 0x0041, 0x0041,
	0x0041, 0x0041, 0x0041, 0x0041, 0x0041, 0x0041, 0x0041, 0x0041, 0x0041, 0x0041, 0x0041, 0x0041,
	0x0041, 0x0041, 0x0041, 0x0041, 0x0041, 0x0041, 0x0041, 0x0041, 0x0041, 0x0041, 0x0041, 0x0041,
	0x0041, 0x0041, 0x0041, 0x0041, 0x0041, 0x0041, 0x0041, 0x0041, 0x0041, 0x0041, 0x0041, 0x0041,
	0x0041, 0x0041, 0x0041, 0x0041, 0x0041, 0x0041, 0x0041, 0x0041, 0x0041, 0x0041, 0x0041, 0x0041,
	0x0041, 0x0041, 0x0041, 0x0041, 0x0041, 0x0041, 0x0041, 0x0041, 0x0041, 0x0041, 0x0041, 0x0041,
	0x0041, 0x0041, 0x0041, 0x52EB, 0x52EB, 0x0041, 0x0041, 0x0041, 0x0041, 0x0041, 0x0041, 0x0041,
	0x0041, 0x0041, 0x0041, 0x0041, 0x0041, 0x0041, 0x0041, 0x0041, 0x0041, 0x0041, 0x0041, 0x0041,
	0x0041, 0x0041, 0x0041, 0x0041, 0x0041, 0x0041, 0x0041, 0x0041, 0x0041, 0x0041, 0x0041, 0x0041,
	0x0041, 0x0041, 0x0041, 0x0041, 0x0041, 0x0041, 0x0041, 0x0041, 0x0041, 0x0041, 0x0041, 0x0041,
	0x0041, 0x0041, 0x0041, 0x0041, 0x0041, 0x0041, 0x0041, 0x0041, 0x0041, 0x0041, 0x0041, 0x0041,
	0x0041, 0x0041, 0x0041, 0x0041, 0x0041, 0x0041, 0x0041, 0x0041, 0x0041, 0x0041, 0x0041, 0x0041,
	0x0041, 0x0041, 0x0041, 0x0041, 0x0041, 0x0041, 0x0041, 0x0041, 0x0041, 0x0041, 0x0041, 0x0041,
	0x0041, 0x0041, 0x0041, 0x0041, 0x0041, 0x0041, 0x0041, 0x0041, 0x0041, 0x0041, 0x0041, 0x0041,
	0x0041, 0x0041, 0x0041, 0x0041, 0x0041, 0x0041, 0x0041, 0x0041, 0x0041, 0x0041, 0x0041, 0x0041,
	0x0041, 0x0041, 0x0041, 0x0041, 0x0041, 0x0041, 0x0041, 0x0041, 0x0041, 0x0041, 0x0041, 0x0041,
	0x0041, 0x0041, 0x0041, 0x0041, 0x0041, 0x0041, 0x0041, 0x0041, 0x0041, 0x0041, 0x0041, 0x0041,
	0x0041, 0x0041, 0x0041, 0x0041, 0x0041, 0x0041, 0x0041, 0x0041, 0x0041, 0x0041, 0x0041, 0x0041,
	0x0041, 0x0041, 0x0041, 0x0041, 0x0041, 0x0041, 0x0041, 0x0041, 0x0041, 0x0041, 0x0041, 0x0041,
	0x0041, 0x0041, 0x0041, 0x0041, 0x0041, 0x0041, 0x0041, 0x0041, 0x0041, 0x0041, 0x0041, 0x0041,
	0x0041, 0x0041, 0x0041, 0x0041, 0x0041, 0x0041, 0x0041, 0x0041, 0x0041, 0x0041, 0x0041, 0x0041,
	0x0041, 0x0041, 0x0041, 0x0041, 0x0041, 0x0041, 0x0041, 0x0041, 0x0041, 0x0041, 0x0041, 0x0041,
	0x0041, 0x0041, 0x0041, 0x0041, 0x0041, 0x0041, 0x0041, 0x0041, 0x0041, 0x0041, 0x0041, 0x0041,
	0x0041, 0x0041, 0x0041, 0x0041, 0x0041, 0x0041, 0x0041, 0x0041, 0x0041, 0x0041, 0x0041, 0x0041,
	0x0041, 0x0041, 0x0041, 0x0041, 0x0041, 0x0041, 0x0041, 0x0041, 0x0041, 0x0041, 0x0041, 0x0041,
	0x0041, 0x0041, 0x0041, 0x0041, 0x0041, 0x0041, 0x0041, 0x0041, 0x0041, 0x0041, 0x0041, 0x0041,
	0x0041, 0x52EB, 0x52EB, 0x0041, 0x0041, 0x0041, 0x0041, 0x0041, 0x0041, 0x0041, 0x0041, 0x0041,
	0x0041, 0x0041, 0x0041, 0x0041, 0x0041, 0x0041, 0x0041, 0x0041, 0x0041, 0x0041, 0x0041, 0x0041,
	0x0041, 0x0041, 0x0041, 0x0041, 0x0041, 0x0041, 0x0041, 0x0041, 0x0041, 0x0041, 0x0041, 0x0041,
	0x0041, 0x0041, 0x0041, 0x0041, 0x0041, 0x0041, 0x0041, 0x0041, 0x0041, 0x0041, 0x0041, 0x0041,
	0x0041, 0x0041, 0x0041, 0x0041, 0x0041, 0x0041, 0x0041, 0x0041, 0x0041, 0x0041, 0x0041, 0x0041,
	0x0041, 0x0041, 0x0041, 0x0041, 0x0041, 0x0041, 0x0041, 0x0041, 0x0041, 0x0041, 0x0041, 0x0041,
	0x0041, 0x0041, 0x0041, 0x0041, 0x0041, 0x0041, 0x0041, 0x0041, 0x0041, 0x0041, 0x0041, 0x0041,
	0x0041, 0x0041, 0x0041, 0x0041, 0x0041, 0x0041, 0x0041, 0x0041, 0x0041, 0x0041, 0x0041, 0x0041,
	0x0041, 0x0041, 0x0041, 0x0041, 0x0041, 0x0041, 0x0041, 0x0041, 0x0041, 0x0041, 0x0041, 0x0041,
	0x0041, 0x0041, 0x0041, 0x0041, 0x0041, 0x0041, 0x0041, 0x0041, 0x0041, 0x0041, 0x0041, 0x0041,
	0x0041, 0x0041, 0x0041, 0x0041, 0x0041, 0x0041, 0x0041, 0x0041, 0x0041, 0x0041, 0x0041, 0x0041,
	0x0041, 0x0041, 0x0041, 0x0041, 0x0041, 0x0041, 0x0041, 0x0041, 0x0041, 0x0041, 0x0041, 0x0041,
	0x0041, 0x0041, 0x0041, 0x0041, 0x0041, 0x0041, 0x0041, 0x0041, 0x0041, 0x0041, 0x0041, 0x0041,
	0x0041, 0x0041, 0x0041, 0x0041, 0x0041, 0x0041, 0x0041, 0x0041, 0x0041, 0x0041, 0x0041, 0x0041,
	0x0041, 0x0041, 0x0041, 0x0041, 0x0041, 0x0041, 0x0041, 0x0041, 0x0041, 0x0041, 0x0041, 0x0041,
	0x0041, 0x0041, 0x0041, 0x0041, 0x0041, 0x0041, 0x0041, 0x0041, 0x0041, 0x0041, 0x0041, 0x0041,
	0x0041, 0x0041, 0x0041, 0x0041, 0x0041, 0x0041, 0x0041, 0x0041, 0x0041, 0x0041, 0x0041, 0x0041,
	0x0041, 0x0041, 0x0041, 0x0041, 0x0041, 0x0041, 0x0041, 0x0041, 0x0041, 0x0041, 0x0041, 0x0041,
	0x0041, 0x0041, 0x0041, 0x0041, 0x0041, 0x0041, 0x0041, 0x0041, 0x0041, 0x0041, 0x0041, 0x0041,
	0x0041, 0x0041, 0x0041, 0x0041, 0x0041, 0x0041, 0x0041, 0x0041, 0x0041, 0x0041, 0x0041, 0x52EB,
	0x52EB, 0x0041, 0x0041, 0x0041, 0x0041, 0x0041, 0x0041, 0x0041, 0x0041, 0x0041, 0x0041, 0x0041,
	0x0041, 0x0041, 0x0041, 0x0041, 0x0041, 0x0041, 0x0041, 0x0041, 0x0041, 0x0041, 0x0041, 0x0041,
	0x0041, 0x0041, 0x0041, 0x0041, 0x0041, 0x0041, 0x0041, 0x0041, 0x0041, 0x0041, 0x0041, 0x0041,
	0x0041, 0x0041, 0x0041, 0x0041, 0x0041, 0x0041, 0x0041, 0x0041, 0x0041, 0x0041, 0x0041, 0x0041,
	0x0041, 0x0041, 0x0041, 0x0041, 0x0041, 0x0041, 0x0041, 0x0041, 0x0041, 0x0041, 0x0041, 0x0041,
	0x0041, 0x0041, 0x0041, 0x0041, 0x0041, 0x0041, 0x0041, 0x0041, 0x0041, 0x0041, 0x0041, 0x0041,
	0x0041, 0x0041, 0x0041, 0x0041, 0x0041, 0x0041, 0x0041, 0x0041, 0x0041, 0x0041, 0x0041, 0x0041,
	0x0041, 0x0041, 0x0041, 0x0041, 0x0041, 0x0041, 0x0041, 0x0041, 0x0041, 0x0041, 0x0041, 0x0041,
	0x0041, 0x0041, 0x0041, 0x0041, 0x0041, 0x0041, 0x0041, 0x0041, 0x0041, 0x0041, 0x0041, 0x0041,
	0x0041, 0x0041, 0x0041, 0x0041, 0x0041, 0x0041, 0x0041, 0x0041, 0x0041, 0x0041, 0x0041, 0x0041,
	0x0041, 0x0041, 0x0041, 0x0041, 0x0041, 0x0041, 0x0041, 0x0041, 0x0041, 0x0041, 0x0041, 0x0041,
	0x0041, 0x0041, 0x0041, 0x0041, 0x0041, 0x0041, 0x0041, 0x0041, 0x0041, 0x0041, 0x0041, 0x0041,
	0x0041, 0x0041, 0x0041, 0x0041, 0x0041, 0x0041, 0x0041, 0x0041, 0x0041, 0x0041, 0x0041, 0x0041,
	0x0041, 0x0041, 0x0041, 0x0041, 0x0041, 0x0041, 0x0041, 0x0041, 0x0041, 0x0041, 0x0041, 0x0041,
	0x0041, 0x0041, 0x0041, 0x0041, 0x0041, 0x0041, 0x0041, 0x0041, 0x0041, 0x0041, 0x0041, 0x0041,
	0x0041, 0x0041, 0x0041, 0x0041, 0x0041, 0x0041, 0x0041, 0x0041, 0x0041, 0x0041, 0x0041, 0x0041,
	0x0041, 0x0041, 0x0041, 0x0041, 0x0041, 0x0041, 0x0041, 0x0041, 0x0041, 0x0041, 0x0041, 0x0041,
	0x0041, 0x0041, 0x0041, 0x0041, 0x0041, 0x0041, 0x0041, 0x0041, 0x0041, 0x0041, 0x0041, 0x0041,
	0x0041, 0x0041, 0x0041, 0x0041, 0x0041, 0x0041, 0x0041, 0x0041, 0x0041, 0x0041, 0x0041, 0x0041,
	0x0041, 0x0041, 0x0041, 0x0041, 0x0041, 0x0041, 0x0041, 0x0041, 0x0041, 0x52EB, 0x52EB, 0x0041,
	0x0041, 0x0041, 0x0041, 0x0041, 0x0041, 0x0041, 0x0041, 0x0041, 0x0041, 0x0041, 0x0041, 0x0041,
	0x0041, 0x0041, 0x0041, 0x0041, 0x0041, 0x0041, 0x0041, 0x0041, 0x0041, 0x0041, 0x0041, 0x0041,
	0x0041, 0x0041, 0x0041, 0x0041, 0x0041, 0x0041, 0x0041, 0x0041, 0x0041, 0x0041, 0x0041, 0x0041,
	0x0041, 0x0041, 0x0041, 0x0041, 0x0041, 0x0041, 0x0041, 0x0041, 0x0041, 0x0041, 0x0041, 0x0041,
	0x0041, 0x0041, 0x0041, 0x0041, 0x0041, 0x0041, 0x0041, 0x0041, 0x0041, 0x0041, 0x0041, 0x0041,
	0x0041, 0x0041, 0x0041, 0x0041, 0x0041, 0x0041, 0x0041, 0x0041, 0x0041, 0x0041, 0x0041, 0x0041,
	0x0041, 0x0041, 0x0041, 0x0041, 0x0041, 0x0041, 0x0041, 0x0041, 0x0041, 0x0041, 0x0041, 0x0041,
	0x0041, 0x0041, 0x0041, 0x0041, 0x0041, 0x0041, 0x0041, 0x0041, 0x0041, 0x0041, 0x0041, 0x0041,
	0x0041, 0x0041, 0x0041, 0x0041, 0x0041, 0x0041, 0x0041, 0x0041, 0x0041, 0x0041, 0x0041, 0x0041,
	0x0041, 0x0041, 0x0041, 0x0041, 0x0041, 0x0041, 0x0041, 0x0041, 0x0041, 0x0041, 0x0041, 0x0041,
	0x0041, 0x0041, 0x0041, 0x0041, 0x0041, 0x0041, 0x0041, 0x0041, 0x0041, 0x0041, 0x0041, 0x0041,
	0x0041, 0x0041, 0x0041, 0x0041, 0x0041, 0x0041, 0x0041, 0x0041, 0x0041, 0x0041, 0x0041, 0x0041,
	0x0041, 0x0041, 0x0041, 0x0041, 0x0041, 0x0041, 0x0041, 0x0041, 0x0041, 0x0041, 0x0041, 0x0041,
	0x0041, 0x0041, 0x0041, 0x0041, 0x0041, 0x0041, 0x0041, 0x0041, 0x0041, 0x0041, 0x0041, 0x0041,
	0x0041, 0x0041, 0x0041, 0x0041, 0x0041, 0x0041, 0x0041, 0x0041, 0x0041, 0x0041, 0x0041, 0x0041,
	0x0041, 0x0041, 0x0041, 0x0041, 0x0041, 0x0041, 0x0041, 0x0041, 0x0041, 0x0041, 0x0041, 0x0041,
	0x0041, 0x0041, 0x0041, 0x0041, 0x0041, 0x0041, 0x0041, 0x0041, 0x0041, 0x0041, 0x0041, 0x0041,
	0x0041, 0x0041, 0x0041, 0x0041, 0x0041, 0x0041, 0x0041, 0x0041, 0x0041, 0x0041, 0x0041, 0x0041,
	0x0041, 0x0041, 0x0041, 0x0041, 0x0041, 0x0041, 0x0041, 0x0041, 0x0041, 0x0041, 0x0041, 0x0041,
	0x0041, 0x0041, 0x0041, 0x0041, 0x0041, 0x0041, 0x0041, 0x52EB, 0x52EB, 0x0041, 0x0041, 0x0041,
	0x0041, 0x0041, 0x0041, 0x0041, 0x0041, 0x0041, 0x0041, 0x0041, 0x0041, 0x0041, 0x0041, 0x0041,
	0x0041, 0x0041, 0x0041, 0x0041, 0x0041, 0x0041, 0x0041, 0x0041, 0x0041, 0x0041, 0x0041, 0x0041,
	0x0041, 0x0041, 0x0041, 0x0041, 0x0041, 0x0041, 0x0041, 0x0041, 0x0041, 0x0041, 0x0041, 0x0041,
	0x0041, 0x0041, 0x0041, 0x0041, 0x0041, 0x0041, 0x0041, 0x0041, 0x0041, 0x0041, 0x0041, 0x0041,
	0x0041, 0x0041, 0x0041, 0x0041, 0x0041, 0x0041, 0x0041, 0x0041, 0x0041, 0x0041, 0x0041, 0x0041,
	0x0041, 0x0041, 0x0041, 0x0041, 0x0041, 0x0041, 0x0041, 0x0041, 0x0041, 0x0041, 0x0041, 0x0041,
	0x0041, 0x0041, 0x0041, 0x0041, 0x0041, 0x0041, 0x0041, 0x0041, 0x0041, 0x0041, 0x0041, 0x0041,
	0x0041, 0x0041, 0x0041, 0x0041, 0x0041, 0x0041, 0x0041, 0x0041, 0x0041, 0x0041, 0x0041, 0x0041,
	0x0041, 0x0041, 0x0041, 0x0041, 0x0041, 0x0041, 0x0041, 0x0041, 0x0041, 0x0041, 0x0041, 0x0041,
	0x0041, 0x0041, 0x0041, 0x0041, 0x0041, 0x0041, 0x0041, 0x0041, 0x0041, 0x0041, 0x0041, 0x0041,
	0x0041, 0x0041, 0x0041, 0x0041, 0x0041, 0x0041, 0x0041, 0x0041, 0x0041, 0x0041, 0x0041, 0x0041,
	0x0041, 0x0041, 0x0041, 0x0041, 0x0041, 0x0041, 0x0041, 0x0041, 0x0041, 0x0041, 0x0041, 0x0041,
	0x0041, 0x0041, 0x0041, 0x0041, 0x0041, 0x0041, 0x0041, 0x0041, 0x0041, 0x0041, 0x0041, 0x0041,
	0x0041, 0x0041, 0x0041, 0x0041, 0x0041, 0x0041, 0x0041, 0x0041, 0x0041, 0x0041, 0x0041, 0x0041,
	0x0041, 0x0041, 0x0041, 0x0041, 0x0041, 0x0041, 0x0041, 0x0041, 0x0041, 0x0041, 0x0041, 0x0041,
	0x0041, 0x0041, 0x0041, 0x0041, 0x0041, 0x0041, 0x0041, 0x0041, 0x0041, 0x0041, 0x0041, 0x0041,
	0x0041, 0x0041, 0x0041, 0x0041, 0x0041, 0x0041, 0x0041, 0x0041, 0x0041, 0x0041, 0x0041, 0x0041,
	0x0041, 0x0041, 0x0041, 0x0041, 0x0041, 0x0041, 0x0041, 0x0041, 0x0041, 0x0041, 0x0041, 0x0041,
	0x0041, 0x0041, 0x0041, 0x0041, 0x0041, 0x0041, 0x0041, 0x0041, 0x0041, 0x0041, 0x0041, 0x0041,
	0x0041, 0x0041, 0x0041, 0x0041, 0x0041, 0x52EB, 0x52EB, 0x0041, 0x0041, 0x0041, 0x0041, 0x0041,
	0x0041, 0x0041, 0x0041, 0x0041, 0x0041, 0x0041, 0x0041, 0x0041, 0x0041, 0x0041, 0x0041, 0x0041,
	0x0041, 0x0041, 0x0041, 0x0041, 0x0041, 0x0041, 0x0041, 0x0041, 0x0041, 0x0041, 0x0041, 0x0041,
	0x0041, 0x0041, 0x0041, 0x0041, 0x0041, 0x0041, 0x0041, 0x0041, 0x0041, 0x0041, 0x0041, 0x0041,
	0x0041, 0x0041, 0x0041, 0x0041, 0x0041, 0x0041, 0x0041, 0x0041, 0x0041, 0x0041, 0x0041, 0x0041,
	0x0041, 0x0041, 0x0041, 0x0041, 0x0041, 0x0041, 0x0041, 0x0041, 0x0041, 0x0041, 0x0041, 0x0041,
	0x0041, 0x0041, 0x0041, 0x0041, 0x0041, 0x0041, 0x0041, 0x0041, 0x0041, 0x0041, 0x0041, 0x0041,
	0x0041, 0x0041, 0x0041, 0x0041, 0x0041, 0x0041, 0x0041, 0x0041, 0x0041, 0x0041, 0x0041, 0x0041,
	0x0041, 0x0041, 0x0041, 0x0041, 0x0041, 0x0041, 0x0041, 0x0041, 0x0041, 0x0041, 0x0041, 0x0041,
	0x0041, 0x0041, 0x0041, 0x0041, 0x0041, 0x0041, 0x0041, 0x0041, 0x0041, 0x0041, 0x0041, 0x0041,
	0x0041, 0x0041, 0x0041, 0x0041, 0x0041, 0x0041, 0x0041, 0x0041, 0x0041, 0x0041, 0x0041, 0x0041,
	0x0041, 0x0041, 0x0041, 0x0041, 0x0041, 0x0041, 0x0041, 0x0041, 0x0041, 0x0041, 0x0041, 0x0041,
	0x0041, 0x0041, 0x0041, 0x0041, 0x0041, 0x0041, 0x0041, 0x0041, 0x0041, 0x0041, 0x0041, 0x0041,
	0x0041, 0x0041, 0x0041, 0x0041, 0x0041, 0x0041, 0x0041, 0x0041, 0x0041, 0x0041, 0x0041, 0x0041,
	0x0041, 0x0041, 0x0041, 0x0041, 0x0041, 0x0041, 0x0041, 0x0041, 0x0041, 0x0041, 0x0041, 0x0041,
	0x0041, 0x0041, 0x0041, 0x0041, 0x0041, 0x0041, 0x0041, 0x0041, 0x0041, 0x0041, 0x0041, 0x0041,
	0x0041, 0x0041, 0x0041, 0x0041, 0x0041, 0x0041, 0x0041, 0x0041, 0x0041, 0x0041, 0x0041, 0x0041,
	0x0041, 0x0041, 0x0041, 0x0041, 0x0041, 0x0041, 0x0041, 0x0041, 0x0041, 0x0041, 0x0041, 0x0041,
	0x0041, 0x0041, 0x0041, 0x0041, 0x0041, 0x0041, 0x0041, 0x0041, 0x0041, 0x0041, 0x0041, 0x0041,
	0x0041, 0x0041, 0x0041, 0x0041, 0x0041, 0x0041, 0x0041, 0x0041, 0x0041, 0x0041, 0x0041, 0x0041,
	0x0041, 0x0041, 0x0041, 0x52EB, 0x52EB, 0x0041, 0x0041, 0x0041, 0x0041, 0x0041, 0x0041, 0x0041,
	0x0041, 0x0041, 0x0041, 0x0041, 0x0041, 0x0041, 0x0041, 0x0041, 0x0041, 0x0041, 0x0041, 0x0041,
	0x0041, 0x0041, 0x0041, 0x0041, 0x0041, 0x0041, 0x0041, 0x0041, 0x0041, 0x0041, 0x0041, 0x0041,
	0x0041, 0x0041, 0x0041, 0x0041, 0x0041, 0x0041, 0x0041, 0x0041, 0x0041, 0x0041, 0x0041, 0x0041,
	0x0041, 0x0041, 0x0041, 0x0041, 0x0041, 0x0041, 0x0041, 0x0041, 0x0041, 0x0041, 0x0041, 0x0041,
	0x0041, 0x0041, 0x0041, 0x0041, 0x0041, 0x0041, 0x0041, 0x0041, 0x0041, 0x0041, 0x0041, 0x0041,
	0x0041, 0x0041, 0x0041, 0x0041, 0x0041, 0x0041, 0x0041, 0x0041, 0x0041, 0x0041, 0x0041, 0x0041,
	0x0041, 0x0041, 0x0041, 0x0041, 0x0041, 0x0041, 0x0041, 0x0041, 0x0041, 0x0041, 0x0041, 0x0041,
	0x0041, 0x0041, 0x0041, 0x0041, 0x0041, 0x0041, 0x0041, 0x0041, 0x0041, 0x0041, 0x0041, 0x0041,
	0x0041, 0x0041, 0x0041, 0x0041, 0x0041, 0x0041, 0x0041, 0x0041, 0x0041, 0x0041, 0x0041, 0x0041,
	0x0041, 0x0041, 0x0041, 0x0041, 0x0041, 0x0041, 0x0041, 0x0041, 0x0041, 0x0041, 0x0041, 0x0041,
	0x0041, 0x0041, 0x0041, 0x0041, 0x0041, 0x0041, 0x0041, 0x0041, 0x0041, 0x0041, 0x0041, 0x0041,
	0x0041, 0x0041, 0x0041, 0x0041, 0x0041, 0x0041, 0x0041, 0x0041, 0x0041, 0x0041, 0x0041, 0x0041,
	0x0041, 0x0041, 0x0041, 0x0041, 0x0041, 0x0041, 0x0041, 0x0041, 0x0041, 0x0041, 0x0041, 0x0041,
	0x0041, 0x0041, 0x0041, 0x0041, 0x0041, 0x0041, 0x0041, 0x0041, 0x0041, 0x0041, 0x0041, 0x0041,
	0x0041, 0x0041, 0x0041, 0x0041, 0x0041, 0x0041, 0x0041, 0x0041, 0x0041, 0x0041, 0x0041, 0x0041,
	0x0041, 0x0041, 0x0041, 0x0041, 0x0041, 0x0041, 0x0041, 0x0041, 0x0041, 0x0041, 0x0041, 0x0041,
	0x0041, 0x0041, 0x0041, 0x0041, 0x0041, 0x0041, 0x0041, 0x0041, 0x0041, 0x0041, 0x0041, 0x0041,
	0x0041, 0x0041, 0x0041, 0x0041, 0x0041, 0x0041, 0x0041, 0x0041, 0x0041, 0x0041, 0x0041, 0x0041,
	0x0041, 0x0041, 0x0041, 0x0041, 0x0041, 0x0041, 0x0041, 0x0041, 0x0041, 0x0041, 0x0041, 0x0041,
	0x0041, 0x52EB, 0x52EB, 0x0041, 0x0041, 0x0041, 0x0041, 0x0041, 0x0041, 0x0041, 0x0041, 0x0041,
	0x0041, 0x0041, 0x0041, 0x0041, 0x0041, 0x0041, 0x0041, 0x0041, 0x0041, 0x0041, 0x0041, 0x0041,
	0x0041, 0x0041, 0x0041, 0x0041, 0x0041, 0x0041, 0x0041, 0x0041, 0x0041, 0x0041, 0x0041, 0x0041,
	0x0041, 0x0041, 0x0041, 0x0041, 0x0041, 0x0041, 0x0041, 0x0041, 0x0041, 0x0041, 0x0041, 0x0041,
	0x0041, 0x0041, 0x0041, 0x0041, 0x0041, 0x0041, 0x0041, 0x0041, 0x0041, 0x0041, 0x0041, 0x0041,
	0x0041, 0x0041, 0x0041, 0x0041, 0x0041, 0x0041, 0x0041, 0x0041, 0x0041, 0x0041, 0x0041, 0x0041,
	0x0041, 0x0041, 0x0041, 0x0041, 0x0041, 0x0041, 0x0041, 0x0041, 0x0041, 0x0041, 0x0041, 0x0041,
	0x0041, 0x0041, 0x0041, 0x0041, 0x0041, 0x0041, 0x0041, 0x0041, 0x0041, 0x0041, 0x0041, 0x0041,
	0x0041, 0x0041, 0x0041, 0x0041, 0x0041, 0x0041, 0x0041, 0x0041, 0x0041, 0x0041, 0x0041, 0x0041,
	0x0041, 0x0041, 0x0041, 0x0041, 0x0041, 0x0041, 0x0041, 0x0041, 0x0041, 0x0041, 0x0041, 0x0041,
	0x0041, 0x0041, 0x0041, 0x0041, 0x0041, 0x0041, 0x0041, 0x0041, 0x0041, 0x0041, 0x0041, 0x0041,
	0x0041, 0x0041, 0x0041, 0x0041, 0x0041, 0x0041, 0x0041, 0x0041, 0x0041, 0x0041, 0x0041, 0x0041,
	0x0041, 0x0041, 0x0041, 0x0041, 0x0041, 0x0041, 0x0041, 0x0041, 0x0041, 0x0041, 0x0041, 0x0041,
	0x0041, 0x0041, 0x0041, 0x0041, 0x0041, 0x0041, 0x0041, 0x0041, 0x0041, 0x0041, 0x0041, 0x0041,
	0x0041, 0x0041, 0x0041, 0x0041, 0x0041, 0x0041, 0x0041, 0x0041, 0x0041, 0x0041, 0x0041, 0x0041,
	0x0041, 0x0041, 0x0041, 0x0041, 0x0041, 0x0041, 0x0041, 0x0041, 0x0041, 0x0041, 0x0041, 0x0041,
	0x0041, 0x0041, 0x0041, 0x0041, 0x0041, 0x0041, 0x0041, 0x0041, 0x0041, 0x0041, 0x0041, 0x0041,
	0x0041, 0x0041, 0x0041, 0x0041, 0x0041, 0x0041, 0x0041, 0x0041, 0x0041, 0x0041, 0x0041, 0x0041,
	0x0041, 0x0041, 0x0041, 0x0041, 0x0041, 0x0041, 0x0041, 0x0041, 0x0041, 0x0041, 0x0041, 0x0041,
	0x0041, 0x0041, 0x0041, 0x0041, 0x0041, 0x0041, 0x0041, 0x0041, 0x0041, 0x0041, 0x0041, 0x52EB,
	0x52EB, 0x0041, 0x0041, 0x0041, 0x0041, 0x0041, 0x0041, 0x0041, 0x0041, 0x0041, 0x0041, 0x0041,
	0x0041, 0x0041, 0x0041, 0x0041, 0x0041, 0x0041, 0x0041, 0x0041, 0x0041, 0x0041, 0x0041, 0x0041,
	0x0041, 0x0041, 0x0041, 0x0041, 0x0041, 0x0041, 0x0041, 0x0041, 0x0041, 0x0041, 0x0041, 0x0041,
	0x0041, 0x0041, 0x0041, 0x0041, 0x0041, 0x0041, 0x0041, 0x0041, 0x0041, 0x0041, 0x0041, 0x0041,
	0x0041, 0x0041, 0x0041, 0x0041, 0x0041, 0x0041, 0x0041, 0x0041, 0x0041, 0x0041, 0x0041, 0x0041,
	0x0041, 0x0041, 0x0041, 0x0041, 0x0041, 0x0041, 0x0041, 0x0041, 0x0041, 0x0041, 0x0041, 0x0041,
	0x0041, 0x0041, 0x0041, 0x0041, 0x0041, 0x0041, 0x0041, 0x0041, 0x0041, 0x0041, 0x0041, 0x0041,
	0x0041, 0x0041, 0x0041, 0x0041, 0x0041, 0x0041, 0x0041, 0x0041, 0x0041, 0x0041, 0x0041, 0x0041,
	0x0041, 0x0041, 0x0041, 0x0041, 0x0041, 0x0041, 0x0041, 0x0041, 0x0041, 0x0041, 0x0041, 0x0041,
	0x0041, 0x0041, 0x0041, 0x0041, 0x0041, 0x0041, 0x0041, 0x0041, 0x0041, 0x0041, 0x0041, 0x0041,
	0x0041, 0x0041, 0x0041, 0x0041, 0x0041, 0x0041, 0x0041, 0x0041, 0x0041, 0x0041, 0x0041, 0x0041,
	0x0041, 0x0041, 0x0041, 0x0041, 0x0041, 0x0041, 0x0041, 0x0041, 0x0041, 0x0041, 0x0041, 0x0041,
	0x0041, 0x0041, 0x0041, 0x0041, 0x0041, 0x0041, 0x0041, 0x0041, 0x0041, 0x0041, 0x0041, 0x0041,
	0x0041, 0x0041, 0x0041, 0x0041, 0x0041, 0x0041, 0x0041, 0x0041, 0x0041, 0x0041, 0x0041, 0x0041,
	0x0041, 0x0041, 0x0041, 0x0041, 0x0041, 0x0041, 0x0041, 0x0041, 0x0041, 0x0041, 0x0041, 0x0041,
	0x0041, 0x0041, 0x0041, 0x0041, 0x0041, 0x0041, 0x0041, 0x0041, 0x0041, 0x0041, 0x0041, 0x0041,
	0x0041, 0x0041, 0x0041, 0x0041, 0x0041, 0x0041, 0x0041, 0x0041, 0x0041, 0x0041, 0x0041, 0x0041,
	0x0041, 0x0041, 0x0041, 0x0041, 0x0041, 0x0041, 0x0041, 0x0041, 0x0041, 0x0041, 0x0041, 0x0041,
	0x0041, 0x0041, 0x0041, 0x0041, 0x0041, 0x0041, 0x0041, 0x0041, 0x0041, 0x0041, 0x0041, 0x0041,
	0x0041, 0x0041, 0x0041, 0x0041, 0x0041, 0x0041, 0x0041, 0x0041, 0x0041, 0x52EB, 0x52EB, 0x0041,
	0x0041, 0x0041, 0x0041, 0x0041, 0x0041, 0x0041, 0x0041, 0x0041, 0x0041, 0x0041, 0x0041, 0x0041,
	0x0041, 0x0041, 0x0041, 0x0041, 0x0041, 0x0041, 0x0041, 0x0041, 0x0041, 0x0041, 0x0041, 0x0041,
	0x0041, 0x0041, 0x0041, 0x0041, 0x0041, 0x0041, 0x0041, 0x0041, 0x0041, 0x0041, 0x0041, 0x0041,
	0x0041, 0x0041, 0x0041, 0x0041, 0x0041, 0x0041, 0x0041, 0x0041, 0x0041, 0x0041, 0x0041, 0x0041,
	0x0041, 0x0041, 0x0041, 0x0041, 0x0041, 0x0041, 0x0041, 0x0041, 0x0041, 0x0041, 0x0041, 0x0041,
	0x0041, 0x0041, 0x0041, 0x0041, 0x0041, 0x0041, 0x0041, 0x0041, 0x0041, 0x0041, 0x0041, 0x0041,
	0x0041, 0x0041, 0x0041, 0x0041, 0x0041, 0x0041, 0x0041, 0x0041, 0x0041, 0x0041, 0x0041, 0x0041,
	0x0041, 0x0041, 0x0041, 0x0041, 0x0041, 0x0041, 0x0041, 0x0041, 0x0041, 0x0041, 0x0041, 0x0041,
	0x0041, 0x0041, 0x0041, 0x0041, 0x0041, 0x0041, 0x0041, 0x0041, 0x0041, 0x0041, 0x0041, 0x0041,
	0x0041, 0x0041, 0x0041, 0x0041, 0x0041, 0x0041, 0x0041, 0x0041, 0x0041, 0x0041, 0x0041, 0x0041,
	0x0041, 0x0041, 0x0041, 0x0041, 0x0041, 0x0041, 0x0041, 0x0041, 0x0041, 0x0041, 0x0041, 0x0041,
	0x0041, 0x0041, 0x0041, 0x0041, 0x0041, 0x0041, 0x0041, 0x0041, 0x0041, 0x0041, 0x0041, 0x0041,
	0x0041, 0x0041, 0x0041, 0x0041, 0x0041, 0x0041, 0x0041, 0x0041, 0x0041, 0x0041, 0x0041, 0x0041,
	0x0041, 0x0041, 0x0041, 0x0041, 0x0041, 0x0041, 0x0041, 0x0041, 0x0041, 0x0041, 0x0041, 0x0041,
	0x0041, 0x0041, 0x0041, 0x0041, 0x0041, 0x0041, 0x0041, 0x0041, 0x0041, 0x0041, 0x0041, 0x0041,
	0x0041, 0x0041, 0x0041, 0x0041, 0x0041, 0x0041, 0x0041, 0x0041, 0x0041, 0x0041, 0x0041, 0x0041,
	0x0041, 0x0041, 0x0041, 0x0041, 0x0041, 0x0041, 0x0041, 0x0041, 0x0041, 0x0041, 0x0041, 0x0041,
	0x0041, 0x0041, 0x0041, 0x0041, 0x0041, 0x0041, 0x0041, 0x0041, 0x0041, 0x0041, 0x0041, 0x0041,
	0x0041, 0x0041, 0x0041, 0x0041, 0x0041, 0x0041, 0x0041, 0x0041, 0x0041, 0x0041, 0x0041, 0x0041,
	0x0041, 0x0041, 0x0041, 0x0041, 0x0041, 0x0041, 0x0041, 0x52EB, 0x52EB, 0x0041, 0x0041, 0x0041,
	0x0041, 0x0041, 0x0041, 0x0041, 0x0041, 0x0041, 0x0041, 0x0041, 0x0041, 0x0041, 0x0041, 0x0041,
	0x0041, 0x0041, 0x0041, 0x0041, 0x0041, 0x0041, 0x0041, 0x0041, 0x0041, 0x0041, 0x0041, 0x0041,
	0x0041, 0x0041, 0x0041, 0x0041, 0x0041, 0x0041, 0x0041, 0x0041, 0x0041, 0x0041, 0x0041, 0x0041,
	0x0041, 0x0041, 0x0041, 0x0041, 0x0041, 0x0041, 0x0041, 0x0041, 0x0041, 0x0041, 0x0041, 0x0041,
	0x0041, 0x0041, 0x0041, 0x0041, 0x0041, 0x0041, 0x0041, 0x0041, 0x0041, 0x0041, 0x0041, 0x0041,
	0x0041, 0x0041, 0x0041, 0x0041, 0x0041, 0x0041, 0x0041, 0x0041, 0x0041, 0x0041, 0x0041, 0x0041,
	0x0041, 0x0041, 0x0041, 0x0041, 0x0041, 0x0041, 0x0041, 0x0041, 0x0041, 0x0041, 0x0041, 0x0041,
	0x0041, 0x0041, 0x0041, 0x0041, 0x0041, 0x0041, 0x0041, 0x0041, 0x0041, 0x0041, 0x0041, 0x0041,
	0x0041, 0x0041, 0x0041, 0x0041, 0x0041, 0x0041, 0x0041, 0x0041, 0x0041, 0x0041, 0x0041, 0x0041,
	0x0041, 0x0041, 0x0041, 0x0041, 0x0041, 0x0041, 0x0041, 0x0041, 0x0041, 0x0041, 0x0041, 0x0041,
	0x0041, 0x0041, 0x0041, 0x0041, 0x0041, 0x0041, 0x0041, 0x0041, 0x0041, 0x0041, 0x0041, 0x0041,
	0x0041, 0x0041, 0x0041, 0x0041, 0x0041, 0x0041, 0x0041, 0x0041, 0x0041, 0x0041, 0x0041, 0x0041,
	0x0041, 0x0041, 0x0041, 0x0041, 0x0041, 0x0041, 0x0041, 0x0041, 0x0041, 0x0041, 0x0041, 0x0041,
	0x0041, 0x0041, 0x0041, 0x0041, 0x0041, 0x0041, 0x0041, 0x0041, 0x0041, 0x0041, 0x0041, 0x0041,
	0x0041, 0x0041, 0x0041, 0x0041, 0x0041, 0x0041, 0x0041, 0x0041, 0x0041, 0x0041, 0x0041, 0x0041,
	0x0041, 0x0041, 0x0041, 0x0041, 0x0041, 0x0041, 0x0041, 0x0041, 0x0041, 0x0041, 0x0041, 0x0041,
	0x0041, 0x0041, 0x0041, 0x0041, 0x0041, 0x0041, 0x0041, 0x0041, 0x0041, 0x0041, 0x0041, 0x0041,
	0x0041, 0x0041, 0x0041, 0x0041, 0x0041, 0x0041, 0x0041, 0x0041, 0x0041, 0x0041, 0x0041, 0x0041,
	0x0041, 0x0041, 0x0041, 0x0041, 0x0041, 0x0041, 0x0041, 0x0041, 0x0041, 0x0041, 0x0041, 0x0041,
	0x0041, 0x0041, 0x0041, 0x0041, 0x0041, 0x52EB, 0x52EB, 0x0041, 0x0041, 0x0041, 0x0041, 0x0041,
	0x0041, 0x0041, 0x0041, 0x0041, 0x0041, 0x0041, 0x0041, 0x0041, 0x0041, 0x0041, 0x0041, 0x0041,
	0x0041, 0x0041, 0x0041, 0x0041, 0x0041, 0x0041, 0x0041, 0x0041, 0x0041, 0x0041, 0x0041, 0x0041,
	0x0041, 0x0041, 0x0041, 0x0041, 0x0041, 0x0041, 0x0041, 0x0041, 0x0041, 0x0041, 0x0041, 0x0041,
	0x0041, 0x0041, 0x0041, 0x0041, 0x0041, 0x0041, 0x0041, 0x0041, 0x0041, 0x0041, 0x0041, 0x0041,
	0x0041, 0x0041, 0x0041, 0x0041, 0x0041, 0x0041, 0x0041, 0x0041, 0x0041, 0x0041, 0x0041, 0x0041,
	0x0041, 0x0041, 0x0041, 0x0041, 0x0041, 0x0041, 0x0041, 0x0041, 0x0041, 0x0041, 0x0041, 0x0041,
	0x0041, 0x0041, 0x0041, 0x0041, 0x0041, 0x0041, 0x0041, 0x0041, 0x0041, 0x0041, 0x0041, 0x0041,
	0x0041, 0x0041, 0x0041, 0x0041, 0x0041, 0x0041, 0x0041, 0x0041, 0x0041, 0x0041, 0x0041, 0x0041,
	0x0041, 0x0041, 0x0041, 0x0041, 0x0041, 0x0041, 0x0041, 0x0041, 0x0041, 0x0041, 0x0041, 0x0041,
	0x0041, 0x0041, 0x0041, 0x0041, 0x0041, 0x0041, 0x0041, 0x0041, 0x0041, 0x0041, 0x0041, 0x0041,
	0x0041, 0x0041, 0x0041, 0x0041, 0x0041, 0x0041, 0x0041, 0x0041, 0x0041, 0x0041, 0x0041, 0x0041,
	0x0041, 0x0041, 0x0041, 0x0041, 0x0041, 0x0041, 0x0041, 0x0041, 0x0041, 0x0041, 0x0041, 0x0041,
	0x0041, 0x0041, 0x0041, 0x0041, 0x0041, 0x0041, 0x0041, 0x0041, 0x0041, 0x0041, 0x0041, 0x0041,
	0x0041, 0x0041, 0x0041, 0x0041, 0x0041, 0x0041, 0x0041, 0x0041, 0x0041, 0x0041, 0x0041, 0x0041,
	0x0041, 0x0041, 0x0041, 0x0041, 0x0041, 0x0041, 0x0041, 0x0041, 0x0041, 0x0041, 0x0041, 0x0041,
	0x0041, 0x0041, 0x0041, 0x0041, 0x0041, 0x0041, 0x0041, 0x0041, 0x0041, 0x0041, 0x0041, 0x0041,
	0x0041, 0x0041, 0x0041, 0x0041, 0x0041, 0x0041, 0x0041, 0x0041, 0x0041, 0x0041, 0x0041, 0x0041,
	0x0041, 0x0041, 0x0041, 0x0041, 0x0041, 0x0041, 0x0041, 0x0041, 0x0041, 0x0041, 0x0041, 0x0041,
	0x0041, 0x0041, 0x0041, 0x0041, 0x0041, 0x0041, 0x0041, 0x0041, 0x0041, 0x0041, 0x0041, 0x0041,
	0x0041, 0x0041, 0x0041, 0x52EB, 0x52EB, 0x0041, 0x0041, 0x0041, 0x0041, 0x0041, 0x0041, 0x0041,
	0x0041, 0x0041, 0x0041, 0x0041, 0x0041, 0x0041, 0x0041, 0x0041, 0x0041, 0x0041, 0x0041, 0x0041,
	0x0041, 0x0041, 0x0041, 0x0041, 0x0041, 0x0041, 0x0041, 0x0041, 0x0041, 0x0041, 0x0041, 0x0041,
	0x0041, 0x0041, 0x0041, 0x0041, 0x0041, 0x0041, 0x0041, 0x0041, 0x0041, 0x0041, 0x0041, 0x0041,
	0x0041, 0x0041, 0x0041, 0x0041, 0x0041, 0x0041, 0x0041, 0x0041, 0x0041, 0x0041, 0x0041, 0x0041,
	0x0041, 0x0041, 0x0041, 0x0041, 0x0041, 0x0041, 0x0041, 0x0041, 0x0041, 0x0041, 0x0041, 0x0041,
	0x0041, 0x0041, 0x0041, 0x0041, 0x0041, 0x0041, 0x0041, 0x0041, 0x0041, 0x0041, 0x0041, 0x0041,
	0x0041, 0x0041, 0x0041, 0x0041, 0x0041, 0x0041, 0x0041, 0x0041, 0x0041, 0x0041, 0x0041, 0x0041,
	0x0041, 0x0041, 0x0041, 0x0041, 0x0041, 0x0041, 0x0041, 0x0041, 0x0041, 0x0041, 0x0041, 0x0041,
	0x0041, 0x0041, 0x0041, 0x0041, 0x0041, 0x0041, 0x0041, 0x0041, 0x0041, 0x0041, 0x0041, 0x0041,
	0x0041, 0x0041, 0x0041, 0x0041, 0x0041, 0x0041, 0x0041, 0x0041, 0x0041, 0x0041, 0x0041, 0x0041,
	0x0041, 0x0041, 0x0041, 0x0041, 0x0041, 0x0041, 0x0041, 0x0041, 0x0041, 0x0041, 0x0041, 0x0041,
	0x0041, 0x0041, 0x0041, 0x0041, 0x0041, 0x0041, 0x0041, 0x0041, 0x0041, 0x0041, 0x0041, 0x0041,
	0x0041, 0x0041, 0x0041, 0x0041, 0x0041, 0x0041, 0x0041, 0x0041, 0x0041, 0x0041, 0x0041, 0x0041,
	0x0041, 0x0041, 0x0041, 0x0041, 0x0041, 0x0041, 0x0041, 0x0041, 0x0041, 0x0041, 0x0041, 0x0041,
	0x0041, 0x0041, 0x0041, 0x0041, 0x0041, 0x0041, 0x0041, 0x0041, 0x0041, 0x0041, 0x0041, 0x0041,
	0x0041, 0x0041, 0x0041, 0x0041, 0x0041, 0x0041, 0x0041, 0x0041, 0x0041, 0x0041, 0x0041, 0x0041,
	0x0041, 0x0041, 0x0041, 0x0041, 0x0041, 0x0041, 0x0041, 0x0041, 0x0041, 0x0041, 0x0041, 0x0041,
	0x0041, 0x0041, 0x0041, 0x0041, 0x0041, 0x0041, 0x0041, 0x0041, 0x0041, 0x0041, 0x0041, 0x0041,
	0x0041, 0x0041, 0x0041, 0x0041, 0x0041, 0x0041, 0x0041, 0x0041, 0x0041, 0x0041, 0x0041, 0x0041,
	0x0041, 0x52EB, 0x52EB, 0x0041, 0x0041, 0x0041, 0x0041, 0x0041, 0x0041, 0x0041, 0x0041, 0x0041,
	0x0041, 0x0041, 0x0041, 0x0041, 0x0041, 0x0041, 0x0041, 0x0041, 0x0041, 0x0041, 0x0041, 0x0041,
	0x0041, 0x0041, 0x0041, 0x0041, 0x0041, 0x0041, 0x0041, 0x0041, 0x0041, 0x0041, 0x0041, 0x0041,
	0x0041, 0x0041, 0x0041, 0x0041, 0x0041, 0x0041, 0x0041, 0x0041, 0x0041, 0x0041, 0x0041, 0x0041,
	0x0041, 0x0041, 0x0041, 0x0041, 0x0041, 0x0041, 0x0041, 0x0041, 0x0041, 0x0041, 0x0041, 0x0041,
	0x0041, 0x0041, 0x0041, 0x0041, 0x0041, 0x0041, 0x0041, 0x0041, 0x0041, 0x0041, 0x0041, 0x0041,
	0x0041, 0x0041, 0x0041, 0x0041, 0x0041, 0x0041, 0x0041, 0x0041, 0x0041, 0x0041, 0x0041, 0x0041,
	0x0041, 0x0041, 0x0041, 0x0041, 0x0041, 0x0041, 0x0041, 0x0041, 0x0041, 0x0041, 0x0041, 0x0041,
	0x0041, 0x0041, 0x0041, 0x0041, 0x0041, 0x0041, 0x0041, 0x0041, 0x0041, 0x0041, 0x0041, 0x0041,
	0x0041, 0x0041, 0x0041, 0x0041, 0x0041, 0x0041, 0x0041, 0x0041, 0x0041, 0x0041, 0x0041, 0x0041,
	0x0041, 0x0041, 0x0041, 0x0041, 0x0041, 0x0041, 0x0041, 0x0041, 0x0041, 0x0041, 0x0041, 0x0041,
	0x0041, 0x0041, 0x0041, 0x0041, 0x0041, 0x0041, 0x0041, 0x0041, 0x0041, 0x0041, 0x0041, 0x0041,
	0x0041, 0x0041, 0x0041, 0x0041, 0x0041, 0x0041, 0x0041, 0x0041, 0x0041, 0x0041, 0x0041, 0x0041,
	0x0041, 0x0041, 0x0041, 0x0041, 0x0041, 0x0041, 0x0041, 0x0041, 0x0041, 0x0041, 0x0041, 0x0041,
	0x0041, 0x0041, 0x0041, 0x0041, 0x0041, 0x0041, 0x0041, 0x0041, 0x0041, 0x0041, 0x0041, 0x0041,
	0x0041, 0x0041, 0x0041, 0x0041, 0x0041, 0x0041, 0x0041, 0x0041, 0x0041, 0x0041, 0x0041, 0x0041,
	0x0041, 0x0041, 0x0041, 0x0041, 0x0041, 0x0041, 0x0041, 0x0041, 0x0041, 0x0041, 0x0041, 0x0041,
	0x0041, 0x0041, 0x0041, 0x0041, 0x0041, 0x0041, 0x0041, 0x0041, 0x0041, 0x0041, 0x0041, 0x0041,
	0x0041, 0x0041, 0x0041, 0x0041, 0x0041, 0x0041, 0x0041, 0x0041, 0x0041, 0x0041, 0x0041, 0x0041,
	0x0041, 0x0041, 0x0041, 0x0041, 0x0041, 0x0041, 0x0041, 0x0041, 0x0041, 0x0041, 0x0041, 0x52EB,
	0x52EB, 0x0041, 0x0041, 0x0041, 0x0041, 0x0041, 0x0041, 0x0041, 0x0041, 0x0041, 0x0041, 0x0041,
	0x0041, 0x0041, 0x0041, 0x0041, 0x0041, 0x0041, 0x0041, 0x0041, 0x0041, 0x0041, 0x0041, 0x0041,
	0x0041, 0x0041, 0x0041, 0x0041, 0x0041, 0x0041, 0x0041, 0x0041, 0x0041, 0x0041, 0x0041, 0x0041,
	0x0041, 0x0041, 0x0041, 0x0041, 0x0041, 0x0041, 0x0041, 0x0041, 0x0041, 0x0041, 0x0041, 0x0041,
	0x0041, 0x0041, 0x0041, 0x0041, 0x0041, 0x0041, 0x0041, 0x0041, 0x0041, 0x0041, 0x0041, 0x0041,
	0x0041, 0x0041, 0x0041, 0x0041, 0x0041, 0x0041, 0x0041, 0x0041, 0x0041, 0x0041, 0x0041, 0x0041,
	0x0041, 0x0041, 0x0041, 0x0041, 0x0041, 0x0041, 0x0041, 0x0041, 0x0041, 0x0041, 0x0041, 0x0041,
	0x0041, 0x0041, 0x0041, 0x0041, 0x0041, 0x0041, 0x0041, 0x0041, 0x0041, 0x0041, 0x0041, 0x0041,
	0x0041, 0x0041, 0x0041, 0x0041, 0x0041, 0x0041, 0x0041, 0x0041, 0x0041, 0x0041, 0x0041, 0x0041,
	0x0041, 0x0041, 0x0041, 0x0041, 0x0041, 0x0041, 0x0041, 0x0041, 0x0041, 0x0041, 0x0041, 0x0041,
	0x0041, 0x0041, 0x0041, 0x0041, 0x0041, 0x0041, 0x0041, 0x0041, 0x0041, 0x0041, 0x0041, 0x0041,
	0x0041, 0x0041, 0x0041, 0x0041, 0x0041, 0x0041, 0x0041, 0x0041, 0x0041, 0x0041, 0x0041, 0x0041,
	0x0041, 0x0041, 0x0041, 0x0041, 0x0041, 0x0041, 0x0041, 0x0041, 0x0041, 0x0041, 0x0041, 0x0041,
	0x0041, 0x0041, 0x0041, 0x0041, 0x0041, 0x0041, 0x0041, 0x0041, 0x0041, 0x0041, 0x0041, 0x0041,
	0x0041, 0x0041, 0x0041, 0x0041, 0x0041, 0x0041, 0x0041, 0x0041, 0x0041, 0x0041, 0x0041, 0x0041,
	0x0041, 0x0041, 0x0041, 0x0041, 0x0041, 0x0041, 0x0041, 0x0041, 0x0041, 0x0041, 0x0041, 0x0041,
	0x0041, 0x0041, 0x0041, 0x0041, 0x0041, 0x0041, 0x0041, 0x0041, 0x0041, 0x0041, 0x0041, 0x0041,
	0x0041, 0x0041, 0x0041, 0x0041, 0x0041, 0x0041, 0x0041, 0x0041, 0x0041, 0x0041, 0x0041, 0x0041,
	0x0041, 0x0041, 0x0041, 0x0041, 0x0041, 0x0041, 0x0041, 0x0041, 0x0041, 0x0041, 0x0041, 0x0041,
	0x0041, 0x0041, 0x0041, 0x0041, 0x0041, 0x0041, 0x0041, 0x0041, 0x0041, 0x52EB, 0x52EB, 0x0041,
	0x0041, 0x0041, 0x0041, 0x0041, 0x0041, 0x0041, 0x0041, 0x0041, 0x0041, 0x0041, 0x0041, 0x0041,
	0x0041, 0x0041, 0x0041, 0x0041, 0x0041, 0x0041, 0x0041, 0x0041, 0x0041, 0x0041, 0x0041, 0x0041,
	0x0041, 0x0041, 0x0041, 0x0041, 0x0041, 0x0041, 0x0041, 0x0041, 0x0041, 0x0041, 0x0041, 0x0041,
	0x0041, 0x0041, 0x0041, 0x0041, 0x0041, 0x0041, 0x0041, 0x0041, 0x0041, 0x0041, 0x0041, 0x0041,
	0x0041, 0x0041, 0x0041, 0x0041, 0x0041, 0x0041, 0x0041, 0x0041, 0x0041, 0x0041, 0x0041, 0x0041,
	0x0041, 0x0041, 0x0041, 0x0041, 0x0041, 0x0041, 0x0041, 0x0041, 0x0041, 0x0041, 0x0041, 0x0041,
	0x0041, 0x0041, 0x0041, 0x0041, 0x0041, 0x0041, 0x0041, 0x0041, 0x0041, 0x0041, 0x0041, 0x0041,
	0x0041, 0x0041, 0x0041, 0x0041, 0x0041, 0x0041, 0x0041, 0x0041, 0x0041, 0x0041, 0x0041, 0x0041,
	0x0041, 0x0041, 0x0041, 0x0041, 0x0041, 0x0041, 0x0041, 0x0041, 0x0041, 0x0041, 0x0041, 0x0041,
	0x0041, 0x0041, 0x0041, 0x0041, 0x0041, 0x0041, 0x0041, 0x0041, 0x0041, 0x0041, 0x0041, 0x0041,
	0x0041, 0x0041, 0x0041, 0x0041, 0x0041, 0x0041, 0x0041, 0x0041, 0x0041, 0x0041, 0x0041, 0x0041,
	0x0041, 0x0041, 0x0041, 0x0041, 0x0041, 0x0041, 0x0041, 0x0041, 0x0041, 0x0041, 0x0041, 0x0041,
	0x0041, 0x0041, 0x0041, 0x0041, 0x0041, 0x0041, 0x0041, 0x0041, 0x0041, 0x0041, 0x0041, 0x0041,
	0x0041, 0x0041, 0x0041, 0x0041, 0x0041, 0x0041, 0x0041, 0x0041, 0x0041, 0x0041, 0x0041, 0x0041,
	0x0041, 0x0041, 0x0041, 0x0041, 0x0041, 0x0041, 0x0041, 0x0041, 0x0041, 0x0041, 0x0041, 0x0041,
	0x0041, 0x0041, 0x0041, 0x0041, 0x0041, 0x0041, 0x0041, 0x0041, 0x0041, 0x0041, 0x0041, 0x0041,
	0x0041, 0x0041, 0x0041, 0x0041, 0x0041, 0x0041, 0x0041, 0x0041, 0x0041, 0x0041, 0x0041, 0x0041,
	0x0041, 0x0041, 0x0041, 0x0041, 0x0041, 0x0041, 0x0041, 0x0041, 0x0041, 0x0041, 0x0041, 0x0041,
	0x0041, 0x0041, 0x0041, 0x0041, 0x0041, 0x0041, 0x0041, 0x0041, 0x0041, 0x0041, 0x0041, 0x0041,
	0x0041, 0x0041, 0x0041, 0x0041, 0x0041, 0x0041, 0x0041, 0x52EB, 0x52EB, 0x0041, 0x0041, 0x0041,
	0x0041, 0x0041, 0x0041, 0x0041, 0x0041, 0x0041, 0x0041, 0x0041, 0x0041, 0x0041, 0x0041, 0x0041,
	0x0041, 0x0041, 0x0041, 0x0041, 0x0041, 0x0041, 0x0041, 0x0041, 0x0041, 0x0041, 0x0041, 0x0041,
	0x0041, 0x0041, 0x0041, 0x0041, 0x0041, 0x0041, 0x0041, 0x0041, 0x0041, 0x0041, 0x0041, 0x0041,
	0x0041, 0x0041, 0x0041, 0x0041, 0x0041, 0x0041, 0x0041, 0x0041, 0x0041, 0x0041, 0x0041, 0x0041,
	0x0041, 0x0041, 0x0041, 0x0041, 0x0041, 0x0041, 0x0041, 0x0041, 0x0041, 0x0041, 0x0041, 0x0041,
	0x0041, 0x0041, 0x0041, 0x0041, 0x0041, 0x0041, 0x0041, 0x0041, 0x0041, 0x0041, 0x0041, 0x0041,
	0x0041, 0x0041, 0x0041, 0x0041, 0x0041, 0x0041, 0x0041, 0x0041, 0x0041, 0x0041, 0x0041, 0x0041,
	0x0041, 0x0041, 0x0041, 0x0041, 0x0041, 0x0041, 0x0041, 0x0041, 0x0041, 0x0041, 0x0041, 0x0041,
	0x0041, 0x0041, 0x0041, 0x0041, 0x0041, 0x0041, 0x0041, 0x0041, 0x0041, 0x0041, 0x0041, 0x0041,
	0x0041, 0x0041, 0x0041, 0x0041, 0x0041, 0x0041, 0x0041, 0x0041, 0x0041, 0x0041, 0x0041, 0x0041,
	0x0041, 0x0041, 0x0041, 0x0041, 0x0041, 0x0041, 0x0041, 0x0041, 0x0041, 0x0041, 0x0041, 0x0041,
	0x0041, 0x0041, 0x0041, 0x0041, 0x0041, 0x0041, 0x0041, 0x0041, 0x0041, 0x0041, 0x0041, 0x0041,
	0x0041, 0x0041, 0x0041, 0x0041, 0x0041, 0x0041, 0x0041, 0x0041, 0x0041, 0x0041, 0x0041, 0x0041,
	0x0041, 0x0041, 0x0041, 0x0041, 0x0041, 0x0041, 0x0041, 0x0041, 0x0041, 0x0041, 0x0041, 0x0041,
	0x0041, 0x0041, 0x0041, 0x0041, 0x0041, 0x0041, 0x0041, 0x0041, 0x0041, 0x0041, 0x0041, 0x0041,
	0x0041, 0x0041, 0x0041, 0x0041, 0x0041, 0x0041, 0x0041, 0x0041, 0x0041, 0x0041, 0x0041, 0x0041,
	0x0041, 0x0041, 0x0041, 0x0041, 0x0041, 0x0041, 0x0041, 0x0041, 0x0041, 0x0041, 0x0041, 0x0041,
	0x0041, 0x0041, 0x0041, 0x0041, 0x0041, 0x0041, 0x0041, 0x0041, 0x0041, 0x0041, 0x0041, 0x0041,
	0x0041, 0x0041, 0x0041, 0x0041, 0x0041, 0x0041, 0x0041, 0x0041, 0x0041, 0x0041, 0x0041, 0x0041,
	0x0041, 0x0041, 0x0041, 0x0041, 0x0041, 0x52EB, 0x52EB, 0x0041, 0x0041, 0x0041, 0x0041, 0x0041,
	0x0041, 0x0041, 0x0041, 0x0041, 0x0041, 0x0041, 0x0041, 0x0041, 0x0041, 0x0041, 0x0041, 0x0041,
	0x0041, 0x0041, 0x0041, 0x0041, 0x0041, 0x0041, 0x0041, 0x0041, 0x0041, 0x0041, 0x0041, 0x0041,
	0x0041, 0x0041, 0x0041, 0x0041, 0x0041, 0x0041, 0x0041, 0x0041, 0x0041, 0x0041, 0x0041, 0x0041,
	0x0041, 0x0041, 0x0041, 0x0041, 0x0041, 0x0041, 0x0041, 0x0041, 0x0041, 0x0041, 0x0041, 0x0041,
	0x0041, 0x0041, 0x0041, 0x0041, 0x0041, 0x0041, 0x0041, 0x0041, 0x0041, 0x0041, 0x0041, 0x0041,
	0x0041, 0x0041, 0x0041, 0x0041, 0x0041, 0x0041, 0x0041, 0x0041, 0x0041, 0x0041, 0x0041, 0x0041,
	0x0041, 0x0041, 0x0041, 0x0041, 0x0041, 0x0041, 0x0041, 0x0041, 0x0041, 0x0041, 0x0041, 0x0041,
	0x0041, 0x0041, 0x0041, 0x0041, 0x0041, 0x0041, 0x0041, 0x0041, 0x0041, 0x0041, 0x0041, 0x0041,
	0x0041, 0x0041, 0x0041, 0x0041, 0x0041, 0x0041, 0x0041, 0x0041, 0x0041, 0x0041, 0x0041, 0x0041,
	0x0041, 0x0041, 0x0041, 0x0041, 0x0041, 0x0041, 0x0041, 0x0041, 0x0041, 0x0041, 0x0041, 0x0041,
	0x0041, 0x0041, 0x0041, 0x0041, 0x0041, 0x0041, 0x0041, 0x0041, 0x0041, 0x0041, 0x0041, 0x0041,
	0x0041, 0x0041, 0x0041, 0x0041, 0x0041, 0x0041, 0x0041, 0x0041, 0x0041, 0x0041, 0x0041, 0x0041,
	0x0041, 0x0041, 0x0041, 0x0041, 0x0041, 0x0041, 0x0041, 0x0041, 0x0041, 0x0041, 0x0041, 0x0041,
	0x0041, 0x0041, 0x0041, 0x0041, 0x0041, 0x0041, 0x0041, 0x0041, 0x0041, 0x0041, 0x0041, 0x0041,
	0x0041, 0x0041, 0x0041, 0x0041, 0x0041, 0x0041, 0x0041, 0x0041, 0x0041, 0x0041, 0x0041, 0x0041,
	0x0041, 0x0041, 0x0041, 0x0041, 0x0041, 0x0041, 0x0041, 0x0041, 0x0041, 0x0041, 0x0041, 0x0041,
	0x0041, 0x0041, 0x0041, 0x0041, 0x0041, 0x0041, 0x0041, 0x0041, 0x0041, 0x0041, 0x0041, 0x0041,
	0x0041, 0x0041, 0x0041, 0x0041, 0x0041, 0x0041, 0x0041, 0x0041, 0x0041, 0x0041, 0x0041, 0x0041,
	0x0041, 0x0041, 0x0041, 0x0041, 0x0041, 0x0041, 0x0041, 0x0041, 0x0041, 0x0041, 0x0041, 0x0041,
	0x0041, 0x0041, 0x0041, 0x52EB, 0x52EB, 0x0041, 0x0041, 0x0041, 0x0041, 0x0041, 0x0041, 0x0041,
	0x0041, 0x0041, 0x0041, 0x0041, 0x0041, 0x0041, 0x0041, 0x0041, 0x0041, 0x0041, 0x0041, 0x0041,
	0x0041, 0x0041, 0x0041, 0x0041, 0x0041, 0x0041, 0x0041, 0x0041, 0x0041, 0x0041, 0x0041, 0x0041,
	0x0041, 0x0041, 0x0041, 0x0041, 0x0041, 0x0041, 0x0041, 0x0041, 0x0041, 0x0041, 0x0041, 0x0041,
	0x0041, 0x0041, 0x0041, 0x0041, 0x0041, 0x0041, 0x0041, 0x0041, 0x0041, 0x0041, 0x0041, 0x0041,
	0x0041, 0x0041, 0x0041, 0x0041, 0x0041, 0x0041, 0x0041, 0x0041, 0x0041, 0x0041, 0x0041, 0x0041,
	0x0041, 0x0041, 0x0041, 0x0041, 0x0041, 0x0041, 0x0041, 0x0041, 0x0041, 0x0041, 0x0041, 0x0041,
	0x0041, 0x0041, 0x0041, 0x0041, 0x0041, 0x0041, 0x0041, 0x0041, 0x0041, 0x0041, 0x0041, 0x0041,
	0x0041, 0x0041, 0x0041, 0x0041, 0x0041, 0x0041, 0x0041, 0x0041, 0x0041, 0x0041, 0x0041, 0x0041,
	0x0041, 0x0041, 0x0041, 0x0041, 0x0041, 0x0041, 0x0041, 0x0041, 0x0041, 0x0041, 0x0041, 0x0041,
	0x0041, 0x0041, 0x0041, 0x0041, 0x0041, 0x0041, 0x0041, 0x0041, 0x0041, 0x0041, 0x0041, 0x0041,
	0x0041, 0x0041, 0x0041, 0x0041, 0x0041, 0x0041, 0x0041, 0x0041, 0x0041, 0x0041, 0x0041, 0x0041,
	0x0041, 0x0041, 0x0041, 0x0041, 0x0041, 0x0041, 0x0041, 0x0041, 0x0041, 0x0041, 0x0041, 0x0041,
	0x0041, 0x0041, 0x0041, 0x0041, 0x0041, 0x0041, 0x0041, 0x0041, 0x0041, 0x0041, 0x0041, 0x0041,
	0x0041, 0x0041, 0x0041, 0x0041, 0x0041, 0x0041, 0x0041, 0x0041, 0x0041, 0x0041, 0x0041, 0x0041,
	0x0041, 0x0041, 0x0041, 0x0041, 0x0041, 0x0041, 0x0041, 0x0041, 0x0041, 0x0041, 0x0041, 0x0041,
	0x0041, 0x0041, 0x0041, 0x0041, 0x0041, 0x0041, 0x0041, 0x0041, 0x0041, 0x0041, 0x0041, 0x0041,
	0x0041, 0x0041, 0x0041, 0x0041, 0x0041, 0x0041, 0x0041, 0x0041, 0x0041, 0x0041, 0x0041, 0x0041,
	0x0041, 0x0041, 0x0041, 0x0041, 0x0041, 0x0041, 0x0041, 0x0041, 0x0041, 0x0041, 0x0041, 0x0041,
	0x0041, 0x0041, 0x0041, 0x0041, 0x0041, 0x0041, 0x0041, 0x0041, 0x0041, 0x0041, 0x0041, 0x0041,
	0x0041, 0x52EB, 0x52EB, 0x0041, 0x0041, 0x0041, 0x0041, 0x0041, 0x0041, 0x0041, 0x0041, 0x0041,
	0x0041, 0x0041, 0x0041, 0x0041, 0x0041, 0x0041, 0x0041, 0x0041, 0x0041, 0x0041, 0x0041, 0x0041,
	0x0041, 0x0041, 0x0041, 0x0041, 0x0041, 0x0041, 0x0041, 0x0041, 0x0041, 0x0041, 0x0041, 0x0041,
	0x0041, 0x0041, 0x0041, 0x0041, 0x0041, 0x0041, 0x0041, 0x0041, 0x0041, 0x0041, 0x0041, 0x0041,
	0x0041, 0x0041, 0x0041, 0x0041, 0x0041, 0x0041, 0x0041, 0x0041, 0x0041, 0x0041, 0x0041, 0x0041,
	0x0041, 0x0041, 0x0041, 0x0041, 0x0041, 0x0041, 0x0041, 0x0041, 0x0041, 0x0041, 0x0041, 0x0041,
	0x0041, 0x0041, 0x0041, 0x0041, 0x0041, 0x0041, 0x0041, 0x0041, 0x0041, 0x0041, 0x0041, 0x0041,
	0x0041, 0x0041, 0x0041, 0x0041, 0x0041, 0x0041, 0x0041, 0x0041, 0x0041, 0x0041, 0x0041, 0x0041,
	0x0041, 0x0041, 0x0041, 0x0041, 0x0041, 0x0041, 0x0041, 0x0041, 0x0041, 0x0041, 0x0041, 0x0041,
	0x0041, 0x0041, 0x0041, 0x0041, 0x0041, 0x0041, 0x0041, 0x0041, 0x0041, 0x0041, 0x0041, 0x0041,
	0x0041, 0x0041, 0x0041, 0x0041, 0x0041, 0x0041, 0x0041, 0x0041, 0x0041, 0x0041, 0x0041, 0x0041,
	0x0041, 0x0041, 0x0041, 0x0041, 0x0041, 0x0041, 0x0041, 0x0041, 0x0041, 0x0041, 0x0041, 0x0041,
	0x0041, 0x0041, 0x0041, 0x0041, 0x0041, 0x0041, 0x0041, 0x0041, 0x0041, 0x0041, 0x0041, 0x0041,
	0x0041, 0x0041, 0x0041, 0x0041, 0x0041, 0x0041, 0x0041, 0x0041, 0x0041, 0x0041, 0x0041, 0x0041,
	0x0041, 0x0041, 0x0041, 0x0041, 0x0041, 0x0041, 0x0041, 0x0041, 0x0041, 0x0041, 0x0041, 0x0041,
	0x0041, 0x0041, 0x0041, 0x0041, 0x0041, 0x0041, 0x0041, 0x0041, 0x0041, 0x0041, 0x0041, 0x0041,
	0x0041, 0x0041, 0x0041, 0x0041, 0x0041, 0x0041, 0x0041, 0x0041, 0x0041, 0x0041, 0x0041, 0x0041,
	0x0041, 0x0041, 0x0041, 0x0041, 0x0041, 0x0041, 0x0041, 0x0041, 0x0041, 0x0041, 0x0041, 0x0041,
	0x0041, 0x0041, 0x0041, 0x0041, 0x0041, 0x0041, 0x0041, 0x0041, 0x0041, 0x0041, 0x0041, 0x0041,
	0x0041, 0x0041, 0x0041, 0x0041, 0x0041, 0x0041, 0x0041, 0x0041, 0x0041, 0x0041, 0x0041, 0x52EB,
	0x52EB, 0x0041, 0x0041, 0x0041, 0x0041, 0x0041, 0x0041, 0x0041, 0x0041, 0x0041, 0x0041, 0x0041,
	0x0041, 0x0041, 0x0041, 0x0041, 0x0041, 0x0041, 0x0041, 0x0041, 0x0041, 0x0041, 0x0041, 0x0041,
	0x0041, 0x0041, 0x0041, 0x0041, 0x0041, 0x0041, 0x0041, 0x0041, 0x0041, 0x0041, 0x0041, 0x0041,
	0x0041, 0x0041, 0x0041, 0x0041, 0x0041, 0x0041, 0x0041, 0x0041, 0x0041, 0x0041, 0x0041, 0x0041,
	0x0041, 0x0041, 0x0041, 0x0041, 0x0041, 0x0041, 0x0041, 0x0041, 0x0041, 0x0041, 0x0041, 0x0041,
	0x0041, 0x0041, 0x0041, 0x0041, 0x0041, 0x0041, 0x0041, 0x0041, 0x0041, 0x0041, 0x0041, 0x0041,
	0x0041, 0x0041, 0x0041, 0x0041, 0x0041, 0x0041, 0x0041, 0x0041, 0x0041, 0x0041, 0x0041, 0x0041,
	0x0041, 0x0041, 0x0041, 0x0041, 0x0041, 0x0041, 0x0041, 0x0041, 0x0041, 0x0041, 0x0041, 0x0041,
	0x0041, 0x0041, 0x0041, 0x0041, 0x0041, 0x0041, 0x0041, 0x0041, 0x0041, 0x0041, 0x0041, 0x0041,
	0x0041, 0x0041, 0x0041, 0x0041, 0x0041, 0x0041, 0x0041, 0x0041, 0x0041, 0x0041, 0x0041, 0x0041,
	0x0041, 0x0041, 0x0041, 0x0041, 0x0041, 0x0041, 0x0041, 0x0041, 0x0041, 0x0041, 0x0041, 0x0041,
	0x0041, 0x0041, 0x0041, 0x0041, 0x0041, 0x0041, 0x0041, 0x0041, 0x0041, 0x0041, 0x0041, 0x0041,
	0x0041, 0x0041, 0x0041, 0x0041, 0x0041, 0x0041, 0x0041, 0x0041, 0x0041, 0x0041, 0x0041, 0x0041,
	0x0041, 0x0041, 0x0041, 0x0041, 0x0041, 0x0041, 0x0041, 0x0041, 0x0041, 0x0041, 0x0041, 0x0041,
	0x0041, 0x0041, 0x0041, 0x0041, 0x0041, 0x0041, 0x0041, 0x0041, 0x0041, 0x0041, 0x0041, 0x0041,
	0x0041, 0x0041, 0x0041, 0x0041, 0x0041, 0x0041, 0x0041, 0x0041, 0x0041, 0x0041, 0x0041, 0x0041,
	0x0041, 0x0041, 0x0041, 0x0041, 0x0041, 0x0041, 0x0041, 0x0041, 0x0041, 0x0041, 0x0041, 0x0041,
	0x0041, 0x0041, 0x0041, 0x0041, 0x0041, 0x0041, 0x0041, 0x0041, 0x0041, 0x0041, 0x0041, 0x0041,
	0x0041, 0x0041, 0x0041, 0x0041, 0x0041, 0x0041, 0x0041, 0x0041, 0x0041, 0x0041, 0x0041, 0x0041,
	0x0041, 0x0041, 0x0041, 0x0041, 0x0041, 0x0041, 0x0041, 0x0041, 0x0041, 0x52EB, 0x52EB, 0x0041,
	0x0041, 0x0041, 0x0041, 0x0041, 0x0041, 0x0041, 0x0041, 0x0041, 0x0041, 0x0041, 0x0041, 0x0041,
	0x0041, 0x0041, 0x0041, 0x0041, 0x0041, 0x0041, 0x0041, 0x0041, 0x0041, 0x0041, 0x0041, 0x0041,
	0x0041, 0x0041, 0x0041, 0x0041, 0x0041, 0x0041, 0x0041, 0x0041, 0x0041, 0x0041, 0x0041, 0x0041,
	0x0041, 0x0041, 0x0041, 0x0041, 0x0041, 0x0041, 0x0041, 0x0041, 0x0041, 0x0041, 0x0041, 0x0041,
	0x0041, 0x0041, 0x0041, 0x0041, 0x0041, 0x0041, 0x0041, 0x0041, 0x0041, 0x0041, 0x0041, 0x0041,
	0x0041, 0x0041, 0x0041, 0x0041, 0x0041, 0x0041, 0x0041, 0x0041, 0x0041, 0x0041, 0x0041, 0x0041,
	0x0041, 0x0041, 0x0041, 0x0041, 0x0041, 0x0041, 0x0041, 0x0041, 0x0041, 0x0041, 0x0041, 0x0041,
	0x0041, 0x0041, 0x0041, 0x0041, 0x0041, 0x0041, 0x0041, 0x0041, 0x0041, 0x0041, 0x0041, 0x0041,
	0x0041, 0x0041, 0x0041, 0x0041, 0x0041, 0x0041, 0x0041, 0x0041, 0x0041, 0x0041, 0x0041, 0x0041,
	0x0041, 0x0041, 0x0041, 0x0041, 0x0041, 0x0041, 0x0041, 0x0041, 0x0041, 0x0041, 0x0041, 0x0041,
	0x0041, 0x0041, 0x0041, 0x0041, 0x0041, 0x0041, 0x0041, 0x0041, 0x0041, 0x0041, 0x0041, 0x0041,
	0x0041, 0x0041, 0x0041, 0x0041, 0x0041, 0x0041, 0x0041, 0x0041, 0x0041, 0x0041, 0x0041, 0x0041,
	0x0041, 0x0041, 0x0041, 0x0041, 0x0041, 0x0041, 0x0041, 0x0041, 0x0041, 0x0041, 0x0041, 0x0041,
	0x0041, 0x0041, 0x0041, 0x0041, 0x0041, 0x0041, 0x0041, 0x0041, 0x0041, 0x0041, 0x0041, 0x0041,
	0x0041, 0x0041, 0x0041, 0x0041, 0x0041, 0x0041, 0x0041, 0x0041, 0x0041, 0x0041, 0x0041, 0x0041,
	0x0041, 0x0041, 0x0041, 0x0041, 0x0041, 0x0041, 0x0041, 0x0041, 0x0041, 0x0041, 0x0041, 0x0041,
	0x0041, 0x0041, 0x0041, 0x0041, 0x0041, 0x0041, 0x0041, 0x0041, 0x0041, 0x0041, 0x0041, 0x0041,
	0x0041, 0x0041, 0x0041, 0x0041, 0x0041, 0x0041, 0x0041, 0x0041, 0x0041, 0x0041, 0x0041, 0x0041,
	0x0041, 0x0041, 0x0041, 0x0041, 0x0041, 0x0041, 0x0041, 0x0041, 0x0041, 0x0041, 0x0041, 0x0041,
	0x0041, 0x0041, 0x0041, 0x0041, 0x0041, 0x0041, 0x0041, 0x52EB, 0x52EB, 0x0041, 0x0041, 0x0041,
	0x0041, 0x0041, 0x0041, 0x0041, 0x0041, 0x0041, 0x0041, 0x0041, 0x0041, 0x0041, 0x0041, 0x0041,
	0x0041, 0x0041, 0x0041, 0x0041, 0x0041, 0x0041, 0x0041, 0x0041, 0x0041, 0x0041, 0x0041, 0x0041,
	0x0041, 0x0041, 0x0041, 0x0041, 0x0041, 0x0041, 0x0041, 0x0041, 0x0041, 0x0041, 0x0041, 0x0041,
	0x0041, 0x0041, 0x0041, 0x0041, 0x0041, 0x0041, 0x0041, 0x0041, 0x0041, 0x0041, 0x0041, 0x0041,
	0x0041, 0x0041, 0x0041, 0x0041, 0x0041, 0x0041, 0x0041, 0x0041, 0x0041, 0x0041, 0x0041, 0x0041,
	0x0041, 0x0041, 0x0041, 0x0041, 0x0041, 0x0041, 0x0041, 0x0041, 0x0041, 0x0041, 0x0041, 0x0041,
	0x0041, 0x0041, 0x0041, 0x0041, 0x0041, 0x0041, 0x0041, 0x0041, 0x0041, 0x0041, 0x0041, 0x0041,
	0x0041, 0x0041, 0x0041, 0x0041, 0x0041, 0x0041, 0x0041, 0x0041, 0x0041, 0x0041, 0x0041, 0x0041,
	0x0041, 0x0041, 0x0041, 0x0041, 0x0041, 0x0041, 0x0041, 0x0041, 0x0041, 0x0041, 0x0041, 0x0041,
	0x0041, 0x0041, 0x0041, 0x0041, 0x0041, 0x0041, 0x0041, 0x0041, 0x0041, 0x0041, 0x0041, 0x0041,
	0x0041, 0x0041, 0x0041, 0x0041, 0x0041, 0x0041, 0x0041, 0x0041, 0x0041, 0x0041, 0x0041, 0x0041,
	0x0041, 0x0041, 0x0041, 0x0041, 0x0041, 0x0041, 0x0041, 0x0041, 0x0041, 0x0041, 0x0041, 0x0041,
	0x0041, 0x0041, 0x0041, 0x0041, 0x0041, 0x0041, 0x0041, 0x0041, 0x0041, 0x0041, 0x0041, 0x0041,
	0x0041, 0x0041, 0x0041, 0x0041, 0x0041, 0x0041, 0x0041, 0x0041, 0x0041, 0x0041, 0x0041, 0x0041,
	0x0041, 0x0041, 0x0041, 0x0041, 0x0041, 0x0041, 0x0041, 0x0041, 0x0041, 0x0041, 0x0041, 0x0041,
	0x0041, 0x0041, 0x0041, 0x0041, 0x0041, 0x0041, 0x0041, 0x0041, 0x0041, 0x0041, 0x0041, 0x0041,
	0x0041, 0x0041, 0x0041, 0x0041, 0x0041, 0x0041, 0x0041, 0x0041, 0x0041, 0x0041, 0x0041, 0x0041,
	0x0041, 0x0041, 0x0041, 0x0041, 0x0041, 0x0041, 0x0041, 0x0041, 0x0041, 0x0041, 0x0041, 0x0041,
	0x0041, 0x0041, 0x0041, 0x0041, 0x0041, 0x0041, 0x0041, 0x0041, 0x0041, 0x0041, 0x0041, 0x0041,
	0x0041, 0x0041, 0x0041, 0x0041, 0x0041, 0x52EB, 0x52EB, 0x0041, 0x0041, 0x0041, 0x0041, 0x0041,
	0x0041, 0x0041, 0x0041, 0x0041, 0x0041, 0x0041, 0x0041, 0x0041, 0x0041, 0x0041, 0x0041, 0x0041,
	0x0041, 0x0041, 0x0041, 0x0041, 0x0041, 0x0041, 0x0041, 0x0041, 0x0041, 0x0041, 0x0041, 0x0041,
	0x0041, 0x0041, 0x0041, 0x0041, 0x0041, 0x0041, 0x0041, 0x0041, 0x0041, 0x0041, 0x0041, 0x0041,
	0x0041, 0x0041, 0x0041, 0x0041, 0x0041, 0x0041, 0x0041, 0x0041, 0x0041, 0x0041, 0x0041, 0x0041,
	0x0041, 0x0041, 0x0041, 0x0041, 0x0041, 0x0041, 0x0041, 0x0041, 0x0041, 0x0041, 0x0041, 0x0041,
	0x0041, 0x0041, 0x0041, 0x0041, 0x0041, 0x0041, 0x0041, 0x0041, 0x0041, 0x0041, 0x0041, 0x0041,
	0x0041, 0x0041, 0x0041, 0x0041, 0x0041, 0x0041, 0x0041, 0x0041, 0x0041, 0x0041, 0x0041, 0x0041,
	0x0041, 0x0041, 0x0041, 0x0041, 0x0041, 0x0041, 0x0041, 0x0041, 0x0041, 0x0041, 0x0041, 0x0041,
	0x0041, 0x0041, 0x0041, 0x0041, 0x0041, 0x0041, 0x0041, 0x0041, 0x0041, 0x0041, 0x0041, 0x0041,
	0x0041, 0x0041, 0x0041, 0x0041, 0x0041, 0x0041, 0x0041, 0x0041, 0x0041, 0x0041, 0x0041, 0x0041,
	0x0041, 0x0041, 0x0041, 0x0041, 0x0041, 0x0041, 0x0041, 0x0041, 0x0041, 0x0041, 0x0041, 0x0041,
	0x0041, 0x0041, 0x0041, 0x0041, 0x0041, 0x0041, 0x0041, 0x0041, 0x0041, 0x0041, 0x0041, 0x0041,
	0x0041, 0x0041, 0x0041, 0x0041, 0x0041, 0x0041, 0x0041, 0x0041, 0x0041, 0x0041, 0x0041, 0x0041,
	0x0041, 0x0041, 0x0041, 0x0041, 0x0041, 0x0041, 0x0041, 0x0041, 0x0041, 0x0041, 0x0041, 0x0041,
	0x0041, 0x0041, 0x0041, 0x0041, 0x0041, 0x0041, 0x0041, 0x0041, 0x0041, 0x0041, 0x0041, 0x0041,
	0x0041, 0x0041, 0x0041, 0x0041, 0x0041, 0x0041, 0x0041, 0x0041, 0x0041, 0x0041, 0x0041, 0x0041,
	0x0041, 0x0041, 0x0041, 0x0041, 0x0041, 0x0041, 0x0041, 0x0041, 0x0041, 0x0041, 0x0041, 0x0041,
	0x0041, 0x0041, 0x0041, 0x0041, 0x0041, 0x0041, 0x0041, 0x0041, 0x0041, 0x0041, 0x0041, 0x0041,
	0x0041, 0x0041, 0x0041, 0x0041, 0x0041, 0x0041, 0x0041, 0x0041, 0x0041, 0x0041, 0x0041, 0x0041,
	0x0041, 0x0041, 0x0041, 0x52EB, 0x52EB, 0x0041, 0x0041, 0x0041, 0x0041, 0x0041, 0x0041, 0x0041,
	0x0041, 0x0041, 0x0041, 0x0041, 0x0041, 0x0041, 0x0041, 0x0041, 0x0041, 0x0041, 0x0041, 0x0041,
	0x0041, 0x0041, 0x0041, 0x0041, 0x0041, 0x0041, 0x0041, 0x0041, 0x0041, 0x0041, 0x0041, 0x0041,
	0x0041, 0x0041, 0x0041, 0x0041, 0x0041, 0x0041, 0x0041, 0x0041, 0x0041, 0x0041, 0x0041, 0x0041,
	0x0041, 0x0041, 0x0041, 0x0041, 0x0041, 0x0041, 0x0041, 0x0041, 0x0041, 0x0041, 0x0041, 0x0041,
	0x0041, 0x0041, 0x0041, 0x0041, 0x0041, 0x0041, 0x0041, 0x0041, 0x0041, 0x0041, 0x0041, 0x0041,
	0x0041, 0x0041, 0x0041, 0x0041, 0x0041, 0x0041, 0x0041, 0x0041, 0x0041, 0x0041, 0x0041, 0x0041,
	0x0041, 0x0041, 0x0041, 0x0041, 0x0041, 0x0041, 0x0041, 0x0041, 0x0041, 0x0041, 0x0041, 0x0041,
	0x0041, 0x0041, 0x0041, 0x0041, 0x0041, 0x0041, 0x0041, 0x0041, 0x0041, 0x0041, 0x0041, 0x0041,
	0x0041, 0x0041, 0x0041, 0x0041, 0x0041, 0x0041, 0x0041, 0x0041, 0x0041, 0x0041, 0x0041, 0x0041,
	0x0041, 0x0041, 0x0041, 0x0041, 0x0041, 0x0041, 0x0041, 0x0041, 0x0041, 0x0041, 0x0041, 0x0041,
	0x0041, 0x0041, 0x0041, 0x0041, 0x0041, 0x0041, 0x0041, 0x0041, 0x0041, 0x0041, 0x0041, 0x0041,
	0x0041, 0x0041, 0x0041, 0x0041, 0x0041, 0x0041, 0x0041, 0x0041, 0x0041, 0x0041, 0x0041, 0x0041,
	0x0041, 0x0041, 0x0041, 0x0041, 0x0041, 0x0041, 0x0041, 0x0041, 0x0041, 0x0041, 0x0041, 0x0041,
	0x0041, 0x0041, 0x0041, 0x0041, 0x0041, 0x0041, 0x0041, 0x0041, 0x0041, 0x0041, 0x0041, 0x0041,
	0x0041, 0x0041, 0x0041, 0x0041, 0x0041, 0x0041, 0x0041, 0x0041, 0x0041, 0x0041, 0x0041, 0x0041,
	0x0041, 0x0041, 0x0041, 0x0041, 0x0041, 0x0041, 0x0041, 0x0041, 0x0041, 0x0041, 0x0041, 0x0041,
	0x0041, 0x0041, 0x0041, 0x0041, 0x0041, 0x0041, 0x0041, 0x0041, 0x0041, 0x0041, 0x0041, 0x0041,
	0x0041, 0x0041, 0x0041, 0x0041, 0x0041, 0x0041, 0x0041, 0x0041, 0x0041, 0x0041, 0x0041, 0x0041,
	0x0041, 0x0041, 0x0041, 0x0041, 0x0041, 0x0041, 0x0041, 0x0041, 0x0041, 0x0041, 0x0041, 0x0041,
	0x0041, 0x52EB, 0x52EB, 0x0041, 0x0041, 0x0041, 0x0041, 0x0041, 0x0041, 0x0041, 0x0041, 0x0041,
	0x0041, 0x0041, 0x0041, 0x0041, 0x0041, 0x0041, 0x0041, 0x0041, 0x0041, 0x0041, 0x0041, 0x0041,
	0x0041, 0x0041, 0x0041, 0x0041, 0x0041, 0x0041, 0x0041, 0x0041, 0x0041, 0x0041, 0x0041, 0x0041,
	0x0041, 0x0041, 0x0041, 0x0041, 0x0041, 0x0041, 0x0041, 0x0041, 0x0041, 0x0041, 0x0041, 0x0041,
	0x0041, 0x0041, 0x0041, 0x0041, 0x0041, 0x0041, 0x0041, 0x0041, 0x0041, 0x0041, 0x0041, 0x0041,
	0x0041, 0x0041, 0x0041, 0x0041, 0x0041, 0x0041, 0x0041, 0x0041, 0x0041, 0x0041, 0x0041, 0x0041,
	0x0041, 0x0041, 0x0041, 0x0041, 0x0041, 0x0041, 0x0041, 0x0041, 0x0041, 0x0041, 0x0041, 0x0041,
	0x0041, 0x0041, 0x0041, 0x0041, 0x0041, 0x0041, 0x0041, 0x0041, 0x0041, 0x0041, 0x0041, 0x0041,
	0x0041, 0x0041, 0x0041, 0x0041, 0x0041, 0x0041, 0x0041, 0x0041, 0x0041, 0x0041, 0x0041, 0x0041,
	0x0041, 0x0041, 0x0041, 0x0041, 0x0041, 0x0041, 0x0041, 0x0041, 0x0041, 0x0041, 0x0041, 0x0041,
	0x0041, 0x0041, 0x0041, 0x0041, 0x0041, 0x0041, 0x0041, 0x0041, 0x0041, 0x0041, 0x0041, 0x0041,
	0x0041, 0x0041, 0x0041, 0x0041, 0x0041, 0x0041, 0x0041, 0x0041, 0x0041, 0x0041, 0x0041, 0x0041,
	0x0041, 0x0041, 0x0041, 0x0041, 0x0041, 0x0041, 0x0041, 0x0041, 0x0041, 0x0041, 0x0041, 0x0041,
	0x0041, 0x0041, 0x0041, 0x0041, 0x0041, 0x0041, 0x0041, 0x0041, 0x0041, 0x0041, 0x0041, 0x0041,
	0x0041, 0x0041, 0x0041, 0x0041, 0x0041, 0x0041, 0x0041, 0x0041, 0x0041, 0x0041, 0x0041, 0x0041,
	0x0041, 0x0041, 0x0041, 0x0041, 0x0041, 0x0041, 0x0041, 0x0041, 0x0041, 0x0041, 0x0041, 0x0041,
	0x0041, 0x0041, 0x0041, 0x0041, 0x0041, 0x0041, 0x0041, 0x0041, 0x0041, 0x0041, 0x0041, 0x0041,
	0x0041, 0x0041, 0x0041, 0x0041, 0x0041, 0x0041, 0x0041, 0x0041, 0x0041, 0x0041, 0x0041, 0x0041,
	0x0041, 0x0041, 0x0041, 0x0041, 0x0041, 0x0041, 0x0041, 0x0041, 0x0041, 0x0041, 0x0041, 0x0041,
	0x0041, 0x0041, 0x0041, 0x0041, 0x0041, 0x0041, 0x0041, 0x0041, 0x0041, 0x0041, 0x0041, 0x52EB,
	0x52EB, 0x0041, 0x0041, 0x0041, 0x0041, 0x0041, 0x0041, 0x0041, 0x0041, 0x0041, 0x0041, 0x0041,
	0x0041, 0x0041, 0x0041, 0x0041, 0x0041, 0x0041, 0x0041, 0x0041, 0x0041, 0x0041, 0x0041, 0x0041,
	0x0041, 0x0041, 0x0041, 0x0041, 0x0041, 0x0041, 0x0041, 0x0041, 0x0041, 0x0041, 0x0041, 0x0041,
	0x0041, 0x0041, 0x0041, 0x0041, 0x0041, 0x0041, 0x0041, 0x0041, 0x0041, 0x0041, 0x0041, 0x0041,
	0x0041, 0x0041, 0x0041, 0x0041, 0x0041, 0x0041, 0x0041, 0x0041, 0x0041, 0x0041, 0x0041, 0x0041,
	0x0041, 0x0041, 0x0041, 0x0041, 0x0041, 0x0041, 0x0041, 0x0041, 0x0041, 0x0041, 0x0041, 0x0041,
	0x0041, 0x0041, 0x0041, 0x0041, 0x0041, 0x0041, 0x0041, 0x0041, 0x0041, 0x0041, 0x0041, 0x0041,
	0x0041, 0x0041, 0x0041, 0x0041, 0x0041, 0x0041, 0x0041, 0x0041, 0x0041, 0x0041, 0x0041, 0x0041,
	0x0041, 0x0041, 0x0041, 0x0041, 0x0041, 0x0041, 0x0041, 0x0041, 0x0041, 0x0041, 0x0041, 0x0041,
	0x0041, 0x0041, 0x0041, 0x0041, 0x0041, 0x0041, 0x0041, 0x0041, 0x0041, 0x0041, 0x0041, 0x0041,
	0x0041, 0x0041, 0x0041, 0x0041, 0x0041, 0x0041, 0x0041, 0x0041, 0x0041, 0x0041, 0x0041, 0x0041,
	0x0041, 0x0041, 0x0041, 0x0041, 0x0041, 0x0041, 0x0041, 0x0041, 0x0041, 0x0041, 0x0041, 0x0041,
	0x0041, 0x0041, 0x0041, 0x0041, 0x0041, 0x0041, 0x0041, 0x0041, 0x0041, 0x0041, 0x0041, 0x0041,
	0x0041, 0x0041, 0x0041, 0x0041, 0x0041, 0x0041, 0x0041, 0x0041, 0x0041, 0x0041, 0x0041, 0x0041,
	0x0041, 0x0041, 0x0041, 0x0041, 0x0041, 0x0041, 0x0041, 0x0041, 0x0041, 0x0041, 0x0041, 0x0041,
	0x0041, 0x0041, 0x0041, 0x0041, 0x0041, 0x0041, 0x0041, 0x0041, 0x0041, 0x0041, 0x0041, 0x0041,
	0x0041, 0x0041, 0x0041, 0x0041, 0x0041, 0x0041, 0x0041, 0x0041, 0x0041, 0x0041, 0x0041, 0x0041,
	0x0041, 0x0041, 0x0041, 0x0041, 0x0041, 0x0041, 0x0041, 0x0041, 0x0041, 0x0041, 0x0041, 0x0041,
	0x0041, 0x0041, 0x0041, 0x0041, 0x0041, 0x0041, 0x0041, 0x0041, 0x0041, 0x0041, 0x0041, 0x0041,
	0x0041, 0x0041, 0x0041, 0x0041, 0x0041, 0x0041, 0x0041, 0x0041, 0x0041, 0x52EB, 0x52EB, 0x0041,
	0x0041, 0x0041, 0x0041, 0x0041, 0x0041, 0x0041, 0x0041, 0x0041, 0x0041, 0x0041, 0x0041, 0x0041,
	0x0041, 0x0041, 0x0041, 0x0041, 0x0041, 0x0041, 0x0041, 0x0041, 0x0041, 0x0041, 0x0041, 0x0041,
	0x0041, 0x0041, 0x0041, 0x0041, 0x0041, 0x0041, 0x0041, 0x0041, 0x0041, 0x0041, 0x0041, 0x0041,
	0x0041, 0x0041, 0x0041, 0x0041, 0x0041, 0x0041, 0x0041, 0x0041, 0x0041, 0x0041, 0x0041, 0x0041,
	0x0041, 0x0041, 0x0041, 0x0041, 0x0041, 0x0041, 0x0041, 0x0041, 0x0041, 0x0041, 0x0041, 0x0041,
	0x0041, 0x0041, 0x0041, 0x0041, 0x0041, 0x0041, 0x0041, 0x0041, 0x0041, 0x0041, 0x0041, 0x0041,
	0x0041, 0x0041, 0x0041, 0x0041, 0x0041, 0x0041, 0x0041, 0x0041, 0x0041, 0x0041, 0x0041, 0x0041,
	0x0041, 0x0041, 0x0041, 0x0041, 0x0041, 0x0041, 0x0041, 0x0041, 0x0041, 0x0041, 0x0041, 0x0041,
	0x0041, 0x0041, 0x0041, 0x0041, 0x0041, 0x0041, 0x0041, 0x0041, 0x0041, 0x0041, 0x0041, 0x0041,
	0x0041, 0x0041, 0x0041, 0x0041, 0x0041, 0x0041, 0x0041, 0x0041, 0x0041, 0x0041, 0x0041, 0x0041,
	0x0041, 0x0041, 0x0041, 0x0041, 0x0041, 0x0041, 0x0041, 0x0041, 0x0041, 0x0041, 0x0041, 0x0041,
	0x0041, 0x0041, 0x0041, 0x0041, 0x0041, 0x0041, 0x0041, 0x0041, 0x0041, 0x0041, 0x0041, 0x0041,
	0x0041, 0x0041, 0x0041, 0x0041, 0x0041, 0x0041, 0x0041, 0x0041, 0x0041, 0x0041, 0x0041, 0x0041,
	0x0041, 0x0041, 0x0041, 0x0041, 0x0041, 0x0041, 0x0041, 0x0041, 0x0041, 0x0041, 0x0041, 0x0041,
	0x0041, 0x0041, 0x0041, 0x0041, 0x0041, 0x0041, 0x0041, 0x0041, 0x0041, 0x0041, 0x0041, 0x0041,
	0x0041, 0x0041, 0x0041, 0x0041, 0x0041, 0x0041, 0x0041, 0x0041, 0x0041, 0x0041, 0x0041, 0x0041,
	0x0041, 0x0041, 0x0041, 0x0041, 0x0041, 0x0041, 0x0041, 0x0041, 0x0041, 0x0041, 0x0041, 0x0041,
	0x0041, 0x0041, 0x0041, 0x0041, 0x0041, 0x0041, 0x0041, 0x0041, 0x0041, 0x0041, 0x0041, 0x0041,
	0x0041, 0x0041, 0x0041, 0x0041, 0x0041, 0x0041, 0x0041, 0x0041, 0x0041, 0x0041, 0x0041, 0x0041,
	0x0041, 0x0041, 0x0041, 0x0041, 0x0041, 0x0041, 0x0041, 0x52EB, 0x52EB, 0x0041, 0x0041, 0x0041,
	0x0041, 0x0041, 0x0041, 0x0041, 0x0041, 0x0041, 0x0041, 0x0041, 0x0041, 0x0041, 0x0041, 0x0041,
	0x0041, 0x0041, 0x0041, 0x0041, 0x0041, 0x0041, 0x0041, 0x0041, 0x0041, 0x0041, 0x0041, 0x0041,
	0x0041, 0x0041, 0x0041, 0x0041, 0x0041, 0x0041, 0x0041, 0x0041, 0x0041, 0x0041, 0x0041, 0x0041,
	0x0041, 0x0041, 0x0041, 0x0041, 0x0041, 0x0041, 0x0041, 0x0041, 0x0041, 0x0041, 0x0041, 0x0041,
	0x0041, 0x0041, 0x0041, 0x0041, 0x0041, 0x0041, 0x0041, 0x0041, 0x0041, 0x0041, 0x0041, 0x0041,
	0x0041, 0x0041, 0x0041, 0x0041, 0x0041, 0x0041, 0x0041, 0x0041, 0x0041, 0x0041, 0x0041, 0x0041,
	0x0041, 0x0041, 0x0041, 0x0041, 0x0041, 0x0041, 0x0041, 0x0041, 0x0041, 0x0041, 0x0041, 0x0041,
	0x0041, 0x0041, 0x0041, 0x0041, 0x0041, 0x0041, 0x0041, 0x0041, 0x0041, 0x0041, 0x0041, 0x0041,
	0x0041, 0x0041, 0x0041, 0x0041, 0x0041, 0x0041, 0x0041, 0x0041, 0x0041, 0x0041, 0x0041, 0x0041,
	0x0041, 0x0041, 0x0041, 0x0041, 0x0041, 0x0041, 0x0041, 0x0041, 0x0041, 0x0041, 0x0041, 0x0041,
	0x0041, 0x0041, 0x0041, 0x0041, 0x0041, 0x0041, 0x0041, 0x0041, 0x0041, 0x0041, 0x0041, 0x0041,
	0x0041, 0x0041, 0x0041, 0x0041, 0x0041, 0x0041, 0x0041, 0x0041, 0x0041, 0x0041, 0x0041, 0x0041,
	0x0041, 0x0041, 0x0041, 0x0041, 0x0041, 0x0041, 0x0041, 0x0041, 0x0041, 0x0041, 0x0041, 0x0041,
	0x0041, 0x0041, 0x0041, 0x0041, 0x0041, 0x0041, 0x0041, 0x0041, 0x0041, 0x0041, 0x0041, 0x0041,
	0x0041, 0x0041, 0x0041, 0x0041, 0x0041, 0x0041, 0x0041, 0x0041, 0x0041, 0x0041, 0x0041, 0x0041,
	0x0041, 0x0041, 0x0041, 0x0041, 0x0041, 0x0041, 0x0041, 0x0041, 0x0041, 0x0041, 0x0041, 0x0041,
	0x0041, 0x0041, 0x0041, 0x0041, 0x0041, 0x0041, 0x0041, 0x0041, 0x0041, 0x0041, 0x0041, 0x0041,
	0x0041, 0x0041, 0x0041, 0x0041, 0x0041, 0x0041, 0x0041, 0x0041, 0x0041, 0x0041, 0x0041, 0x0041,
	0x0041, 0x0041, 0x0041, 0x0041, 0x0041, 0x0041, 0x0041, 0x0041, 0x0041, 0x0041, 0x0041, 0x0041,
	0x0041, 0x0041, 0x0041, 0x0041, 0x0041, 0x52EB, 0x52EB, 0x0041, 0x0041, 0x0041, 0x0041, 0x0041,
	0x0041, 0x0041, 0x0041, 0x0041, 0x0041, 0x0041, 0x0041, 0x0041, 0x0041, 0x0041, 0x0041, 0x0041,
	0x0041, 0x0041, 0x0041, 0x0041, 0x0041, 0x0041, 0x0041, 0x0041, 0x0041, 0x0041, 0x0041, 0x0041,
	0x0041, 0x0041, 0x0041, 0x0041, 0x0041, 0x0041, 0x0041, 0x0041, 0x0041, 0x0041, 0x0041, 0x0041,
	0x0041, 0x0041, 0x0041, 0x0041, 0x0041, 0x0041, 0x0041, 0x0041, 0x0041, 0x0041, 0x0041, 0x0041,
	0x0041, 0x0041, 0x0041, 0x0041, 0x0041, 0x0041, 0x0041, 0x0041, 0x0041, 0x0041, 0x0041, 0x0041,
	0x0041, 0x0041, 0x0041, 0x0041, 0x0041, 0x0041, 0x0041, 0x0041, 0x0041, 0x0041, 0x0041, 0x0041,
	0x0041, 0x0041, 0x0041, 0x0041, 0x0041, 0x0041, 0x0041, 0x0041, 0x0041, 0x0041, 0x0041, 0x0041,
	0x0041, 0x0041, 0x0041, 0x0041, 0x0041, 0x0041, 0x0041, 0x0041, 0x0041, 0x0041, 0x0041, 0x0041,
	0x0041, 0x0041, 0x0041, 0x0041, 0x0041, 0x0041, 0x0041, 0x0041, 0x0041, 0x0041, 0x0041, 0x0041,
	0x0041, 0x0041, 0x0041, 0x0041, 0x0041, 0x0041, 0x0041, 0x0041, 0x0041, 0x0041, 0x0041, 0x0041,
	0x0041, 0x0041, 0x0041, 0x0041, 0x0041, 0x0041, 0x0041, 0x0041, 0x0041, 0x0041, 0x0041, 0x0041,
	0x0041, 0x0041, 0x0041, 0x0041, 0x0041, 0x0041, 0x0041, 0x0041, 0x0041, 0x0041, 0x0041, 0x0041,
	0x0041, 0x0041, 0x0041, 0x0041, 0x0041, 0x0041, 0x0041, 0x0041, 0x0041, 0x0041, 0x0041, 0x0041,
	0x0041, 0x0041, 0x0041, 0x0041, 0x0041, 0x0041, 0x0041, 0x0041, 0x0041, 0x0041, 0x0041, 0x0041,
	0x0041, 0x0041, 0x0041, 0x0041, 0x0041, 0x0041, 0x0041, 0x0041, 0x0041, 0x0041, 0x0041, 0x0041,
	0x0041, 0x0041, 0x0041, 0x0041, 0x0041, 0x0041, 0x0041, 0x0041, 0x0041, 0x0041, 0x0041, 0x0041,
	0x0041, 0x0041, 0x0041, 0x0041, 0x0041, 0x0041, 0x0041, 0x0041, 0x0041, 0x0041, 0x0041, 0x0041,
	0x0041, 0x0041, 0x0041, 0x0041, 0x0041, 0x0041, 0x0041, 0x0041, 0x0041, 0x0041, 0x0041, 0x0041,
	0x0041, 0x0041, 0x0041, 0x0041, 0x0041, 0x0041, 0x0041, 0x0041, 0x0041, 0x0041, 0x0041, 0x0041,
	0x0041, 0x0041, 0x0041, 0x52EB, 0x52EB, 0x0041, 0x0041, 0x0041, 0x0041, 0x0041, 0x0041, 0x0041,
	0x0041, 0x0041, 0x0041, 0x0041, 0x0041, 0x0041, 0x0041, 0x0041, 0x0041, 0x0041, 0x0041, 0x0041,
	0x0041, 0x0041, 0x0041, 0x0041, 0x0041, 0x0041, 0x0041, 0x0041, 0x0041, 0x0041, 0x0041, 0x0041,
	0x0041, 0x0041, 0x0041, 0x0041, 0x0041, 0x0041, 0x0041, 0x0041, 0x0041, 0x0041, 0x0041, 0x0041,
	0x0041, 0x0041, 0x0041, 0x0041, 0x0041, 0x0041, 0x0041, 0x0041, 0x0041, 0x0041, 0x0041, 0x0041,
	0x0041, 0x0041, 0x0041, 0x0041, 0x0041, 0x0041, 0x0041, 0x0041, 0x0041, 0x0041, 0x0041, 0x0041,
	0x0041, 0x0041, 0x0041, 0x0041, 0x0041, 0x0041, 0x0041, 0x0041, 0x0041, 0x0041, 0x0041, 0x0041,
	0x0041, 0x0041, 0x0041, 0x0041, 0x0041, 0x0041, 0x0041, 0x0041, 0x0041, 0x0041, 0x0041, 0x0041,
	0x0041, 0x0041, 0x0041, 0x0041, 0x0041, 0x0041, 0x0041, 0x0041, 0x0041, 0x0041, 0x0041, 0x0041,
	0x0041, 0x0041, 0x0041, 0x0041, 0x0041, 0x0041, 0x0041, 0x0041, 0x0041, 0x0041, 0x0041, 0x0041,
	0x0041, 0x0041, 0x0041, 0x0041, 0x0041, 0x0041, 0x0041, 0x0041, 0x0041, 0x0041, 0x0041, 0x0041,
	0x0041, 0x0041, 0x0041, 0x0041, 0x0041, 0x0041, 0x0041, 0x0041, 0x0041, 0x0041, 0x0041, 0x0041,
	0x0041, 0x0041, 0x0041, 0x0041, 0x0041, 0x0041, 0x0041, 0x0041, 0x0041, 0x0041, 0x0041, 0x0041,
	0x0041, 0x0041, 0x0041, 0x0041, 0x0041, 0x0041, 0x0041, 0x0041, 0x0041, 0x0041, 0x0041, 0x0041,
	0x0041, 0x0041, 0x0041, 0x0041, 0x0041, 0x0041, 0x0041, 0x0041, 0x0041, 0x0041, 0x0041, 0x0041,
	0x0041, 0x0041, 0x0041, 0x0041, 0x0041, 0x0041, 0x0041, 0x0041, 0x0041, 0x0041, 0x0041, 0x0041,
	0x0041, 0x0041, 0x0041, 0x0041, 0x0041, 0x0041, 0x0041, 0x0041, 0x0041, 0x0041, 0x0041, 0x0041,
	0x0041, 0x0041, 0x0041, 0x0041, 0x0041, 0x0041, 0x0041, 0x0041, 0x0041, 0x0041, 0x0041, 0x0041,
	0x0041, 0x0041, 0x0041, 0x0041, 0x0041, 0x0041, 0x0041, 0x0041, 0x0041, 0x0041, 0x0041, 0x0041,
	0x0041, 0x0041, 0x0041, 0x0041, 0x0041, 0x0041, 0x0041, 0x0041, 0x0041, 0x0041, 0x0041, 0x0041,
	0x0041, 0x52EB, 0x52EB, 0x0041, 0x0041, 0x0041, 0x0041, 0x0041, 0x0041, 0x0041, 0x0041, 0x0041,
	0x0041, 0x0041, 0x0041, 0x0041, 0x0041, 0x0041, 0x0041, 0x0041, 0x0041, 0x0041, 0x0041, 0x0041,
	0x0041, 0x0041, 0x0041, 0x0041, 0x0041, 0x0041, 0x0041, 0x0041, 0x0041, 0x0041, 0x0041, 0x0041,
	0x0041, 0x0041, 0x0041, 0x0041, 0x0041, 0x0041, 0x0041, 0x0041, 0x0041, 0x0041, 0x0041, 0x0041,
	0x0041, 0x0041, 0x0041, 0x0041, 0x0041, 0x0041, 0x0041, 0x0041, 0x0041, 0x0041, 0x0041, 0x0041,
	0x0041, 0x0041, 0x0041, 0x0041, 0x0041, 0x0041, 0x0041, 0x0041, 0x0041, 0x0041, 0x0041, 0x0041,
	0x0041, 0x0041, 0x0041, 0x0041, 0x0041, 0x0041, 0x0041, 0x0041, 0x0041, 0x0041, 0x0041, 0x0041,
	0x0041, 0x0041, 0x0041, 0x0041, 0x0041, 0x0041, 0x0041, 0x0041, 0x0041, 0x0041, 0x0041, 0x0041,
	0x0041, 0x0041, 0x0041, 0x0041, 0x0041, 0x0041, 0x0041, 0x0041, 0x0041, 0x0041, 0x0041, 0x0041,
	0x0041, 0x0041, 0x0041, 0x0041, 0x0041, 0x0041, 0x0041, 0x0041, 0x0041, 0x0041, 0x0041, 0x0041,
	0x0041, 0x0041, 0x0041, 0x0041, 0x0041, 0x0041, 0x0041, 0x0041, 0x0041, 0x0041, 0x0041, 0x0041,
	0x0041, 0x0041, 0x0041, 0x0041, 0x0041, 0x0041, 0x0041, 0x0041, 0x0041, 0x0041, 0x0041, 0x0041,
	0x0041, 0x0041, 0x0041, 0x0041, 0x0041, 0x0041, 0x0041, 0x0041, 0x0041, 0x0041, 0x0041, 0x0041,
	0x0041, 0x0041, 0x0041, 0x0041, 0x0041, 0x0041, 0x0041, 0x0041, 0x0041, 0x0041, 0x0041, 0x0041,
	0x0041, 0x0041, 0x0041, 0x0041, 0x0041, 0x0041, 0x0041, 0x0041, 0x0041, 0x0041, 0x0041, 0x0041,
	0x0041, 0x0041, 0x0041, 0x0041, 0x0041, 0x0041, 0x0041, 0x0041, 0x0041, 0x0041, 0x0041, 0x0041,
	0x0041, 0x0041, 0x0041, 0x0041, 0x0041, 0x0041, 0x0041, 0x0041, 0x0041, 0x0041, 0x0041, 0x0041,
	0x0041, 0x0041, 0x0041, 0x0041, 0x0041, 0x0041, 0x0041, 0x0041, 0x0041, 0x0041, 0x0041, 0x0041,
	0x0041, 0x0041, 0x0041, 0x0041, 0x0041, 0x0041, 0x0041, 0x0041, 0x0041, 0x0041, 0x0041, 0x0041,
	0x0041, 0x0041, 0x0041, 0x0041, 0x0041, 0x0041, 0x0041, 0x0041, 0x0041, 0x0041, 0x0041, 0x52EB,
	0x52EB, 0x0041, 0x0041, 0x0041, 0x0041, 0x0041, 0x0041, 0x0041, 0x0041, 0x0041, 0x0041, 0x0041,
	0x0041, 0x0041, 0x0041, 0x0041, 0x0041, 0x0041, 0x0041, 0x0041, 0x0041, 0x0041, 0x0041, 0x0041,
	0x0041, 0x0041, 0x0041, 0x0041, 0x0041, 0x0041, 0x0041, 0x0041, 0x0041, 0x0041, 0x0041, 0x0041,
	0x0041, 0x0041, 0x0041, 0x0041, 0x0041, 0x0041, 0x0041, 0x0041, 0x0041, 0x0041, 0x0041, 0x0041,
	0x0041, 0x0041, 0x0041, 0x0041, 0x0041, 0x0041, 0x0041, 0x0041, 0x0041, 0x0041, 0x0041, 0x0041,
	0x0041, 0x0041, 0x0041, 0x0041, 0x0041, 0x0041, 0x0041, 0x0041, 0x0041, 0x0041, 0x0041, 0x0041,
	0x0041, 0x0041, 0x0041, 0x0041, 0x0041, 0x0041, 0x0041, 0x0041, 0x0041, 0x0041, 0x0041, 0x0041,
	0x0041, 0x0041, 0x0041, 0x0041, 0x0041, 0x0041, 0x0041, 0x0041, 0x0041, 0x0041, 0x0041, 0x0041,
	0x0041, 0x0041, 0x0041, 0x0041, 0x0041, 0x0041, 0x0041, 0x0041, 0x0041, 0x0041, 0x0041, 0x0041,
	0x0041, 0x0041, 0x0041, 0x0041, 0x0041, 0x0041, 0x0041, 0x0041, 0x0041, 0x0041, 0x0041, 0x0041,
	0x0041, 0x0041, 0x0041, 0x0041, 0x0041, 0x0041, 0x0041, 0x0041, 0x0041, 0x0041, 0x0041, 0x0041,
	0x0041, 0x0041, 0x0041, 0x0041, 0x0041, 0x0041, 0x0041, 0x0041, 0x0041, 0x0041, 0x0041, 0x0041,
	0x0041, 0x0041, 0x0041, 0x0041, 0x0041, 0x0041, 0x0041, 0x0041, 0x0041, 0x0041, 0x0041, 0x0041,
	0x0041, 0x0041, 0x0041, 0x0041, 0x0041, 0x0041, 0x0041, 0x0041, 0x0041, 0x0041, 0x0041, 0x0041,
	0x0041, 0x0041, 0x0041, 0x0041, 0x0041, 0x0041, 0x0041, 0x0041, 0x0041, 0x0041, 0x0041, 0x0041,
	0x0041, 0x0041, 0x0041, 0x0041, 0x0041, 0x0041, 0x0041, 0x0041, 0x0041, 0x0041, 0x0041, 0x0041,
	0x0041, 0x0041, 0x0041, 0x0041, 0x0041, 0x0041, 0x0041, 0x0041, 0x0041, 0x0041, 0x0041, 0x0041,
	0x0041, 0x0041, 0x0041, 0x0041, 0x0041, 0x0041, 0x0041, 0x0041, 0x0041, 0x0041, 0x0041, 0x0041,
	0x0041, 0x0041, 0x0041, 0x0041, 0x0041, 0x0041, 0x0041, 0x0041, 0x0041, 0x0041, 0x0041, 0x0041,
	0x0041, 0x0041, 0x0041, 0x0041, 0x0041, 0x0041, 0x0041, 0x0041, 0x0041, 0x52EB, 0x52EB, 0x0041,
	0x0041, 0x0041, 0x0041, 0x0041, 0x0041, 0x0041, 0x0041, 0x0041, 0x0041, 0x0041, 0x0041, 0x0041,
	0x0041, 0x0041, 0x0041, 0x0041, 0x0041, 0x0041, 0x0041, 0x0041, 0x0041, 0x0041, 0x0041, 0x0041,
	0x0041, 0x0041, 0x0041, 0x0041, 0x0041, 0x0041, 0x0041, 0x0041, 0x0041, 0x0041, 0x0041, 0x0041,
	0x0041, 0x0041, 0x0041, 0x0041, 0x0041, 0x0041, 0x0041, 0x0041, 0x0041, 0x0041, 0x0041, 0x0041,
	0x0041, 0x0041, 0x0041, 0x0041, 0x0041, 0x0041, 0x0041, 0x0041, 0x0041, 0x0041, 0x0041, 0x0041,
	0x0041, 0x0041, 0x0041, 0x0041, 0x0041, 0x0041, 0x0041, 0x0041, 0x0041, 0x0041, 0x0041, 0x0041,
	0x0041, 0x0041, 0x0041, 0x0041, 0x0041, 0x0041, 0x0041, 0x0041, 0x0041, 0x0041, 0x0041, 0x0041,
	0x0041, 0x0041, 0x0041, 0x0041, 0x0041, 0x0041, 0x0041, 0x0041, 0x0041, 0x0041, 0x0041, 0x0041,
	0x0041, 0x0041, 0x0041, 0x0041, 0x0041, 0x0041, 0x0041, 0x0041, 0x0041, 0x0041, 0x0041, 0x0041,
	0x0041, 0x0041, 0x0041, 0x0041, 0x0041, 0x0041, 0x0041, 0x0041, 0x0041, 0x0041, 0x0041, 0x0041,
	0x0041, 0x0041, 0x0041, 0x0041, 0x0041, 0x0041, 0x0041, 0x0041, 0x0041, 0x0041, 0x0041, 0x0041,
	0x0041, 0x0041, 0x0041, 0x0041, 0x0041, 0x0041, 0x0041, 0x0041, 0x0041, 0x0041, 0x0041, 0x0041,
	0x0041, 0x0041, 0x0041, 0x0041, 0x0041, 0x0041, 0x0041, 0x0041, 0x0041, 0x0041, 0x0041, 0x0041,
	0x0041, 0x0041, 0x0041, 0x0041, 0x0041, 0x0041, 0x0041, 0x0041, 0x0041, 0x0041, 0x0041, 0x0041,
	0x0041, 0x0041, 0x0041, 0x0041, 0x0041, 0x0041, 0x0041, 0x0041, 0x0041, 0x0041, 0x0041, 0x0041,
	0x0041, 0x0041, 0x0041, 0x0041, 0x0041, 0x0041, 0x0041, 0x0041, 0x0041, 0x0041, 0x0041, 0x0041,
	0x0041, 0x0041, 0x0041, 0x0041, 0x0041, 0x0041, 0x0041, 0x0041, 0x0041, 0x0041, 0x0041, 0x0041,
	0x0041, 0x0041, 0x0041, 0x0041, 0x0041, 0x0041, 0x0041, 0x0041, 0x0041, 0x0041, 0x0041, 0x0041,
	0x0041, 0x0041, 0x0041, 0x0041, 0x0041, 0x0041, 0x0041, 0x0041, 0x0041, 0x0041, 0x0041, 0x0041,
	0x0041, 0x0041, 0x0041, 0x0041, 0x0041, 0x0041, 0x0041, 0x52EB, 0x52EB, 0x0041, 0x0041, 0x0041,
	0x0041, 0x0041, 0x0041, 0x0041, 0x0041, 0x0041, 0x0041, 0x0041, 0x0041, 0x0041, 0x0041, 0x0041,
	0x0041, 0x0041, 0x0041, 0x0041, 0x0041, 0x0041, 0x0041, 0x0041, 0x0041, 0x0041, 0x0041, 0x0041,
	0x0041, 0x0041, 0x0041, 0x0041, 0x0041, 0x0041, 0x0041, 0x0041, 0x0041, 0x0041, 0x0041, 0x0041,
	0x0041, 0x0041, 0x0041, 0x0041, 0x0041, 0x0041, 0x0041, 0x0041, 0x0041, 0x0041, 0x0041, 0x0041,
	0x0041, 0x0041, 0x0041, 0x0041, 0x0041, 0x0041, 0x0041, 0x0041, 0x0041, 0x0041, 0x0041, 0x0041,
	0x0041, 0x0041, 0x0041, 0x0041, 0x0041, 0x0041, 0x0041, 0x0041, 0x0041, 0x0041, 0x0041, 0x0041,
	0x0041, 0x0041, 0x0041, 0x0041, 0x0041, 0x0041, 0x0041, 0x0041, 0x0041, 0x0041, 0x0041, 0x0041,
	0x0041, 0x0041, 0x0041, 0x0041, 0x0041, 0x0041, 0x0041, 0x0041, 0x0041, 0x0041, 0x0041, 0x0041,
	0x0041, 0x0041, 0x0041, 0x0041, 0x0041, 0x0041, 0x0041, 0x0041, 0x0041, 0x0041, 0x0041, 0x0041,
	0x0041, 0x0041, 0x0041, 0x0041, 0x0041, 0x0041, 0x0041, 0x0041, 0x0041, 0x0041, 0x0041, 0x0041,
	0x0041, 0x0041, 0x0041, 0x0041, 0x0041, 0x0041, 0x0041, 0x0041, 0x0041, 0x0041, 0x0041, 0x0041,
	0x0041, 0x0041, 0x0041, 0x0041, 0x0041, 0x0041, 0x0041, 0x0041, 0x0041, 0x0041, 0x0041, 0x0041,
	0x0041, 0x0041, 0x0041, 0x0041, 0x0041, 0x0041, 0x0041, 0x0041, 0x0041, 0x0041, 0x0041, 0x0041,
	0x0041, 0x0041, 0x0041, 0x0041, 0x0041, 0x0041, 0x0041, 0x0041, 0x0041, 0x0041, 0x0041, 0x0041,
	0x0041, 0x0041, 0x0041, 0x0041, 0x0041, 0x0041, 0x0041, 0x0041, 0x0041, 0x0041, 0x0041, 0x0041,
	0x0041, 0x0041, 0x0041, 0x0041, 0x0041, 0x0041, 0x0041, 0x0041, 0x0041, 0x0041, 0x0041, 0x0041,
	0x0041, 0x0041, 0x0041, 0x0041, 0x0041, 0x0041, 0x0041, 0x0041, 0x0041, 0x0041, 0x0041, 0x0041,
	0x0041, 0x0041, 0x0041, 0x0041, 0x0041, 0x0041, 0x0041, 0x0041, 0x0041, 0x0041, 0x0041, 0x0041,
	0x0041, 0x0041, 0x0041, 0x0041, 0x0041, 0x0041, 0x0041, 0x0041, 0x0041, 0x0041, 0x0041, 0x0041,
	0x0041, 0x0041, 0x0041, 0x0041, 0x0041, 0x52EB, 0x52EB, 0x0041, 0x0041, 0x0041, 0x0041, 0x0041,
	0x0041, 0x0041, 0x0041, 0x0041, 0x0041, 0x0041, 0x0041, 0x0041, 0x0041, 0x0041, 0x0041, 0x0041,
	0x0041, 0x0041, 0x0041, 0x0041, 0x0041, 0x0041, 0x0041, 0x0041, 0x0041, 0x0041, 0x0041, 0x0041,
	0x0041, 0x0041, 0x0041, 0x0041, 0x0041, 0x0041, 0x0041, 0x0041, 0x0041, 0x0041, 0x0041, 0x0041,
	0x0041, 0x0041, 0x0041, 0x0020, 0x0041, 0x0041, 0x0041, 0x0041, 0x0041, 0x0041, 0x0041, 0x0041,
	0x0041, 0x0041, 0x0041, 0x0041, 0x0041, 0x0041, 0x0041, 0x0041, 0x0041, 0x0041, 0x0041, 0x0041,
	0x0041, 0x0041, 0x0041, 0x0041, 0x0041, 0x0041, 0x0041, 0x0041, 0x0041, 0x0041, 0x0041, 0x0041,
	0x0041, 0x0041, 0x0041, 0x0041, 0x0041, 0x0041, 0x0041, 0x0041, 0x0041, 0x0041, 0x0041, 0x0041,
	0x0041, 0x0041, 0x0041, 0x0041, 0x0041, 0x0041, 0x0041, 0x0041, 0x0041, 0x0041, 0x0041, 0x0041,
	0x0041, 0x0041, 0x0041, 0x0041, 0x0041, 0x0041, 0x0041, 0x0041, 0x0041, 0x0041, 0x0041, 0x0041,
	0x0041, 0x0041, 0x0041, 0x0041, 0x0041, 0x0041, 0x0041, 0x0041, 0x0041, 0x0041, 0x0041, 0x0041,
	0x0041, 0x0041, 0x0041, 0x0041, 0x0041, 0x0041, 0x0041, 0x0041, 0x0041, 0x0041, 0x0041, 0x0041,
	0x0041, 0x0041, 0x0041, 0x0041, 0x0041, 0x0041, 0x0041, 0x0041, 0x0041, 0x0041, 0x0041, 0x0041,
	0x0041, 0x0041, 0x0041, 0x0041, 0x0041, 0x0041, 0x0041, 0x0041, 0x0041, 0x0041, 0x0041, 0x0041,
	0x0041, 0x0041, 0x0041, 0x0041, 0x0041, 0x0041, 0x0041, 0x0041, 0x0041, 0x0041, 0x0041, 0x0041,
	0x0041, 0x0041, 0x0041, 0x0041, 0x0041, 0x0041, 0x0041, 0x0041, 0x0041, 0x0041, 0x0041, 0x0041,
	0x0041, 0x0041, 0x0041, 0x0041, 0x0041, 0x0041, 0x0041, 0x0041, 0x0041, 0x0041, 0x0041, 0x0041,
	0x0041, 0x0041, 0x0041, 0x0041, 0x0041, 0x0041, 0x0041, 0x0041, 0x0041, 0x0041, 0x0041, 0x0041,
	0x0041, 0x0041, 0x0041, 0x0041, 0x0041, 0x0041, 0x0041, 0x0041, 0x0041, 0x0041, 0x0041, 0x0041,
	0x0041, 0x0041, 0x0041, 0x0041, 0x0041, 0x0041, 0x0041, 0x0041, 0x0041, 0x0041, 0x0041, 0x0041,
	0x0041, 0x0041, 0x0041, 0x52EB, 0x52EB, 0x0041, 0x0041, 0x0041, 0x0041, 0x0041, 0x0041, 0x0041,
	0x0041, 0x0041, 0x0041, 0x0041, 0x0041, 0x0041, 0x0041, 0x0041, 0x0041, 0x0041, 0x0041, 0x0041,
	0x0041, 0x0041, 0x0041, 0x0041, 0x0041, 0x0041, 0x0041, 0x0041, 0x0041, 0x0041, 0x0861, 0x2143,
	0x4A66, 0x52E7, 0x8C8A, 0x9D2B, 0x9D2B, 0x9D2B, 0x9D0B, 0x9D2B, 0x9D2B, 0x73E9, 0x52E7, 0x3A05,
	0x2144, 0x0041, 0x0041, 0x0041, 0x0041, 0x0041, 0x0041, 0x0041, 0x0041, 0x0041, 0x0041, 0x0041,
	0x0041, 0x0041, 0x0041, 0x0041, 0x0041, 0x0041, 0x0041, 0x0041, 0x0041, 0x0041, 0x0041, 0x0041,
	0x0041, 0x0041, 0x0041, 0x0041, 0x0041, 0x0041, 0x0041, 0x0041, 0x0041, 0x0041, 0x0041, 0x0041,
	0x0041, 0x0041, 0x0041, 0x0041, 0x0041, 0x0041, 0x0041, 0x0041, 0x0041, 0x0041, 0x0041, 0x0041,
	0x0041, 0x0041, 0x0041, 0x0041, 0x0041, 0x0041, 0x0041, 0x0041, 0x0041, 0x0041, 0x0041, 0x0041,
	0x0041, 0x0041, 0x0041, 0x0041, 0x0041, 0x0041, 0x0041, 0x0041, 0x0041, 0x0041, 0x0041, 0x0041,
	0x0041, 0x0041, 0x0041, 0x0041, 0x0041, 0x0041, 0x0041, 0x0041, 0x0041, 0x0041, 0x0041, 0x0041,
	0x0041, 0x0041, 0x0041, 0x0041, 0x0041, 0x0041, 0x0041, 0x0041, 0x0041, 0x0041, 0x0041, 0x0041,
	0x0041, 0x0041, 0x0041, 0x0041, 0x0041, 0x0041, 0x0041, 0x0041, 0x0041, 0x0041, 0x0041, 0x0041,
	0x0041, 0x0041, 0x0041, 0x0041, 0x0041, 0x0041, 0x0041, 0x0041, 0x0041, 0x0041, 0x0041, 0x0041,
	0x0041, 0x0041, 0x0041, 0x0041, 0x0041, 0x0041, 0x0041, 0x0041, 0x0041, 0x0041, 0x0041, 0x0041,
	0x0041, 0x0041, 0x0041, 0x0041, 0x0041, 0x0041, 0x0041, 0x0041, 0x0041, 0x0041, 0x0041, 0x0041,
	0x0041, 0x0041, 0x0041, 0x0041, 0x0041, 0x2144, 0x3A05, 0x52E7, 0x73E9, 0x9D2B, 0x9D2A, 0x9D2B,
	0x9D2B, 0x9D2B, 0x9D2B, 0x73E9, 0x52E7, 0x4266, 0x2143, 0x0041, 0x0041, 0x0041, 0x0041, 0x0041,
	0x0041, 0x0041, 0x0041, 0x0041, 0x0041, 0x0041, 0x0041, 0x0041, 0x0041, 0x0041, 0x0041, 0x0041,
	0x0041, 0x0041, 0x0041, 0x0041, 0x0041, 0x0041, 0x0041, 0x0041, 0x0041, 0x0041, 0x0041, 0x0041,
	0x0041, 0x52EB, 0x52EB, 0x0041, 0x0041, 0x0041, 0x0041, 0x0041, 0x0041, 0x0041, 0x0041, 0x0041,
	0x0041, 0x0041, 0x0041, 0x0041, 0x0041, 0x0041, 0x0041, 0x0041, 0x0041, 0x0041, 0x0041, 0x0041,
	0x0041, 0x0041, 0x0041, 0x0041, 0x0041, 0x2984, 0x73E9, 0xB5CC, 0xF7EF, 0xFFF0, 0xF7F0, 0xF7F0,
	0xFFF0, 0xFFF0, 0xF7EF, 0xFFEF, 0xFFEF, 0xF7EF, 0xF7F0, 0xFFEF, 0xFFF0, 0xFFEF, 0xFFEF, 0xF7EF,
	0xB5CD, 0x6368, 0x2144, 0x0041, 0x0041, 0x0041, 0x0041, 0x0041, 0x0041, 0x0041, 0x0041, 0x0041,
	0x0041, 0x0041, 0x0041, 0x0041, 0x0041, 0x0041, 0x0041, 0x0041, 0x0041, 0x0041, 0x0041, 0x0041,
	0x0041, 0x0041, 0x0041, 0x0041, 0x0041, 0x0041, 0x0041, 0x0041, 0x0041, 0x0041, 0x0041, 0x0041,
	0x0041, 0x0041, 0x0041, 0x0041, 0x0041, 0x0041, 0x0041, 0x0041, 0x0041, 0x0041, 0x0041, 0x0041,
	0x0041, 0x0041, 0x0041, 0x0041, 0x0041, 0x0041, 0x0041, 0x0041, 0x0041, 0x0041, 0x0041, 0x0041,
	0x0041, 0x0041, 0x0041, 0x0041, 0x0041, 0x0041, 0x0041, 0x0041, 0x0041, 0x0041, 0x0041, 0x0041,
	0x0041, 0x0041, 0x0041, 0x0041, 0x0041, 0x0041, 0x0041, 0x0041, 0x0041, 0x0041, 0x0041, 0x0041,
	0x0041, 0x0041, 0x0041, 0x0041, 0x0041, 0x0041, 0x0041, 0x0041, 0x0041, 0x0041, 0x0041, 0x0041,
	0x0041, 0x0041, 0x0041, 0x0041, 0x0041, 0x0041, 0x0041, 0x0041, 0x0041, 0x0041, 0x0041, 0x0041,
	0x0041, 0x0041, 0x0041, 0x0041, 0x0041, 0x0041, 0x0041, 0x0041, 0x0041, 0x0041, 0x0041, 0x0041,
	0x0041, 0x0041, 0x0041, 0x0041, 0x0041, 0x0041, 0x0041, 0x0041, 0x0041, 0x0041, 0x0041, 0x0041,
	0x0041, 0x0041, 0x0041, 0x0041, 0x0041, 0x0041, 0x0041, 0x0041, 0x0041, 0x0041, 0x0041, 0x29A4,
	0x6368, 0xB5CC, 0xF7EF, 0xFFF0, 0xFFEF, 0xF7EF, 0xFFF0, 0xFFF0, 0xFFEF, 0xFFF0, 0xFFF0, 0xFFEF,
	0xFFEF, 0xFFF0, 0xFFEF, 0xFFEF, 0xFFEF, 0xF7EF, 0xB5CC, 0x6368, 0x29A4, 0x0041, 0x0041, 0x0041,
	0x0041, 0x0041, 0x0041, 0x0041, 0x0041, 0x0041, 0x0041, 0x0041, 0x0041, 0x0041, 0x0041, 0x0041,
	0x0041, 0x0041, 0x0041, 0x0041, 0x0041, 0x0041, 0x0041, 0x0041, 0x0041, 0x0041, 0x0041, 0x52EB,
	0x52EB, 0x0041, 0x0041, 0x0041, 0x0041, 0x0041, 0x0041, 0x0041, 0x0041, 0x0041, 0x0041, 0x0041,
	0x0041, 0x0041, 0x0041, 0x0041, 0x0041, 0x0041, 0x0041, 0x0041, 0x0041, 0x0041, 0x0041, 0x0041,
	0x2143, 0x73E9, 0xDF4E, 0xFFEF, 0xFFEF, 0xF7EF, 0xFFF0, 0xFFEF, 0xFFEF, 0xFFEF, 0xFFF0, 0xFFEF,
	0xFFEF, 0xF7EF, 0xF7EF, 0xF7F0, 0xFFF0, 0xFFF0, 0xFFEF, 0xF7EF, 0xFFEF, 0xFFEF, 0xFFEF, 0xFFEF,
	0xFFF0, 0xE74E, 0x73E9, 0x18E3, 0x0041, 0x0041, 0x0041, 0x0041, 0x0041, 0x0041, 0x0041, 0x0041,
	0x0041, 0x0041, 0x0041, 0x0041, 0x0041, 0x0041, 0x0041, 0x0041, 0x0041, 0x0041, 0x0041, 0x0041,
	0x0041, 0x0041, 0x0041, 0x0041, 0x0041, 0x0041, 0x0041, 0x0041, 0x0041, 0x0041, 0x0041, 0x0041,
	0x0041, 0x0041, 0x0041, 0x0041, 0x0041, 0x0041, 0x0041, 0x0041, 0x0041, 0x0041, 0x0041, 0x0041,
	0x0041, 0x0041, 0x0041, 0x0041, 0x0041, 0x0041, 0x0041, 0x0041, 0x0041, 0x0041, 0x0041, 0x0041,
	0x0041, 0x0041, 0x0041, 0x0041, 0x0041, 0x0041, 0x0041, 0x0041, 0x0041, 0x0041, 0x0041, 0x0041,
	0x0041, 0x0041, 0x0041, 0x0041, 0x0041, 0x0041, 0x0041, 0x0041, 0x0041, 0x0041, 0x0041, 0x0041,
	0x0041, 0x0041, 0x0041, 0x0041, 0x0041, 0x0041, 0x0041, 0x0041, 0x0041, 0x0041, 0x0041, 0x0041,
	0x0041, 0x0041, 0x0041, 0x0041, 0x0041, 0x0041, 0x0041, 0x0041, 0x0041, 0x0041, 0x0041, 0x0041,
	0x0041, 0x0041, 0x0041, 0x0041, 0x0041, 0x0041, 0x0041, 0x0041, 0x0041, 0x0041, 0x0041, 0x0041,
	0x0041, 0x0041, 0x0041, 0x0041, 0x0041, 0x0041, 0x0041, 0x0041, 0x0041, 0x0041, 0x0041, 0x0041,
	0x0041, 0x0041, 0x0041, 0x0041, 0x0041, 0x0041, 0x18E3, 0x73E9, 0xDF2E, 0xF7F0, 0xFFEF, 0xFFF0,
	0xFFEF, 0xF7EF, 0xFFEF, 0xFFEF, 0xFFF0, 0xF7EF, 0xFFF0, 0xFFEF, 0xFFEF, 0xFFEF, 0xFFEF, 0xFFEF,
	0xFFF0, 0xFFF0, 0xFFF0, 0xFFEF, 0xFFEF, 0xFFEF, 0xFFF0, 0xE74E, 0x73E9, 0x2143, 0x0041, 0x0041,
	0x0041, 0x0041, 0x0041, 0x0041, 0x0041, 0x0041, 0x0041, 0x0041, 0x0041, 0x0041, 0x0041, 0x0041,
	0x0041, 0x0041, 0x0041, 0x0041, 0x0041, 0x0041, 0x0041, 0x0041, 0x0041, 0x52EB, 0x52EB, 0x0041,
	0x0041, 0x0041, 0x0041, 0x0041, 0x0041, 0x0041, 0x0041, 0x0041, 0x0041, 0x0041, 0x0041, 0x0041,
	0x0041, 0x0041, 0x0041, 0x0041, 0x0041, 0x0041, 0x0041, 0x0041, 0x3A05, 0xCE8D, 0xFFF0, 0xFFF0,
	0xFFEF, 0xFFF0, 0xFFF0, 0xFFEF, 0xFFF0, 0xFFEF, 0xFFF0, 0xFFEF, 0xFFEF, 0xFFEF, 0xF7EF, 0xFFF0,
	0xFFEF, 0xFFEF, 0xFFEF, 0xFFEF, 0xFFEF, 0xFFEF, 0xFFEF, 0xFFEF, 0xFFEF, 0xF7F0, 0xFFEF, 0xFFEF,
	0xFFF0, 0xFFEF, 0x9D2B, 0x2143, 0x0041, 0x0041, 0x0041, 0x0041, 0x0041, 0x0041, 0x0041, 0x0041,
	0x0041, 0x0041, 0x0041, 0x0041, 0x0041, 0x0041, 0x0041, 0x0041, 0x0041, 0x0041, 0x0041, 0x0041,
	0x0041, 0x0041, 0x0041, 0x0041, 0x0041, 0x0041, 0x0041, 0x0041, 0x0041, 0x0041, 0x0041, 0x0041,
	0x0041, 0x0041, 0x0041, 0x0041, 0x0041, 0x0041, 0x0041, 0x0041, 0x0041, 0x0041, 0x0041, 0x0041,
	0x0041, 0x0041, 0x0041, 0x0041, 0x0041, 0x0041, 0x0041, 0x0041, 0x0041, 0x0041, 0x0041, 0x0041,
	0x0041, 0x0041, 0x0041, 0x0041, 0x0041, 0x0041, 0x0041, 0x0041, 0x0041, 0x0041, 0x0041, 0x0041,
	0x0041, 0x0041, 0x0041, 0x0041, 0x0041, 0x0041, 0x0041, 0x0041, 0x0041, 0x0041, 0x0041, 0x0041,
	0x0041, 0x0041, 0x0041, 0x0041, 0x0041, 0x0041, 0x0041, 0x0041, 0x0041, 0x0041, 0x0041, 0x0041,
	0x0041, 0x0041, 0x0041, 0x0041, 0x0041, 0x0041, 0x0041, 0x0041, 0x0041, 0x0041, 0x0041, 0x0041,
	0x0041, 0x0041, 0x0041, 0x0041, 0x0041, 0x0041, 0x0041, 0x0041, 0x0041, 0x0041, 0x0041, 0x0041,
	0x0041, 0x0041, 0x0041, 0x0041, 0x0041, 0x0041, 0x0041, 0x0041, 0x0041, 0x0041, 0x0041, 0x0041,
	0x0041, 0x0041, 0x2144, 0x9D2B, 0xFFEF, 0xFFEF, 0xFFEF, 0xFFF0, 0xFFEF, 0xFFEF, 0xFFEF, 0xFFF0,
	0xF7EF, 0xFFEF, 0xFFEF, 0xF7EF, 0xF7EF, 0xF7F0, 0xF7F0, 0xF7F0, 0xF7F0, 0xFFEF, 0xFFEF, 0xFFEF,
	0xFFEF, 0xFFEF, 0xF7F0, 0xFFEF, 0xFFEF, 0xFFEF, 0xFFEF, 0xFFEF, 0xC68D, 0x3A05, 0x0041, 0x0041,
	0x0041, 0x0041, 0x0041, 0x0041, 0x0041, 0x0041, 0x0041, 0x0041, 0x0041, 0x0041, 0x0041, 0x0041,
	0x0041, 0x0041, 0x0041, 0x0041, 0x0041, 0x0041, 0x0041, 0x52EB, 0x52EB, 0x0041, 0x0041, 0x0041,
	0x0041, 0x0041, 0x0041, 0x0041, 0x0041, 0x0041, 0x0041, 0x0041, 0x0041, 0x0041, 0x0041, 0x0041,
	0x0041, 0x0041, 0x0041, 0x0041, 0x29A4, 0xCE6D, 0xFFEF, 0xF7EF, 0xFFEF, 0xFFF0, 0xFFEF, 0xFFEF,
	0xFFEF, 0xFFEF, 0xFFEF, 0xFFEF, 0xFFEF, 0xFFEF, 0xFFF0, 0xFFEF, 0xFFF0, 0xFFEF, 0xFFEF, 0xFFEF,
	0xFFEF, 0xFFEF, 0xFFF0, 0xFFF0, 0xFFF0, 0xFFEF, 0xFFEF, 0xFFF0, 0xFFF0, 0xFFEF, 0xFFEF, 0xFFEF,
	0xFFEF, 0xFFEF, 0x9D2B, 0x2143, 0x0041, 0x0041, 0x0041, 0x0041, 0x0041, 0x0041, 0x0041, 0x0041,
	0x0041, 0x0041, 0x0041, 0x0041, 0x0041, 0x0041, 0x0041, 0x0041, 0x0041, 0x0041, 0x0041, 0x0041,
	0x0041, 0x0041, 0x0041, 0x0041, 0x0041, 0x0041, 0x0041, 0x0041, 0x0041, 0x0041, 0x0041, 0x0041,
	0x0041, 0x0041, 0x0041, 0x0041, 0x0041, 0x0041, 0x0041, 0x0041, 0x0041, 0x0041, 0x0041, 0x0041,
	0x0041, 0x0041, 0x0041, 0x0041, 0x0041, 0x0041, 0x0041, 0x0041, 0x0041, 0x0041, 0x0041, 0x0041,
	0x0041, 0x0041, 0x0041, 0x0041, 0x0041, 0x0041, 0x0041, 0x0041, 0x0041, 0x0041, 0x0041, 0x0041,
	0x0041, 0x0041, 0x0041, 0x0041, 0x0041, 0x0041, 0x0041, 0x0041, 0x0041, 0x0041, 0x0041, 0x0041,
	0x0041, 0x0041, 0x0041, 0x0041, 0x0041, 0x0041, 0x0041, 0x0041, 0x0041, 0x0041, 0x0041, 0x0041,
	0x0041, 0x0041, 0x0041, 0x0041, 0x0041, 0x0041, 0x0041, 0x0041, 0x0041, 0x0041, 0x0041, 0x0041,
	0x0041, 0x0041, 0x0041, 0x0041, 0x0041, 0x0041, 0x0041, 0x0041, 0x0041, 0x0041, 0x0041, 0x0041,
	0x0041, 0x0041, 0x0041, 0x0041, 0x0041, 0x0041, 0x0041, 0x0041, 0x0041, 0x0041, 0x2143, 0x9D2B,
	0xFFEF, 0xF7EF, 0xFFEF, 0xF7EF, 0xFFEF, 0xF7EF, 0xFFEF, 0xFFEF, 0xFFEF, 0xFFEF, 0xFFEF, 0xFFEF,
	0xFFF0, 0xFFEF, 0xFFF0, 0xFFF0, 0xFFEF, 0xFFF0, 0xFFEF, 0xF7EF, 0xFFEF, 0xFFEF, 0xFFF0, 0xFFEF,
	0xFFEF, 0xFFF0, 0xF7EF, 0xF7EF, 0xFFEF, 0xF7EF, 0xFFF0, 0xFFEF, 0xCE6D, 0x2143, 0x0041, 0x0041,
	0x0041, 0x0041, 0x0041, 0x0041, 0x0041, 0x0041, 0x0041, 0x0041, 0x0041, 0x0041, 0x0041, 0x0041,
	0x0041, 0x0041, 0x0041, 0x0041, 0x0041, 0x52EB, 0x52EB, 0x0041, 0x0041, 0x0041, 0x0041, 0x0041,
	0x0041, 0x0041, 0x0041, 0x0041, 0x0041, 0x0041, 0x0041, 0x0041, 0x0041, 0x0041, 0x0041, 0x0041,
	0x0861, 0x8C8A, 0xFFEF, 0xF7EF, 0xFFEF, 0xF7F0, 0xF7EF, 0xF7F0, 0xFFEF, 0xFFEF, 0xF7EF, 0xF7F0,
	0xF7F0, 0xFFEF, 0xF7EF, 0xF7EF, 0xF7EF, 0xF7EF, 0xF7EF, 0xF7EF, 0xF7EF, 0xF7F0, 0xF7EF, 0xFFF0,
	0xFFEF, 0xFFEF, 0xFFEF, 0xFFF0, 0xF7EF, 0xF7EF, 0xF7F0, 0xFFEF, 0xF7F0, 0xF7EF, 0xFFEF, 0xFFEF,
	0xFFF0, 0xFFEF, 0x6368, 0x0861, 0x0041, 0x0041, 0x0041, 0x0041, 0x0041, 0x0041, 0x0041, 0x0041,
	0x0041, 0x0041, 0x0041, 0x0041, 0x0041, 0x0041, 0x0041, 0x0041, 0x0041, 0x0041, 0x0041, 0x0041,
	0x0041, 0x0041, 0x0041, 0x0041, 0x0041, 0x0041, 0x0041, 0x0041, 0x0041, 0x0041, 0x0041, 0x0041,
	0x0041, 0x0041, 0x0041, 0x0041, 0x0041, 0x0041, 0x0041, 0x0041, 0x0041, 0x0041, 0x0041, 0x0041,
	0x0041, 0x0041, 0x0041, 0x0041, 0x0041, 0x0041, 0x0041, 0x0041, 0x0041, 0x0041, 0x0041, 0x0041,
	0x0041, 0x0041, 0x0041, 0x0041, 0x0041, 0x0041, 0x0041, 0x0041, 0x0041, 0x0041, 0x0041, 0x0041,
	0x0041, 0x0041, 0x0041, 0x0041, 0x0041, 0x0041, 0x0041, 0x0041, 0x0041, 0x0041, 0x0041, 0x0041,
	0x0041, 0x0041, 0x0041, 0x0041, 0x0041, 0x0041, 0x0041, 0x0041, 0x0041, 0x0041, 0x0041, 0x0041,
	0x0041, 0x0041, 0x0041, 0x0041, 0x0041, 0x0041, 0x0041, 0x0041, 0x0041, 0x0041, 0x0041, 0x0041,
	0x0041, 0x0041, 0x0041, 0x0041, 0x0041, 0x0041, 0x0041, 0x0041, 0x0041, 0x0041, 0x0041, 0x0041,
	0x0041, 0x0041, 0x0041, 0x0041, 0x0041, 0x0041, 0x0861, 0x6368, 0xF7F0, 0xFFEF, 0xFFEF, 0xFFEF,
	0xFFEF, 0xFFF0, 0xFFF0, 0xF7EF, 0xFFEF, 0xFFEF, 0xFFEF, 0xFFF0, 0xFFF0, 0xFFEF, 0xFFEF, 0xFFEF,
	0xFFEF, 0xFFEF, 0xFFEF, 0xFFEF, 0xFFEF, 0xFFEF, 0xFFEF, 0xF7F0, 0xFFEF, 0xFFEF, 0xFFF0, 0xF7EF,
	0xFFF0, 0xFFF0, 0xFFF0, 0xFFF0, 0xFFEF, 0xFFEF, 0xF7F0, 0xFFEF, 0x8C8A, 0x0861, 0x0041, 0x0041,
	0x0041, 0x0041, 0x0041, 0x0041, 0x0041, 0x0041, 0x0041, 0x0041, 0x0041, 0x0041, 0x0041, 0x0041,
	0x0041, 0x0041, 0x0041, 0x52EB, 0x52EB, 0x0041, 0x0041, 0x0041, 0x0041, 0x0041, 0x0041, 0x0041,
	0x0041, 0x0041, 0x0041, 0x0041, 0x0041, 0x0041, 0x0041, 0x0041, 0x0041, 0x29A4, 0xE72E, 0xFFF0,
	0xFFEF, 0xFFEF, 0xF7EF, 0xFFEF, 0xFFF0, 0xFFEF, 0xFFEF, 0xF7F0, 0xF7EF, 0xF7EF, 0xFFF0, 0xFFEF,
	0xFFEF, 0xFFF0, 0xFFF0, 0xFFEF, 0xFFEF, 0xFFEF, 0xFFEF, 0xFFF0, 0xFFEF, 0xF7EF, 0xFFEF, 0xF7EF,
	0xF7F0, 0xFFEF, 0xFFEF, 0xFFF0, 0xFFEF, 0xFFEF, 0xF7EF, 0xF7F0, 0xF7EF, 0xFFF0, 0xF7EF, 0xF7F0,
	0xF7EF, 0xCE8D, 0x18E3, 0x0041, 0x0041, 0x0041, 0x0041, 0x0041, 0x0041, 0x0041, 0x0041, 0x0041,
	0x0041, 0x0041, 0x0041, 0x0041, 0x0041, 0x0041, 0x0041, 0x0041, 0x0041, 0x0041, 0x0041, 0x0041,
	0x0041, 0x0041, 0x0041, 0x0041, 0x0041, 0x0041, 0x0041, 0x0041, 0x0041, 0x0041, 0x0041, 0x0041,
	0x0041, 0x0041, 0x0041, 0x0041, 0x0041, 0x0041, 0x0041, 0x0041, 0x0041, 0x0041, 0x0041, 0x0041,
	0x0041, 0x0041, 0x0041, 0x0041, 0x0041, 0x0041, 0x0041, 0x0041, 0x0041, 0x0041, 0x0041, 0x0041,
	0x0041, 0x0041, 0x0041, 0x0041, 0x0041, 0x0041, 0x0041, 0x0041, 0x0041, 0x0041, 0x0041, 0x0041,
	0x0041, 0x0041, 0x0041, 0x0041, 0x0041, 0x0041, 0x0041, 0x0041, 0x0041, 0x0041, 0x0041, 0x0041,
	0x0041, 0x0041, 0x0041, 0x0041, 0x0041, 0x0041, 0x0041, 0x0041, 0x0041, 0x0041, 0x0041, 0x0041,
	0x0041, 0x0041, 0x0041, 0x0041, 0x0041, 0x0041, 0x0041, 0x0041, 0x0041, 0x0041, 0x0041, 0x0041,
	0x0041, 0x0041, 0x0041, 0x0041, 0x0041, 0x0041, 0x0041, 0x0041, 0x0041, 0x0041, 0x0041, 0x0041,
	0x0041, 0x0041, 0x0041, 0x18E3, 0xCE8D, 0xFFF0, 0xFFEF, 0xFFF0, 0xF7F0, 0xF7EF, 0xF7F0, 0xFFEF,
	0xFFEF, 0xFFF0, 0xFFF0, 0xFFF0, 0xFFEF, 0xF7EF, 0xF7EF, 0xF7EF, 0xFFEF, 0xFFF0, 0xFFEF, 0xF7EF,
	0xFFF0, 0xF7EF, 0xF7EF, 0xF7F0, 0xFFF0, 0xFFF0, 0xFFEF, 0xF7EF, 0xFFF0, 0xFFEF, 0xF7EF, 0xF7EF,
	0xFFEF, 0xFFF0, 0xF7EF, 0xF7EF, 0xFFEF, 0xFFEF, 0xF7EF, 0xE74E, 0x31A4, 0x0041, 0x0041, 0x0041,
	0x0041, 0x0041, 0x0041, 0x0041, 0x0041, 0x0041, 0x0041, 0x0041, 0x0041, 0x0041, 0x0041, 0x0041,
	0x0041, 0x52EB, 0x52EB, 0x0041, 0x0041, 0x0041, 0x0041, 0x0041, 0x0041, 0x0041, 0x0041, 0x0041,
	0x0041, 0x0041, 0x0041, 0x0041, 0x0041, 0x0041, 0x52E7, 0xF7F0, 0xFFF0, 0xFFEF, 0xF7EF, 0xF7EF,
	0xFFF0, 0xFFF0, 0xFFF0, 0xF7EF, 0xFFEF, 0xFFEF, 0xFFF0, 0xFFF0, 0xFFF0, 0xFFF0, 0xFFEF, 0xF7EF,
	0xFFEF, 0xFFEF, 0xFFEF, 0xFFF0, 0xF7EF, 0xFFEF, 0xF7F0, 0xFFF0, 0xFFF0, 0xFFEF, 0xFFEF, 0xFFEF,
	0xFFF0, 0xFFEF, 0xFFEF, 0xFFF0, 0xF7EF, 0xF7EF, 0xFFEF, 0xFFEF, 0xFFF0, 0xF7EF, 0xFFEF, 0xFFF0,
	0xF7EF, 0x3A05, 0x0041, 0x0041, 0x0041, 0x0041, 0x0041, 0x0041, 0x0041, 0x0041, 0x0041, 0x0041,
	0x0041, 0x0041, 0x0041, 0x0041, 0x0041, 0x0041, 0x0041, 0x0041, 0x0041, 0x0041, 0x0041, 0x0041,
	0x0041, 0x0041, 0x0041, 0x0041, 0x0041, 0x0041, 0x0041, 0x0041, 0x0041, 0x0041, 0x0041, 0x0041,
	0x0041, 0x0041, 0x0041, 0x0041, 0x0041, 0x0041, 0x0041, 0x0041, 0x0041, 0x0041, 0x0041, 0x0041,
	0x0041, 0x0041, 0x0041, 0x0041, 0x0041, 0x0041, 0x0041, 0x0041, 0x0041, 0x0041, 0x0041, 0x0041,
	0x0041, 0x0041, 0x0041, 0x0041, 0x0041, 0x0041, 0x0041, 0x0041, 0x0041, 0x0041, 0x0041, 0x0041,
	0x0041, 0x0041, 0x0041, 0x0041, 0x0041, 0x0041, 0x0041, 0x0041, 0x0041, 0x0041, 0x0041, 0x0041,
	0x0041, 0x0041, 0x0041, 0x0041, 0x0041, 0x0041, 0x0041, 0x0041, 0x0041, 0x0041, 0x0041, 0x0041,
	0x0041, 0x0041, 0x0041, 0x0041, 0x0041, 0x0041, 0x0041, 0x0041, 0x0041, 0x0041, 0x0041, 0x0041,
	0x0041, 0x0041, 0x0041, 0x0041, 0x0041, 0x0041, 0x0041, 0x0041, 0x0041, 0x0041, 0x0041, 0x0041,
	0x3A05, 0xFFEF, 0xFFEF, 0xFFEF, 0xF7F0, 0xF7F0, 0xFFEF, 0xFFF0, 0xFFEF, 0xF7EF, 0xF7F0, 0xF7EF,
	0xFFEF, 0xFFEF, 0xFFF0, 0xFFEF, 0xFFF0, 0xFFF0, 0xFFEF, 0xFFEF, 0xFFF0, 0xFFF0, 0xFFEF, 0xFFEF,
	0xFFF0, 0xFFEF, 0xF7EF, 0xF7EF, 0xF7EF, 0xFFEF, 0xFFEF, 0xFFF0, 0xFFF0, 0xFFEF, 0xF7EF, 0xF7EF,
	0xF7EF, 0xF7EF, 0xF7F0, 0xF7F0, 0xFFEF, 0xFFEF, 0xFFEF, 0x52E7, 0x0041, 0x0041, 0x0041, 0x0041,
	0x0041, 0x0041, 0x0041, 0x0041, 0x0041, 0x0041, 0x0041, 0x0041, 0x0041, 0x0041, 0x0041, 0x52EB,
	0x52EB, 0x0041, 0x0041, 0x0041, 0x0041, 0x0041, 0x0041, 0x0041, 0x0041, 0x0041, 0x0041, 0x0041,
	0x0041, 0x0041, 0x0041, 0x73E9, 0xFFF0, 0xF7EF, 0xFFEF, 0xF7F0, 0xFFEF, 0xFFEF, 0xFFEF, 0xF7EF,
	0xF7F0, 0xF7EF, 0xF7EF, 0xFFEF, 0xFFF0, 0xFFEF, 0xFFF0, 0xFFEF, 0xE74E, 0x9D2B, 0x52E7, 0x52E7,
	0x2144, 0x2143, 0x2144, 0x2143, 0x52E7, 0x52E7, 0x9D2B, 0xE74E, 0xFFEF, 0xF7EF, 0xF7F0, 0xFFEF,
	0xF7EF, 0xFFEF, 0xFFEF, 0xFFF0, 0xF7EF, 0xF7EF, 0xF7EF, 0xFFEF, 0xFFEF, 0xFFEF, 0xF7F0, 0xFFF0,
	0x52E7, 0x0041, 0x0041, 0x0041, 0x0041, 0x0041, 0x0041, 0x0041, 0x0041, 0x0041, 0x0041, 0x0041,
	0x0041, 0x0041, 0x0041, 0x0041, 0x0041, 0x0041, 0x0041, 0x0041, 0x0041, 0x0041, 0x0041, 0x0041,
	0x0041, 0x0041, 0x0041, 0x0041, 0x0041, 0x0041, 0x0041, 0x0041, 0x0041, 0x0041, 0x0041, 0x0041,
	0x0041, 0x0041, 0x0041, 0x0041, 0x0041, 0x0041, 0x0041, 0x0041, 0x0041, 0x0041, 0x0041, 0x0041,
	0x0041, 0x0041, 0x0041, 0x0041, 0x0041, 0x0041, 0x0041, 0x0041, 0x0041, 0x0041, 0x0041, 0x0041,
	0x0041, 0x0041, 0x0041, 0x0041, 0x0041, 0x0041, 0x0041, 0x0041, 0x0041, 0x0041, 0x0041, 0x0041,
	0x0041, 0x0041, 0x0041, 0x0041, 0x0041, 0x0041, 0x0041, 0x0041, 0x0041, 0x0041, 0x0041, 0x0041,
	0x0041, 0x0041, 0x0041, 0x0041, 0x0041, 0x0041, 0x0041, 0x0041, 0x0041, 0x0041, 0x0041, 0x0041,
	0x0041, 0x0041, 0x0041, 0x0041, 0x0041, 0x0041, 0x0041, 0x0041, 0x0041, 0x0041, 0x0041, 0x0041,
	0x0041, 0x0041, 0x0041, 0x0041, 0x0041, 0x0041, 0x0041, 0x0041, 0x0041, 0x52C7, 0xFFEF, 0xFFF0,
	0xFFEF, 0xFFF0, 0xFFF0, 0xFFEF, 0xFFF0, 0xFFEF, 0xF7F0, 0xFFF0, 0xFFEF, 0xFFF0, 0xFFEF, 0xF7EF,
	0xF7F0, 0xFFEF, 0xE74E, 0x9D2B, 0x52E7, 0x52E7, 0x2144, 0x2143, 0x2143, 0x2143, 0x52E7, 0x52C7,
	0xA52B, 0xE74E, 0xF7EF, 0xFFF0, 0xF7EF, 0xF7EF, 0xFFEF, 0xFFF0, 0xFFF0, 0xFFEF, 0xFFF0, 0xFFF0,
	0xF7EF, 0xFFEF, 0xF7EF, 0xFFF0, 0xF7EF, 0xFFF0, 0x73E9, 0x0041, 0x0041, 0x0041, 0x0041, 0x0041,
	0x0041, 0x0041, 0x0041, 0x0041, 0x0041, 0x0041, 0x0041, 0x0041, 0x0041, 0x52EB, 0x52EB, 0x0041,
	0x0041, 0x0041, 0x0041, 0x0041, 0x0041, 0x0041, 0x0041, 0x0041, 0x0041, 0x0041, 0x0041, 0x0041,
	0x73E9, 0xFFEF, 0xFFEF, 0xFFEF, 0xFFF0, 0xFFEF, 0xF7EF, 0xFFF0, 0xFFF0, 0xFFEF, 0xFFEF, 0xFFEF,
	0xF7EF, 0xFFF0, 0xF7EF, 0xCE8D, 0x4266, 0x18E3, 0x0041, 0x0041, 0x0041, 0x0041, 0x0041, 0x0041,
	0x0041, 0x0041, 0x0041, 0x0041, 0x0041, 0x0041, 0x18E3, 0x6368, 0xCE8D, 0xFFEF, 0xF7EF, 0xFFF0,
	0xFFEF, 0xFFF0, 0xFFEF, 0xF7EF, 0xFFF0, 0xF7EF, 0xF7F0, 0xFFF0, 0xFFF0, 0xF7EF, 0xFFF0, 0x6368,
	0x0041, 0x0041, 0x0041, 0x0041, 0x0041, 0x0041, 0x0041, 0x0041, 0x0041, 0x0041, 0x0041, 0x0041,
	0x0041, 0x0041, 0x0041, 0x0041, 0x0041, 0x0041, 0x0041, 0x0041, 0x0041, 0x0041, 0x0041, 0x0041,
	0x0041, 0x0041, 0x0041, 0x0041, 0x0041, 0x0041, 0x0041, 0x0041, 0x0041, 0x0041, 0x0041, 0x0041,
	0x0041, 0x0041, 0x0041, 0x0041, 0x0041, 0x0041, 0x0041, 0x0041, 0x0041, 0x0041, 0x0041, 0x0041,
	0x0041, 0x0041, 0x0041, 0x0041, 0x0041, 0x0041, 0x0041, 0x0041, 0x0041, 0x0041, 0x0041, 0x0041,
	0x0041, 0x0041, 0x0041, 0x0041, 0x0041, 0x0041, 0x0041, 0x0041, 0x0041, 0x0041, 0x0041, 0x0041,
	0x0041, 0x0041, 0x0041, 0x0041, 0x0041, 0x0041, 0x0041, 0x0041, 0x0041, 0x0041, 0x0041, 0x0041,
	0x0041, 0x0041, 0x0041, 0x0041, 0x0041, 0x0041, 0x0041, 0x0041, 0x0041, 0x0041, 0x0041, 0x0041,
	0x0041, 0x0041, 0x0041, 0x0041, 0x0041, 0x0041, 0x0041, 0x0041, 0x0041, 0x0041, 0x0041, 0x0041,
	0x0041, 0x0041, 0x0041, 0x0041, 0x0041, 0x0041, 0x6368, 0xF7F0, 0xFFEF, 0xF7F0, 0xF7F0, 0xFFEF,
	0xFFF0, 0xFFEF, 0xFFF0, 0xFFEF, 0xFFEF, 0xFFEF, 0xFFEF, 0xFFF0, 0xF7EF, 0xCE8D, 0x6368, 0x18E3,
	0x0041, 0x0041, 0x0041, 0x0041, 0x0041, 0x0041, 0x0041, 0x0041, 0x0041, 0x0041, 0x0041, 0x0041,
	0x18E2, 0x4A66, 0xCE6D, 0xFFEF, 0xF7F0, 0xFFF0, 0xF7EF, 0xF7F0, 0xF7EF, 0xFFEF, 0xFFEF, 0xFFF0,
	0xF7EF, 0xF7F0, 0xF7EF, 0xFFEF, 0xF7EF, 0x73E9, 0x0041, 0x0041, 0x0041, 0x0041, 0x0041, 0x0041,
	0x0041, 0x0041, 0x0041, 0x0041, 0x0041, 0x0041, 0x0041, 0x52EB, 0x52EB, 0x0041, 0x0041, 0x0041,
	0x0041, 0x0041, 0x0041, 0x0041, 0x0041, 0x0041, 0x0041, 0x0041, 0x0041, 0x6368, 0xFFEF, 0xFFF0,
	0xFFEF, 0xFFF0, 0xF7EF, 0xF7F0, 0xFFEF, 0xF7EF, 0xFFF0, 0xFFF0, 0xF7EF, 0xFFEF, 0xFFF0, 0x9D2B,
	0x2143, 0x0041, 0x0041, 0x0041, 0x0041, 0x0041, 0x0041, 0x0041, 0x0041, 0x0041, 0x0041, 0x0041,
	0x0041, 0x0041, 0x0041, 0x0041, 0x0041, 0x0041, 0x0041, 0x3A05, 0xB5CC, 0xF7EF, 0xFFF0, 0xFFEF,
	0xF7F0, 0xFFEF, 0xFFF0, 0xF7EF, 0xFFF0, 0xFFEF, 0xFFEF, 0xFFEF, 0xFFF0, 0xFFEF, 0x3A05, 0x0041,
	0x0041, 0x0041, 0x0041, 0x0041, 0x0041, 0x0041, 0x0041, 0x0041, 0x0041, 0x0041, 0x0041, 0x0041,
	0x0041, 0x0041, 0x0041, 0x0041, 0x0041, 0x0041, 0x0041, 0x0041, 0x0041, 0x0041, 0x0041, 0x0041,
	0x0041, 0x0041, 0x0041, 0x0041, 0x0041, 0x0041, 0x0041, 0x0041, 0x0041, 0x0041, 0x0041, 0x0041,
	0x0041, 0x0041, 0x0041, 0x0041, 0x0041, 0x0041, 0x0041, 0x0041, 0x0041, 0x0041, 0x0041, 0x0041,
	0x0041, 0x0041, 0x0041, 0x0041, 0x0041, 0x0041, 0x0041, 0x0041, 0x0041, 0x0041, 0x0041, 0x0041,
	0x0041, 0x0041, 0x0041, 0x0041, 0x0041, 0x0041, 0x0041, 0x0041, 0x0041, 0x0041, 0x0041, 0x0041,
	0x0041, 0x0041, 0x0041, 0x0041, 0x0041, 0x0041, 0x0041, 0x0041, 0x0041, 0x0041, 0x0041, 0x0041,
	0x0041, 0x0041, 0x0041, 0x0041, 0x0041, 0x0041, 0x0041, 0x0041, 0x0041, 0x0041, 0x0041, 0x0041,
	0x0041, 0x0041, 0x0041, 0x0041, 0x0041, 0x0041, 0x0041, 0x0041, 0x0041, 0x0041, 0x0041, 0x0041,
	0x0041, 0x0041, 0x0041, 0x3A05, 0xFFEF, 0xF7F0, 0xFFEF, 0xFFEF, 0xFFEF, 0xFFEF, 0xFFEF, 0xF7F0,
	0xFFF0, 0xF7EF, 0xF7F0, 0xFFF0, 0xFFEF, 0xB5CC, 0x3A05, 0x0041, 0x0041, 0x0041, 0x0041, 0x0041,
	0x0041, 0x0041, 0x0041, 0x0041, 0x0041, 0x0041, 0x0041, 0x0041, 0x0041, 0x0041, 0x0041, 0x0041,
	0x0041, 0x2144, 0x9D2B, 0xFFF0, 0xFFEF, 0xFFEF, 0xF7EF, 0xFFF0, 0xF7EF, 0xFFEF, 0xFFF0, 0xF7EF,
	0xF7EF, 0xFFEF, 0xFFF0, 0xFFF0, 0x73E9, 0x0041, 0x0041, 0x0041, 0x0041, 0x0041, 0x0041, 0x0041,
	0x0041, 0x0041, 0x0041, 0x0041, 0x0041, 0x52EB, 0x52EB, 0x0041, 0x0041, 0x0041, 0x0041, 0x0041,
	0x0041, 0x0041, 0x0041, 0x0041, 0x0041, 0x0041, 0x3A05, 0xFFEF, 0xFFEF, 0xF7EF, 0xF7EF, 0xFFF0,
	0xFFEF, 0xFFF0, 0xF7EF, 0xFFEF, 0xFFEF, 0xF7F0, 0xFFF0, 0xC68D, 0x2143, 0x0041, 0x0041, 0x0041,
	0x0041, 0x0041, 0x0041, 0x0041, 0x0041, 0x0041, 0x0041, 0x0041, 0x0041, 0x0041, 0x0041, 0x0041,
	0x0041, 0x0041, 0x0041, 0x0041, 0x0041, 0x0041, 0x0041, 0x3A05, 0xDF4E, 0xFFEF, 0xFFEF, 0xFFEF,
	0xFFEF, 0xFFEF, 0xFFF0, 0xFFEF, 0xFFF0, 0xFFF0, 0xF7EF, 0xFFF0, 0xFFF0, 0x2143, 0x0041, 0x0041,
	0x0041, 0x0041, 0x0041, 0x0041, 0x0041, 0x0041, 0x0041, 0x0041, 0x0041, 0x0041, 0x0041, 0x0041,
	0x0041, 0x0041, 0x0041, 0x0041, 0x0041, 0x0041, 0x0041, 0x0041, 0x0041, 0x0041, 0x0041, 0x0041,
	0x0041, 0x0041, 0x0041, 0x0041, 0x0041, 0x0041, 0x0041, 0x0041, 0x0041, 0x0041, 0x0041, 0x0041,
	0x0041, 0x0041, 0x0041, 0x0041, 0x0041, 0x0041, 0x0041, 0x0041, 0x0041, 0x0041, 0x0041, 0x0041,
	0x0041, 0x0041, 0x0041, 0x0041, 0x0041, 0x0041, 0x0041, 0x0041, 0x0041, 0x0041, 0x0041, 0x0041,
	0x0041, 0x0041, 0x0041, 0x0041, 0x0041, 0x0041, 0x0041, 0x0041, 0x0041, 0x0041, 0x0041, 0x0041,
	0x0041, 0x0041, 0x0041, 0x0041, 0x0041, 0x0041, 0x0041, 0x0041, 0x0041, 0x0041, 0x0041, 0x0041,
	0x0041, 0x0041, 0x0041, 0x0041, 0x0041, 0x0041, 0x0041, 0x0041, 0x0041, 0x0041, 0x0041, 0x0041,
	0x0041, 0x0041, 0x0041, 0x0041, 0x0041, 0x0041, 0x0041, 0x0041, 0x0041, 0x0041, 0x0041, 0x0041,
	0x2143, 0xF7EF, 0xFFF0, 0xFFF0, 0xFFEF, 0xF7EF, 0xF7EF, 0xFFF0, 0xFFEF, 0xFFF0, 0xF7EF, 0xFFEF,
	0xFFEF, 0xDF4E, 0x3A05, 0x0041, 0x0041, 0x0041, 0x0041, 0x0041, 0x0041, 0x0041, 0x0041, 0x0041,
	0x0041, 0x0041, 0x0041, 0x0041, 0x0041, 0x0041, 0x0041, 0x0041, 0x0041, 0x0041, 0x0041, 0x0041,
	0x0041, 0x2143, 0xC68D, 0xFFF0, 0xFFEF, 0xF7F0, 0xF7F0, 0xFFEF, 0xFFEF, 0xFFF0, 0xFFEF, 0xFFEF,
	0xFFEF, 0xFFEF, 0xFFEF, 0x3A05, 0x0041, 0x0041, 0x0041, 0x0041, 0x0041, 0x0041, 0x0041, 0x0041,
	0x0041, 0x0041, 0x0041, 0x52EB, 0x52EB, 0x0041, 0x0041, 0x0041, 0x0041, 0x0041, 0x0041, 0x0041,
	0x0041, 0x0041, 0x0041, 0x10A2, 0xDF2E, 0xFFEF, 0xFFF0, 0xFFEF, 0xF7EF, 0xFFF0, 0xFFF0, 0xFFEF,
	0xFFEF, 0xFFEF, 0xFFEF, 0xFFF0, 0x73E9, 0x0861, 0x0041, 0x0041, 0x0041, 0x0041, 0x0041, 0x0041,
	0x0041, 0x0041, 0x0041, 0x0041, 0x0041, 0x0041, 0x0041, 0x0041, 0x0041, 0x0041, 0x0041, 0x0041,
	0x0041, 0x0041, 0x0041, 0x0041, 0x0041, 0x0041, 0x0861, 0x9D2B, 0xF7EF, 0xFFF0, 0xF7EF, 0xFFF0,
	0xFFEF, 0xFFEF, 0xFFEF, 0xFFEF, 0xF7EF, 0xFFF0, 0xFFF0, 0xDF2E, 0x0861, 0x0041, 0x0041, 0x0041,
	0x0041, 0x0041, 0x0041, 0x0041, 0x0041, 0x0041, 0x0041, 0x0041, 0x0041, 0x0041, 0x0041, 0x0041,
	0x0041, 0x0041, 0x0041, 0x0041, 0x0041, 0x0041, 0x0041, 0x0041, 0x0041, 0x0041, 0x0041, 0x0041,
	0x0041, 0x0041, 0x0041, 0x0041, 0x0041, 0x0041, 0x0041, 0x0041, 0x0041, 0x0041, 0x0041, 0x0041,
	0x0041, 0x0041, 0x0041, 0x0041, 0x0041, 0x0041, 0x0041, 0x0041, 0x0041, 0x0041, 0x0041, 0x0041,
	0x0041, 0x0041, 0x0041, 0x0041, 0x0041, 0x0041, 0x0041, 0x0041, 0x0041, 0x0041, 0x0041, 0x0041,
	0x0041, 0x0041, 0x0041, 0x0041, 0x0041, 0x0041, 0x0041, 0x0041, 0x0041, 0x0041, 0x0041, 0x0041,
	0x0041, 0x0041, 0x0041, 0x0041, 0x0041, 0x0041, 0x0041, 0x0041, 0x0041, 0x0041, 0x0041, 0x0041,
	0x0041, 0x0041, 0x0041, 0x0041, 0x0041, 0x0041, 0x0041, 0x0041, 0x0041, 0x0041, 0x0041, 0x0041,
	0x0041, 0x0041, 0x0041, 0x0041, 0x0041, 0x0041, 0x0041, 0x0041, 0x0041, 0x0861, 0xCE6E, 0xFFEF,
	0xF7EF, 0xF7F0, 0xF7EF, 0xFFF0, 0xFFEF, 0xF7EF, 0xFFF0, 0xFFEF, 0xF7EF, 0xFFF0, 0x9D2B, 0x0861,
	0x0041, 0x0041, 0x0041, 0x0041, 0x0041, 0x0041, 0x0041, 0x0041, 0x0041, 0x0041, 0x0041, 0x0041,
	0x0041, 0x0041, 0x0041, 0x0041, 0x0041, 0x0041, 0x0041, 0x0041, 0x0041, 0x0041, 0x0041, 0x0041,
	0x0861, 0x73E9, 0xFFEF, 0xF7EF, 0xFFF0, 0xFFEF, 0xFFEF, 0xF7EF, 0xFFF0, 0xFFEF, 0xFFEF, 0xFFEF,
	0xFFEF, 0xDF4E, 0x10A2, 0x0041, 0x0041, 0x0041, 0x0041, 0x0041, 0x0041, 0x0041, 0x0041, 0x0041,
	0x0041, 0x52EB, 0x52EB, 0x0041, 0x0041, 0x0041, 0x0041, 0x0041, 0x0041, 0x0041, 0x0041, 0x0041,
	0x0041, 0x9D0B, 0xFFEF, 0xF7EF, 0xF7F0, 0xFFEF, 0xF7F0, 0xFFEF, 0xFFEF, 0xFFEF, 0xFFF0, 0xFFEF,
	0xF7EF, 0x4A66, 0x0041, 0x0041, 0x0041, 0x0041, 0x0041, 0x0041, 0x0041, 0x0041, 0x0041, 0x0041,
	0x0041, 0x0041, 0x0041, 0x0041, 0x0041, 0x0041, 0x0041, 0x0041, 0x0041, 0x0041, 0x0041, 0x0041,
	0x0041, 0x0041, 0x0041, 0x0041, 0x0041, 0x0041, 0x7BE8, 0xF7F0, 0xF7EF, 0xFFEF, 0xFFF0, 0xF7EF,
	0xF7EF, 0xFFF0, 0xF7F0, 0xF7EF, 0xF7EF, 0xFFF0, 0x73E9, 0x0041, 0x0041, 0x0041, 0x0041, 0x0041,
	0x0041, 0x0041, 0x0041, 0x0041, 0x0041, 0x0041, 0x0041, 0x0041, 0x0041, 0x0041, 0x0041, 0x0041,
	0x0041, 0x0041, 0x0041, 0x0041, 0x0041, 0x0041, 0x0041, 0x0041, 0x0041, 0x0041, 0x0041, 0x0041,
	0x0041, 0x0041, 0x0041, 0x0041, 0x0041, 0x0041, 0x0041, 0x0041, 0x0041, 0x0041, 0x0041, 0x0041,
	0x0041, 0x0041, 0x0041, 0x0041, 0x0041, 0x0041, 0x0041, 0x0041, 0x0041, 0x0041, 0x0041, 0x0041,
	0x0041, 0x0041, 0x0041, 0x0041, 0x0041, 0x0041, 0x0041, 0x0041, 0x0041, 0x0041, 0x0041, 0x0041,
	0x0041, 0x0041, 0x0041, 0x0041, 0x0041, 0x0041, 0x0041, 0x0041, 0x0041, 0x0041, 0x0041, 0x0041,
	0x0041, 0x0041, 0x0041, 0x0041, 0x0041, 0x0041, 0x0041, 0x0041, 0x0041, 0x0041, 0x0041, 0x0041,
	0x0041, 0x0041, 0x0041, 0x0041, 0x0041, 0x0041, 0x0041, 0x0041, 0x0041, 0x0041, 0x0041, 0x0041,
	0x0041, 0x0041, 0x0041, 0x0041, 0x0041, 0x0041, 0x0041, 0x73E9, 0xF7EF, 0xF7EF, 0xFFF0, 0xFFEF,
	0xF7EF, 0xFFF0, 0xF7EF, 0xF7EF, 0xFFF0, 0xFFEF, 0xFFEF, 0x73E9, 0x0041, 0x0041, 0x0041, 0x0041,
	0x0041, 0x0041, 0x0041, 0x0041, 0x0041, 0x0041, 0x0041, 0x0041, 0x0041, 0x0041, 0x0041, 0x0041,
	0x0041, 0x0041, 0x0041, 0x0041, 0x0041, 0x0041, 0x0041, 0x0041, 0x0041, 0x0041, 0x0041, 0x0041,
	0x4A66, 0xFFF0, 0xFFEF, 0xF7EF, 0xFFEF, 0xF7F0, 0xFFEF, 0xFFF0, 0xFFF0, 0xF7F0, 0xF7F0, 0xFFEF,
	0x9D2B, 0x0041, 0x0041, 0x0041, 0x0041, 0x0041, 0x0041, 0x0041, 0x0041, 0x0041, 0x0041, 0x52EB,
	0x52EB, 0x0041, 0x0041, 0x0041, 0x0041, 0x0041, 0x0041, 0x0041, 0x0041, 0x0041, 0x29A4, 0xFFEF,
	0xFFEF, 0xFFEF, 0xF7EF, 0xFFF0, 0xFFEF, 0xF7EF, 0xFFF0, 0xF7EF, 0xFFF0, 0xFFF0, 0x3A05, 0x0041,
	0x0041, 0x0041, 0x0041, 0x0041, 0x0041, 0x0041, 0x0041, 0x0041, 0x0041, 0x0041, 0x0041, 0x0041,
	0x0041, 0x0041, 0x0041, 0x0041, 0x0041, 0x0041, 0x0041, 0x0041, 0x0041, 0x0041, 0x0041, 0x0041,
	0x0041, 0x0041, 0x0041, 0x0041, 0x0041, 0x73E8, 0xFFF0, 0xF7EF, 0xF7EF, 0xF7F0, 0xFFEF, 0xFFEF,
	0xF7F0, 0xF7EF, 0xFFEF, 0xFFF0, 0xFFEF, 0x2143, 0x0041, 0x0041, 0x0041, 0x0041, 0x0041, 0x0041,
	0x0041, 0x0041, 0x0041, 0x0041, 0x0041, 0x0041, 0x0041, 0x0041, 0x0041, 0x0041, 0x0041, 0x0041,
	0x0041, 0x0041, 0x0041, 0x0041, 0x0041, 0x0041, 0x0041, 0x0041, 0x0041, 0x0041, 0x0041, 0x0041,
	0x0041, 0x0041, 0x0041, 0x0041, 0x0041, 0x0041, 0x0041, 0x0041, 0x0041, 0x0041, 0x0041, 0x0041,
	0x0041, 0x0041, 0x0041, 0x0041, 0x0041, 0x0041, 0x0041, 0x0041, 0x0041, 0x0041, 0x0041, 0x0041,
	0x0041, 0x0041, 0x0041, 0x0041, 0x0041, 0x0041, 0x0041, 0x0041, 0x0041, 0x0041, 0x0041, 0x0041,
	0x0041, 0x0041, 0x0041, 0x0041, 0x0041, 0x0041, 0x0041, 0x0041, 0x0041, 0x0041, 0x0041, 0x0041,
	0x0041, 0x0041, 0x0041, 0x0041, 0x0041, 0x0041, 0x0041, 0x0041, 0x0041, 0x0041, 0x0041, 0x0041,
	0x0041, 0x0041, 0x0041, 0x0041, 0x0041, 0x0041, 0x0041, 0x0041, 0x0041, 0x0041, 0x0041, 0x0041,
	0x0041, 0x0041, 0x0041, 0x0041, 0x18E3, 0xF7F0, 0xFFEF, 0xFFEF, 0xFFF0, 0xFFEF, 0xF7EF, 0xF7EF,
	0xF7F0, 0xFFEF, 0xFFF0, 0xFFEF, 0x73E9, 0x0041, 0x0041, 0x0041, 0x0041, 0x0041, 0x0041, 0x0041,
	0x0041, 0x0041, 0x0041, 0x0041, 0x0041, 0x0041, 0x0041, 0x0041, 0x0041, 0x0041, 0x0041, 0x0041,
	0x0041, 0x0041, 0x0041, 0x0041, 0x0041, 0x0041, 0x0041, 0x0041, 0x0041, 0x0041, 0x0041, 0x3A05,
	0xF7F0, 0xFFEF, 0xFFEF, 0xFFF0, 0xF7F0, 0xFFEF, 0xFFF0, 0xFFEF, 0xF7EF, 0xFFF0, 0xFFF0, 0x3A05,
	0x0041, 0x0041, 0x0041, 0x0041, 0x0041, 0x0041, 0x0041, 0x0041, 0x0041, 0x52EB, 0x52EB, 0x0041,
	0x0041, 0x0041, 0x0041, 0x0041, 0x0041, 0x0041, 0x0041, 0x0041, 0xCE8D, 0xF7F0, 0xF7EF, 0xFFEF,
	0xFFEF, 0xFFF0, 0xFFEF, 0xF7F0, 0xF7EF, 0xFFEF, 0xFFF0, 0x7C09, 0x0041, 0x0041, 0x0041, 0x0041,
	0x0041, 0x0041, 0x0041, 0x0041, 0x0041, 0x0041, 0x0041, 0x0041, 0x0041, 0x0041, 0x0041, 0x0041,
	0x0041, 0x0041, 0x0041, 0x0041, 0x0041, 0x0041, 0x0041, 0x0041, 0x0041, 0x0041, 0x0041, 0x0041,
	0x0041, 0x0041, 0x0041, 0x0041, 0x8C8A, 0xFFEF, 0xFFEF, 0xF7EF, 0xFFEF, 0xFFEF, 0xFFEF, 0xFFF0,
	0xF7EF, 0xFFF0, 0xFFEF, 0xA52B, 0x0041, 0x0041, 0x0041, 0x0041, 0x0041, 0x0041, 0x0041, 0x0041,
	0x0041, 0x0041, 0x0041, 0x0041, 0x0041, 0x0041, 0x0041, 0x0041, 0x0041, 0x0041, 0x0041, 0x0041,
	0x0041, 0x0041, 0x0041, 0x0041, 0x0041, 0x0041, 0x0041, 0x0041, 0x0041, 0x0041, 0x0041, 0x0041,
	0x0041, 0x0041, 0x0041, 0x0041, 0x0041, 0x0041, 0x0041, 0x0041, 0x0041, 0x0041, 0x0041, 0x0041,
	0x0041, 0x0041, 0x0041, 0x0041, 0x0041, 0x0041, 0x0041, 0x0041, 0x0041, 0x0041, 0x0041, 0x0041,
	0x0041, 0x0041, 0x0041, 0x0041, 0x0041, 0x0041, 0x0041, 0x0041, 0x0041, 0x0041, 0x0041, 0x0041,
	0x0041, 0x0041, 0x0041, 0x0041, 0x0041, 0x0041, 0x0041, 0x0041, 0x0041, 0x0041, 0x0041, 0x0041,
	0x0041, 0x0041, 0x0041, 0x0041, 0x0041, 0x0041, 0x0041, 0x0041, 0x0041, 0x0041, 0x0041, 0x0041,
	0x0041, 0x0041, 0x0041, 0x0041, 0x0041, 0x0041, 0x0041, 0x0041, 0x0041, 0x0041, 0x0041, 0x0041,
	0x0041, 0x0041, 0x8C8A, 0xFFF0, 0xFFF0, 0xFFEF, 0xF7EF, 0xFFEF, 0xFFEF, 0xFFF0, 0xFFF0, 0xFFF0,
	0xFFEF, 0x8C8A, 0x0041, 0x0021, 0x0041, 0x0041, 0x0041, 0x0041, 0x0041, 0x0041, 0x0041, 0x0041,
	0x0041, 0x0041, 0x0041, 0x0041, 0x0041, 0x0041, 0x0041, 0x0041, 0x0041, 0x0041, 0x0041, 0x0041,
	0x0041, 0x0041, 0x0041, 0x0041, 0x0041, 0x0041, 0x0041, 0x0041, 0x0041, 0x0041, 0x6368, 0xFFF0,
	0xFFEF, 0xFFEF, 0xF7F0, 0xFFEF, 0xF7EF, 0xFFEF, 0xFFEF, 0xFFF0, 0xFFEF, 0xCE8D, 0x0041, 0x0041,
	0x0041, 0x0041, 0x0041, 0x0041, 0x0041, 0x0041, 0x0041, 0x52EB, 0x52EB, 0x0041, 0x0041, 0x0041,
	0x0041, 0x0041, 0x0041, 0x0041, 0x0041, 0x2143, 0xFFEF, 0xF7EF, 0xF7EF, 0xF7EF, 0xF7F0, 0xFFEF,
	0xFFEF, 0xFFEF, 0xFFF0, 0xFFEF, 0xB5EC, 0x0041, 0x0041, 0x0041, 0x0041, 0x0041, 0x0041, 0x0041,
	0x0041, 0x0041, 0x0041, 0x0041, 0x0041, 0x0041, 0x0041, 0x0041, 0x0041, 0x0041, 0x0041, 0x0041,
	0x0041, 0x0041, 0x0041, 0x0041, 0x0041, 0x0041, 0x0041, 0x0041, 0x0041, 0x0041, 0x0041, 0x0041,
	0x0041, 0x0041, 0x0861, 0xE74E, 0xFFF0, 0xFFF0, 0xFFEF, 0xFFF0, 0xFFEF, 0xFFF0, 0xFFEF, 0xFFF0,
	0xF7EF, 0xFFEF, 0x10A2, 0x0041, 0x0041, 0x0041, 0x0041, 0x0041, 0x0041, 0x0041, 0x0041, 0x0041,
	0x0041, 0x0041, 0x0041, 0x0041, 0x0041, 0x0041, 0x0041, 0x0041, 0x0041, 0x0041, 0x0041, 0x0041,
	0x0041, 0x0041, 0x0041, 0x0041, 0x0041, 0x0041, 0x0041, 0x0041, 0x0041, 0x0041, 0x0041, 0x0041,
	0x0041, 0x0041, 0x0041, 0x0041, 0x0041, 0x0041, 0x0041, 0x0041, 0x0041, 0x0041, 0x0041, 0x0041,
	0x0041, 0x0041, 0x0041, 0x0041, 0x0041, 0x0041, 0x0041, 0x0041, 0x0041, 0x0041, 0x0041, 0x0041,
	0x0041, 0x0041, 0x0041, 0x0041, 0x0041, 0x0041, 0x0041, 0x0041, 0x0041, 0x0041, 0x0041, 0x0041,
	0x0041, 0x0041, 0x0041, 0x0041, 0x0041, 0x0041, 0x0041, 0x0041, 0x0041, 0x0041, 0x0041, 0x0041,
	0x0041, 0x0041, 0x0041, 0x0041, 0x0041, 0x0041, 0x0041, 0x0041, 0x0041, 0x0041, 0x0041, 0x0041,
	0x0041, 0x0041, 0x0041, 0x0041, 0x0041, 0x0041, 0x0041, 0x0041, 0x0041, 0x0041, 0x0041, 0x10A2,
	0xF7EF, 0xFFEF, 0xFFEF, 0xFFEF, 0xF7F0, 0xFFF0, 0xFFF0, 0xFFEF, 0xFFEF, 0xF7EF, 0xE74E, 0x0861,
	0x0041, 0x0041, 0x0041, 0x0041, 0x0041, 0x0041, 0x0041, 0x0041, 0x0041, 0x0041, 0x0041, 0x0041,
	0x0041, 0x0041, 0x0041, 0x0041, 0x0041, 0x0041, 0x0041, 0x0041, 0x0041, 0x0041, 0x0041, 0x0041,
	0x0041, 0x0041, 0x0041, 0x0041, 0x0041, 0x0041, 0x0041, 0x0041, 0x0041, 0xB5EC, 0xFFEF, 0xF7EF,
	0xFFF0, 0xFFEF, 0xFFEF, 0xFFEF, 0xFFEF, 0xF7EF, 0xFFEF, 0xF7EF, 0x29A4, 0x0041, 0x0041, 0x0041,
	0x0041, 0x0041, 0x0041, 0x0041, 0x0041, 0x52EB, 0x52EB, 0x0041, 0x0041, 0x0041, 0x0041, 0x0041,
	0x0041, 0x0041, 0x0041, 0x73E9, 0xFFF0, 0xFFEF, 0xF7EF, 0xF7EF, 0xF7EF, 0xFFEF, 0xFFEF, 0xF7EF,
	0xFFEF, 0xFFEF, 0x2143, 0x0041, 0x0041, 0x0041, 0x0041, 0x0041, 0x0041, 0x0041, 0x0041, 0x0041,
	0x0041, 0x0041, 0x0041, 0x0041, 0x0041, 0x0041, 0x0041, 0x0041, 0x0041, 0x0041, 0x0041, 0x0041,
	0x0041, 0x0041, 0x0041, 0x0041, 0x0041, 0x0041, 0x0041, 0x0041, 0x0041, 0x0041, 0x0041, 0x0041,
	0x0041, 0x3A05, 0xF7EF, 0xFFF0, 0xFFEF, 0xF7EF, 0xFFEF, 0xFFF0, 0xFFF0, 0xF7EF, 0xF7F0, 0xFFEF,
	0x6368, 0x0041, 0x0041, 0x0041, 0x0041, 0x0041, 0x0041, 0x0041, 0x0041, 0x0041, 0x0041, 0x0041,
	0x0041, 0x0041, 0x0041, 0x0041, 0x0041, 0x0041, 0x0041, 0x0041, 0x0041, 0x0041, 0x0041, 0x0041,
	0x0041, 0x0041, 0x0041, 0x0041, 0x0041, 0x0041, 0x0041, 0x0041, 0x0041, 0x0041, 0x0041, 0x0041,
	0x0041, 0x0041, 0x0041, 0x0041, 0x0041, 0x0041, 0x0041, 0x0041, 0x0041, 0x0041, 0x0041, 0x0041,
	0x0041, 0x0041, 0x0041, 0x0041, 0x0041, 0x0041, 0x0041, 0x0041, 0x0041, 0x0041, 0x0041, 0x0041,
	0x0041, 0x0041, 0x0041, 0x0041, 0x0041, 0x0041, 0x0041, 0x0041, 0x0041, 0x0041, 0x0041, 0x0041,
	0x0041, 0x0041, 0x0041, 0x0041, 0x0041, 0x0041, 0x0041, 0x0041, 0x0041, 0x0041, 0x0041, 0x0041,
	0x0041, 0x0041, 0x0041, 0x0041, 0x0041, 0x0041, 0x0041, 0x0041, 0x0041, 0x0041, 0x0041, 0x0041,
	0x0041, 0x0041, 0x0041, 0x0041, 0x0041, 0x0041, 0x0041, 0x0041, 0x0041, 0x6368, 0xFFEF, 0xF7EF,
	0xFFF0, 0xF7EF, 0xF7EF, 0xFFF0, 0xFFEF, 0xFFEF, 0xFFEF, 0xFFEF, 0x3A05, 0x0041, 0x0041, 0x0041,
	0x0041, 0x0041, 0x0041, 0x0041, 0x0041, 0x0041, 0x0041, 0x0041, 0x0041, 0x0041, 0x0041, 0x0041,
	0x0041, 0x0041, 0x0041, 0x0041, 0x0041, 0x0041, 0x0041, 0x0041, 0x0041, 0x0041, 0x0041, 0x0041,
	0x0041, 0x0041, 0x0041, 0x0041, 0x0041, 0x0041, 0x0041, 0x2144, 0xFFEF, 0xF7EF, 0xFFF0, 0xF7EF,
	0xFFF0, 0xFFEF, 0xF7F0, 0xFFEF, 0xF7EF, 0xFFF0, 0x73E8, 0x0041, 0x0041, 0x0041, 0x0041, 0x0041,
	0x0041, 0x0041, 0x0041, 0x52EB, 0x52EB, 0x0041, 0x0041, 0x0041, 0x0041, 0x0041, 0x0041, 0x0041,
	0x0041, 0xE74E, 0xF7EF, 0xF7EF, 0xFFEF, 0xFFEF, 0xFFF0, 0xF7F0, 0xFFF0, 0xF7EF, 0xFFF0, 0x9D2B,
	0x0041, 0x0041, 0x0041, 0x0041, 0x0041, 0x0041, 0x0041, 0x0041, 0x0041, 0x0041, 0x0041, 0x0041,
	0x0041, 0x0041, 0x0041, 0x0041, 0x0041, 0x0041, 0x0041, 0x0041, 0x0041, 0x0041, 0x0041, 0x0041,
	0x0041, 0x0041, 0x0041, 0x0041, 0x0041, 0x0041, 0x0041, 0x0041, 0x0041, 0x0041, 0x0041, 0x0041,
	0xC68D, 0xFFF0, 0xFFF0, 0xF7EF, 0xF7EF, 0xFFEF, 0xFFEF, 0xFFEF, 0xFFEF, 0xF7EF, 0xCE8D, 0x0041,
	0x0041, 0x0041, 0x0041, 0x0041, 0x0041, 0x0041, 0x0041, 0x0041, 0x0041, 0x0041, 0x0041, 0x0041,
	0x0041, 0x0041, 0x0041, 0x0041, 0x0041, 0x0041, 0x0041, 0x0041, 0x0041, 0x0041, 0x0041, 0x0041,
	0x0041, 0x0041, 0x0041, 0x0041, 0x0041, 0x0041, 0x0041, 0x0041, 0x0041, 0x0041, 0x0041, 0x0041,
	0x0041, 0x0041, 0x0041, 0x0041, 0x0041, 0x0041, 0x0041, 0x0041, 0x0041, 0x0041, 0x0041, 0x0041,
	0x0041, 0x0041, 0x0041, 0x0041, 0x0041, 0x0041, 0x0041, 0x0041, 0x0041, 0x0041, 0x0041, 0x0041,
	0x0041, 0x0041, 0x0041, 0x0041, 0x0041, 0x0041, 0x0041, 0x0041, 0x0041, 0x0041, 0x0041, 0x0041,
	0x0041, 0x0041, 0x0041, 0x0041, 0x0041, 0x0041, 0x0041, 0x0041, 0x0041, 0x0041, 0x0041, 0x0041,
	0x0041, 0x0041, 0x0041, 0x0041, 0x0041, 0x0041, 0x0041, 0x0041, 0x0041, 0x0041, 0x0041, 0x0041,
	0x0041, 0x0041, 0x0041, 0x0041, 0x0041, 0x0041, 0x0041, 0xCE8D, 0xFFEF, 0xF7F0, 0xFFEF, 0xFFEF,
	0xFFF0, 0xFFEF, 0xFFEF, 0xF7EF, 0xFFEF, 0xCE8D, 0x0041, 0x0041, 0x0041, 0x0041, 0x0041, 0x0041,
	0x0041, 0x0021, 0x0041, 0x0041, 0x0041, 0x0041, 0x0041, 0x0041, 0x0041, 0x0041, 0x0041, 0x0041,
	0x0041, 0x0041, 0x0041, 0x0041, 0x0041, 0x0041, 0x0041, 0x0041, 0x0041, 0x0041, 0x0041, 0x0041,
	0x0041, 0x0041, 0x0041, 0x0041, 0x0041, 0x0041, 0x9D2B, 0xFFEF, 0xF7EF, 0xF7F0, 0xFFF0, 0xFFEF,
	0xFFEF, 0xFFEF, 0xF7EF, 0xF7EF, 0xFFF0, 0x0041, 0x0041, 0x0041, 0x0041, 0x0041, 0x0041, 0x0041,
	0x0041, 0x52EB, 0x52EB, 0x0041, 0x0041, 0x0041, 0x0041, 0x0041, 0x0041, 0x0041, 0x2143, 0xFFEF,
	0xFFEF, 0xF7F0, 0xFFEF, 0xFFEF, 0xFFF0, 0xFFEF, 0xFFEF, 0xFFEF, 0xFFF0, 0x3184, 0x0041, 0x0041,
	0x0041, 0x0041, 0x0041, 0x0041, 0x0041, 0x0041, 0x0041, 0x0041, 0x0041, 0x0041, 0x0041, 0x0041,
	0x0041, 0x0041, 0x0041, 0x0041, 0x0041, 0x0041, 0x0041, 0x0041, 0x0041, 0x0041, 0x0041, 0x0041,
	0x0041, 0x0041, 0x0041, 0x0041, 0x0041, 0x0041, 0x0041, 0x0041, 0x0041, 0x0041, 0x4A66, 0xF7F0,
	0xFFEF, 0xF7EF, 0xF7EF, 0xFFEF, 0xFFF0, 0xFFF0, 0xFFEF, 0xFFEF, 0xF7F0, 0x10A2, 0x0041, 0x0041,
	0x0041, 0x0041, 0x0041, 0x0041, 0x0041, 0x0041, 0x0041, 0x0041, 0x0041, 0x0041, 0x0041, 0x0041,
	0x0041, 0x0041, 0x0041, 0x0041, 0x0041, 0x0041, 0x0041, 0x0041, 0x0041, 0x0041, 0x0041, 0x0041,
	0x0041, 0x0041, 0x0041, 0x0041, 0x0041, 0x0041, 0x0041, 0x0041, 0x0041, 0x0041, 0x0041, 0x0041,
	0x0041, 0x0041, 0x0041, 0x0041, 0x0041, 0x0041, 0x0041, 0x0041, 0x0041, 0x0041, 0x0041, 0x0041,
	0x0041, 0x0041, 0x0041, 0x0041, 0x0041, 0x0041, 0x0041, 0x0041, 0x0041, 0x0041, 0x0041, 0x0041,
	0x0041, 0x0041, 0x0041, 0x0041, 0x0041, 0x0041, 0x0041, 0x0041, 0x0041, 0x0041, 0x0041, 0x0041,
	0x0041, 0x0041, 0x0041, 0x0041, 0x0041, 0x0041, 0x0041, 0x0041, 0x0041, 0x0041, 0x0041, 0x0041,
	0x0041, 0x0041, 0x0041, 0x0041, 0x0041, 0x0041, 0x0041, 0x0041, 0x0041, 0x0041, 0x0041, 0x0041,
	0x0041, 0x0041, 0x0041, 0x0041, 0x10A2, 0xFFF0, 0xFFEF, 0xFFEF, 0xFFEF, 0xFFEF, 0xFFF0, 0xF7EF,
	0xFFF0, 0xFFF0, 0xFFF0, 0x4266, 0x0041, 0x0041, 0x0041, 0x0041, 0x0041, 0x0041, 0x0041, 0x0041,
	0x0041, 0x0041, 0x0041, 0x0041, 0x0041, 0x0041, 0x0041, 0x0041, 0x0041, 0x0041, 0x0041, 0x0041,
	0x0041, 0x0041, 0x0041, 0x0041, 0x0041, 0x0041, 0x0041, 0x0041, 0x0041, 0x0041, 0x0041, 0x0041,
	0x0041, 0x0041, 0x0041, 0x0041, 0x29A4, 0xFFF0, 0xFFEF, 0xF7EF, 0xFFEF, 0xFFEF, 0xFFEF, 0xFFEF,
	0xFFEF, 0xFFEF, 0xF7EF, 0x2143, 0x0041, 0x0041, 0x0041, 0x0041, 0x0041, 0x0041, 0x0041, 0x52EB,
	0x52EB, 0x0041, 0x0041, 0x0041, 0x0041, 0x0041, 0x0041, 0x0041, 0x52E7, 0xFFF0, 0xFFF0, 0xF7EF,
	0xFFEF, 0xFFEF, 0xFFEF, 0xFFEF, 0xFFF0, 0xFFF0, 0xDF2E, 0x0041, 0x0041, 0x0041, 0x0041, 0x0041,
	0x0041, 0x0041, 0x0041, 0x0041, 0x0041, 0x0041, 0x0041, 0x0041, 0x0041, 0x0041, 0x0041, 0x0041,
	0x0041, 0x0041, 0x0041, 0x0041, 0x0041, 0x0041, 0x0041, 0x0041, 0x0041, 0x0041, 0x0041, 0x0041,
	0x0041, 0x0041, 0x0041, 0x0041, 0x0041, 0x0041, 0x0041, 0x0041, 0x10A2, 0xF7F0, 0xF7F0, 0xF7EF,
	0xFFEF, 0xFFF0, 0xFFF0, 0xFFEF, 0xFFEF, 0xFFF0, 0xFFF0, 0x29A4, 0x0041, 0x0041, 0x0041, 0x0041,
	0x0041, 0x0041, 0x0041, 0x0041, 0x0041, 0x0041, 0x0041, 0x0041, 0x0041, 0x0041, 0x0041, 0x0041,
	0x0041, 0x0041, 0x0041, 0x0041, 0x0041, 0x0041, 0x0041, 0x0041, 0x0041, 0x0041, 0x0041, 0x0041,
	0x0041, 0x0041, 0x0041, 0x0041, 0x0041, 0x0041, 0x0041, 0x0041, 0x0041, 0x0041, 0x0041, 0x0041,
	0x0041, 0x0041, 0x0041, 0x0041, 0x0041, 0x0041, 0x0041, 0x0041, 0x0041, 0x0041, 0x0041, 0x0041,
	0x0041, 0x0041, 0x0041, 0x0041, 0x0041, 0x0041, 0x0041, 0x0041, 0x0041, 0x0041, 0x0041, 0x0041,
	0x0041, 0x0041, 0x0041, 0x0041, 0x0041, 0x0041, 0x0041, 0x0041, 0x0041, 0x0041, 0x0041, 0x0041,
	0x0041, 0x0041, 0x0041, 0x0041, 0x0041, 0x0041, 0x0041, 0x0041, 0x0041, 0x0041, 0x0041, 0x0041,
	0x0041, 0x0041, 0x0041, 0x0041, 0x0041, 0x0041, 0x0041, 0x0041, 0x0041, 0x0041, 0x0041, 0x0041,
	0x0041, 0x0041, 0x29A4, 0xFFEF, 0xFFF0, 0xFFEF, 0xF7EF, 0xFFEF, 0xF7F0, 0xFFEF, 0xFFEF, 0xFFF0,
	0xFFEF, 0x10A2, 0x0041, 0x0041, 0x0041, 0x0041, 0x0041, 0x0041, 0x0041, 0x0041, 0x0041, 0x0041,
	0x0041, 0x0041, 0x0041, 0x0041, 0x0041, 0x0041, 0x0041, 0x0041, 0x0041, 0x0041, 0x0041, 0x0041,
	0x0041, 0x0041, 0x0041, 0x0041, 0x0041, 0x0041, 0x0041, 0x0041, 0x0041, 0x0041, 0x0041, 0x0041,
	0x0041, 0x0041, 0x0041, 0xDF4E, 0xFFF0, 0xFFF0, 0xFFEF, 0xFFEF, 0xFFEF, 0xF7EF, 0xFFEF, 0xFFEF,
	0xFFEF, 0x52E7, 0x0041, 0x0041, 0x0041, 0x0041, 0x0041, 0x0041, 0x0041, 0x52EB, 0x52EB, 0x0041,
	0x0041, 0x0041, 0x0041, 0x0041, 0x0041, 0x0041, 0x6368, 0xF7EF, 0xFFF0, 0xF7F0, 0xFFF0, 0xFFEF,
	0xF7EF, 0xFFF0, 0xFFEF, 0xF7EF, 0x9D2B, 0x0041, 0x0041, 0x0041, 0x0041, 0x0041, 0x0041, 0x0041,
	0x0041, 0x0041, 0x0041, 0x0041, 0x0041, 0x0041, 0x0041, 0x0041, 0x0041, 0x0041, 0x0041, 0x0041,
	0x0041, 0x0041, 0x0041, 0x0041, 0x0041, 0x0041, 0x0041, 0x0041, 0x0041, 0x0041, 0x0041, 0x0041,
	0x0041, 0x0041, 0x0041, 0x0041, 0x0041, 0x0041, 0x0041, 0xCE6D, 0xFFEF, 0xF7EF, 0xFFEF, 0xF7EF,
	0xFFF0, 0xF7EF, 0xFFF0, 0xF7EF, 0xF7EF, 0x52E7, 0x0041, 0x0041, 0x0041, 0x0041, 0x0041, 0x0041,
	0x0041, 0x0041, 0x0041, 0x0041, 0x0041, 0x0041, 0x0041, 0x0041, 0x0041, 0x0041, 0x0041, 0x0041,
	0x0041, 0x0041, 0x0041, 0x0041, 0x0041, 0x0041, 0x0041, 0x0041, 0x0041, 0x0041, 0x0041, 0x0041,
	0x0041, 0x0041, 0x0041, 0x0041, 0x0041, 0x0041, 0x0041, 0x0041, 0x0041, 0x0041, 0x0041, 0x0041,
	0x0041, 0x0041, 0x0041, 0x0041, 0x0041, 0x0041, 0x0041, 0x0041, 0x0041, 0x0041, 0x0041, 0x0041,
	0x0041, 0x0041, 0x0041, 0x0041, 0x0041, 0x0041, 0x0041, 0x0041, 0x0041, 0x0041, 0x0041, 0x0041,
	0x0041, 0x0041, 0x0041, 0x0041, 0x0041, 0x0041, 0x0041, 0x0041, 0x0041, 0x0041, 0x0041, 0x0041,
	0x0041, 0x0041, 0x0041, 0x0041, 0x0041, 0x0041, 0x0041, 0x0041, 0x0041, 0x0041, 0x0041, 0x0041,
	0x0041, 0x0041, 0x0041, 0x0041, 0x0041, 0x0041, 0x0041, 0x0041, 0x0041, 0x0041, 0x0041, 0x0041,
	0x52E7, 0xFFF0, 0xF7EF, 0xFFF0, 0xFFEF, 0xFFEF, 0xFFEF, 0xFFF0, 0xFFEF, 0xF7EF, 0xCE8D, 0x0041,
	0x0041, 0x0041, 0x0041, 0x0041, 0x0041, 0x0041, 0x0041, 0x0041, 0x0041, 0x0041, 0x0041, 0x0041,
	0x0041, 0x0041, 0x0041, 0x0041, 0x0041, 0x0041, 0x0041, 0x0041, 0x0041, 0x0041, 0x0041, 0x0041,
	0x0041, 0x0041, 0x0041, 0x0041, 0x0041, 0x0041, 0x0041, 0x0041, 0x0041, 0x0041, 0x0041, 0x0041,
	0x0041, 0x9D2B, 0xF7EF, 0xFFEF, 0xF7EF, 0xFFEF, 0xFFEF, 0xFFF0, 0xF7EF, 0xF7EF, 0xFFEF, 0x73E9,
	0x0041, 0x0041, 0x0041, 0x0041, 0x0041, 0x0041, 0x0041, 0x52EB, 0x52EB, 0x0041, 0x0041, 0x0041,
	0x0041, 0x0041, 0x0041, 0x0041, 0x9D2B, 0xFFEF, 0xFFEF, 0xF7EF, 0xFFF0, 0xF7EF, 0xFFEF, 0xFFEF,
	0xF7EF, 0xFFEF, 0x6368, 0x0041, 0x0041, 0x0041, 0x0041, 0x0041, 0x0041, 0x0041, 0x0041, 0x0041,
	0x0041, 0x0041, 0x0041, 0x0041, 0x0041, 0x0041, 0x0041, 0x0041, 0x0041, 0x0041, 0x0041, 0x0041,
	0x0041, 0x0041, 0x0041, 0x0041, 0x0041, 0x0041, 0x0041, 0x0041, 0x0041, 0x0041, 0x0041, 0x0041,
	0x0041, 0x0041, 0x0041, 0x0041, 0x0041, 0x9D2B, 0xF7EF, 0xFFEF, 0xFFEF, 0xFFEF, 0xF7F0, 0xFFF0,
	0xFFEF, 0xF7EF, 0xFFF0, 0x52E7, 0x0041, 0x0041, 0x0041, 0x0041, 0x0041, 0x0041, 0x0041, 0x0041,
	0x0041, 0x0041, 0x0041, 0x0041, 0x0041, 0x0041, 0x0041, 0x0041, 0x0041, 0x0041, 0x0041, 0x0041,
	0x0041, 0x0041, 0x0041, 0x0041, 0x0041, 0x0041, 0x0041, 0x0041, 0x0041, 0x0041, 0x0041, 0x0041,
	0x0041, 0x0041, 0x0041, 0x0041, 0x0041, 0x0041, 0x0041, 0x0041, 0x0041, 0x0041, 0x0041, 0x0041,
	0x0041, 0x0041, 0x0041, 0x0041, 0x0041, 0x0041, 0x0041, 0x0041, 0x0041, 0x0041, 0x0041, 0x0041,
	0x0041, 0x0041, 0x0041, 0x0041, 0x0041, 0x0041, 0x0041, 0x0041, 0x0041, 0x0041, 0x0041, 0x0041,
	0x0041, 0x0041, 0x0041, 0x0041, 0x0041, 0x0041, 0x0041, 0x0041, 0x0041, 0x0041, 0x0041, 0x0041,
	0x0041, 0x0041, 0x0041, 0x0041, 0x0041, 0x0041, 0x0041, 0x0041, 0x0041, 0x0041, 0x0041, 0x0041,
	0x0041, 0x0041, 0x0041, 0x0041, 0x0041, 0x0041, 0x0041, 0x0041, 0x0041, 0x0041, 0x52E7, 0xFFF0,
	0xFFEF, 0xF7EF, 0xFFF0, 0xF7F0, 0xFFF0, 0xF7EF, 0xFFEF, 0xF7EF, 0x9D2B, 0x0041, 0x0041, 0x0041,
	0x0041, 0x0041, 0x0041, 0x0041, 0x0041, 0x0041, 0x0041, 0x0041, 0x0041, 0x0041, 0x0041, 0x0041,
	0x0041, 0x0041, 0x0041, 0x0041, 0x0041, 0x0041, 0x0041, 0x0041, 0x0041, 0x0041, 0x0041, 0x0041,
	0x0041, 0x0041, 0x0041, 0x0041, 0x0041, 0x0041, 0x0041, 0x0041, 0x0041, 0x0041, 0x0041, 0x6368,
	0xFFF0, 0xFFF0, 0xF7EF, 0xF7EF, 0xFFEF, 0xFFEF, 0xFFEF, 0xF7EF, 0xF7F0, 0x9D2B, 0x0041, 0x0041,
	0x0041, 0x0041, 0x0041, 0x0041, 0x0041, 0x52EB, 0x52EB, 0x0041, 0x0041, 0x0041, 0x0041, 0x0041,
	0x0041, 0x0041, 0x9D2B, 0xFFEF, 0xF7EF, 0xFFEF, 0xFFF0, 0xF7F0, 0xF7EF, 0xF7EF, 0xF7EF, 0xF7F0,
	0x52E7, 0x0041, 0x0041, 0x0041, 0x0041, 0x0041, 0x0041, 0x0041, 0x0041, 0x0041, 0x0041, 0x0041,
	0x0041, 0x0041, 0x0041, 0x0041, 0x0041, 0x0041, 0x0041, 0x0041, 0x0041, 0x0041, 0x0041, 0x0041,
	0x0041, 0x0041, 0x0041, 0x0041, 0x0041, 0x0041, 0x0041, 0x0041, 0x0041, 0x0041, 0x0041, 0x0041,
	0x0041, 0x0041, 0x0041, 0x8C8A, 0xFFF0, 0xFFEF, 0xFFF0, 0xFFEF, 0xFFEF, 0xFFEF, 0xFFEF, 0xFFEF,
	0xF7EF, 0x52E7, 0x0041, 0x0041, 0x0041, 0x0041, 0x0041, 0x0041, 0x0041, 0x0041, 0x0041, 0x0041,
	0x0041, 0x0041, 0x0041, 0x0041, 0x0041, 0x0041, 0x0041, 0x0041, 0x0041, 0x0041, 0x0041, 0x0041,
	0x0041, 0x0041, 0x0041, 0x0041, 0x0041, 0x0041, 0x0041, 0x0041, 0x0041, 0x0041, 0x0041, 0x0041,
	0x0041, 0x0041, 0x0041, 0x0041, 0x0041, 0x0041, 0x0041, 0x0041, 0x0041, 0x0041, 0x0041, 0x0041,
	0x0041, 0x0041, 0x0041, 0x0041, 0x0041, 0x0041, 0x0041, 0x0041, 0x0041, 0x0041, 0x0041, 0x0041,
	0x0041, 0x0041, 0x0041, 0x0041, 0x0041, 0x0041, 0x0041, 0x0041, 0x0041, 0x0041, 0x0041, 0x0041,
	0x0041, 0x0041, 0x0041, 0x0041, 0x0041, 0x0041, 0x0041, 0x0041, 0x0041, 0x0041, 0x0041, 0x0041,
	0x0041, 0x0041, 0x0041, 0x0041, 0x0041, 0x0041, 0x0041, 0x0041, 0x0041, 0x0041, 0x0041, 0x0041,
	0x0041, 0x0041, 0x0041, 0x0041, 0x0041, 0x0041, 0x0041, 0x0041, 0x52E7, 0xF7EF, 0xFFF0, 0xFFEF,
	0xFFEF, 0xFFF0, 0xFFEF, 0xFFEF, 0xFFF0, 0xF7EF, 0x8C8A, 0x0041, 0x0041, 0x0041, 0x0041, 0x0041,
	0x0041, 0x0041, 0x0041, 0x0041, 0x0041, 0x0041, 0x0041, 0x0041, 0x0041, 0x0041, 0x0041, 0x0041,
	0x0041, 0x0041, 0x0041, 0x0041, 0x0041, 0x0041, 0x0041, 0x0041, 0x0041, 0x0041, 0x0041, 0x0041,
	0x0041, 0x0041, 0x0041, 0x0041, 0x0041, 0x0041, 0x0041, 0x0041, 0x0041, 0x52E7, 0xF7EF, 0xFFEF,
	0xFFEF, 0xFFF0, 0xFFEF, 0xF7EF, 0xFFF0, 0xF7EF, 0xFFEF, 0x9D2B, 0x0041, 0x0041, 0x0041, 0x0041,
	0x0041, 0x0041, 0x0041, 0x52EB, 0x52EB, 0x0041, 0x0041, 0x0041, 0x0041, 0x0041, 0x0041, 0x0041,
	0x73E9, 0xFFF0, 0xFFF0, 0xF7EF, 0xFFEF, 0xFFF0, 0xFFEF, 0xFFEF, 0xFFF0, 0xFFF0, 0x3A05, 0x0041,
	0x0041, 0x0041, 0x0041, 0x0041, 0x0041, 0x0041, 0x0041, 0x0041, 0x0041, 0x0041, 0x0041, 0x0041,
	0x0041, 0x0041, 0x0041, 0x0041, 0x0041, 0x0041, 0x0041, 0x0041, 0x0041, 0x0041, 0x0041, 0x0041,
	0x0041, 0x0041, 0x0041, 0x0041, 0x0041, 0x0041, 0x0041, 0x0041, 0x0041, 0x0041, 0x0041, 0x0041,
	0x0041, 0x4266, 0xF7EF, 0xFFF0, 0xF7EF, 0xF7EF, 0xFFF0, 0xF7EF, 0xF7EF, 0xFFEF, 0xF7F0, 0x52E7,
	0x0041, 0x0041, 0x0041, 0x0041, 0x0041, 0x0041, 0x0041, 0x0041, 0x0041, 0x0041, 0x0041, 0x0041,
	0x0041, 0x0041, 0x0041, 0x0041, 0x0041, 0x0041, 0x0041, 0x0041, 0x0041, 0x0041, 0x0041, 0x0041,
	0x0041, 0x0041, 0x0041, 0x0041, 0x0041, 0x0041, 0x0041, 0x0041, 0x0041, 0x0041, 0x0041, 0x0041,
	0x0041, 0x0041, 0x0041, 0x0041, 0x0041, 0x0041, 0x0041, 0x0041, 0x0041, 0x0041, 0x0041, 0x0041,
	0x0041, 0x0041, 0x0041, 0x0041, 0x0041, 0x0041, 0x0041, 0x0041, 0x0041, 0x0041, 0x0041, 0x0041,
	0x0041, 0x0041, 0x0041, 0x0041, 0x0041, 0x0041, 0x0041, 0x0041, 0x0041, 0x0041, 0x0041, 0x0041,
	0x0041, 0x0041, 0x0041, 0x0041, 0x0041, 0x0041, 0x0041, 0x0041, 0x0041, 0x0041, 0x0041, 0x0041,
	0x0041, 0x0041, 0x0041, 0x0041, 0x0041, 0x0041, 0x0041, 0x0041, 0x0041, 0x0041, 0x0041, 0x0041,
	0x0041, 0x0041, 0x0041, 0x0041, 0x0041, 0x0041, 0x52E7, 0xFFEF, 0xFFEF, 0xF7EF, 0xFFEF, 0xF7F0,
	0xF7F0, 0xF7EF, 0xFFEF, 0xF7EF, 0x4266, 0x0041, 0x0041, 0x0041, 0x0041, 0x0041, 0x0041, 0x0041,
	0x0041, 0x0041, 0x0041, 0x0041, 0x0041, 0x0041, 0x0041, 0x0041, 0x0041, 0x0041, 0x0041, 0x0041,
	0x0041, 0x0041, 0x0041, 0x0041, 0x0041, 0x0041, 0x0041, 0x0041, 0x0041, 0x0041, 0x0041, 0x0041,
	0x0041, 0x0041, 0x0041, 0x0041, 0x0041, 0x0041, 0x0041, 0x3A05, 0xFFEF, 0xFFF0, 0xF7EF, 0xFFF0,
	0xF7EF, 0xFFEF, 0xFFEF, 0xF7EF, 0xFFEF, 0x73E9, 0x0041, 0x0041, 0x0041, 0x0041, 0x0041, 0x0041,
	0x0041, 0x52EB, 0x52EB, 0x0041, 0x0041, 0x0041, 0x0041, 0x0041, 0x0041, 0x0041, 0x18E3, 0xDF2E,
	0xFFF0, 0xFFEF, 0xF7F0, 0xF7EF, 0xFFEF, 0xFFEF, 0xFFEF, 0xADCC, 0x0041, 0x0041, 0x0041, 0x0041,
	0x0041, 0x0041, 0x0041, 0x0041, 0x0041, 0x0041, 0x0041, 0x0041, 0x0041, 0x0041, 0x0041, 0x0041,
	0x0041, 0x0041, 0x0041, 0x0041, 0x0041, 0x0041, 0x0041, 0x0041, 0x0041, 0x0041, 0x0041, 0x0041,
	0x0041, 0x0041, 0x0041, 0x0041, 0x0041, 0x0041, 0x0041, 0x0041, 0x0041, 0x0041, 0x0041, 0x0861,
	0xB5EC, 0xFFEF, 0xF7F0, 0xF7EF, 0xFFF0, 0xFFEF, 0xFFEF, 0xFFEF, 0xE74E, 0x10A2, 0x0041, 0x0041,
	0x0041, 0x0041, 0x0041, 0x0041, 0x0041, 0x0041, 0x0041, 0x0041, 0x0041, 0x0041, 0x0041, 0x0041,
	0x0041, 0x0041, 0x0041, 0x0041, 0x0041, 0x0041, 0x0041, 0x0041, 0x0041, 0x0041, 0x0041, 0x0041,
	0x0041, 0x0041, 0x0041, 0x0041, 0x0041, 0x0041, 0x0041, 0x0041, 0x0041, 0x0041, 0x0041, 0x0041,
	0x0041, 0x0041, 0x0041, 0x0041, 0x0041, 0x0041, 0x0041, 0x0041, 0x0041, 0x0041, 0x0041, 0x0041,
	0x0041, 0x0041, 0x0041, 0x0041, 0x0041, 0x0041, 0x0041, 0x0041, 0x0041, 0x0041, 0x0041, 0x0041,
	0x0041, 0x0041, 0x0041, 0x0041, 0x0041, 0x0041, 0x0041, 0x0041, 0x0041, 0x0041, 0x0041, 0x0041,
	0x0041, 0x0041, 0x0041, 0x0041, 0x0041, 0x0041, 0x0041, 0x0041, 0x0041, 0x0041, 0x0041, 0x0041,
	0x0041, 0x0041, 0x0041, 0x0041, 0x0041, 0x0041, 0x0041, 0x0041, 0x0041, 0x0041, 0x0041, 0x0041,
	0x0041, 0x0041, 0x0041, 0x0041, 0x0861, 0xE74E, 0xF7F0, 0xFFEF, 0xF7EF, 0xFFEF, 0xFFEF, 0xFFEF,
	0xFFF0, 0xB5CC, 0x0861, 0x0041, 0x0041, 0x0041, 0x0041, 0x0041, 0x0041, 0x0041, 0x0041, 0x0041,
	0x0041, 0x0041, 0x0041, 0x0041, 0x0041, 0x0041, 0x0041, 0x0041, 0x0041, 0x0041, 0x0041, 0x0041,
	0x0041, 0x0041, 0x0041, 0x0041, 0x0041, 0x0041, 0x0041, 0x0041, 0x0041, 0x0041, 0x0041, 0x0041,
	0x0041, 0x0041, 0x0041, 0x0041, 0x0041, 0x0041, 0xB5CC, 0xFFF0, 0xFFF0, 0xFFEF, 0xFFEF, 0xFFF0,
	0xFFEF, 0xF7F0, 0xDF4E, 0x18E3, 0x0041, 0x0041, 0x0041, 0x0041, 0x0041, 0x0041, 0x0041, 0x52EB,
	0x52EB, 0x0041, 0x0041, 0x0041, 0x0041, 0x0041, 0x0041, 0x0041, 0x0041, 0x18E3, 0x9D2B, 0xFFEF,
	0xFFEF, 0xF7EF, 0xFFF0, 0xDF4F, 0x6368, 0x0861, 0x0041, 0x0041, 0x0041, 0x0041, 0x0041, 0x0041,
	0x0041, 0x0041, 0x0041, 0x0041, 0x0041, 0x0041, 0x0041, 0x0041, 0x0041, 0x0041, 0x0041, 0x0041,
	0x0041, 0x0041, 0x0041, 0x0041, 0x0041, 0x0041, 0x0041, 0x0041, 0x0041, 0x0041, 0x0041, 0x0041,
	0x0041, 0x0041, 0x0041, 0x0041, 0x0041, 0x0041, 0x0041, 0x0041, 0x0041, 0x0041, 0x0861, 0x73E9,
	0xFFF0, 0xF7EF, 0xFFF0, 0xF7F0, 0xF7EF, 0x9D2B, 0x18E3, 0x0041, 0x0041, 0x0041, 0x0041, 0x0041,
	0x0041, 0x0041, 0x0041, 0x0041, 0x0041, 0x0041, 0x0041, 0x0041, 0x0041, 0x0041, 0x0041, 0x0041,
	0x0041, 0x0041, 0x0041, 0x0041, 0x0041, 0x0041, 0x0041, 0x0041, 0x0041, 0x0041, 0x0041, 0x0041,
	0x0041, 0x0041, 0x0041, 0x0041, 0x0041, 0x0041, 0x0041, 0x0041, 0x0041, 0x0041, 0x0041, 0x0041,
	0x0041, 0x0041, 0x0041, 0x0041, 0x0041, 0x0041, 0x0041, 0x0041, 0x0041, 0x0041, 0x0041, 0x0041,
	0x0041, 0x0041, 0x0041, 0x0041, 0x0041, 0x0041, 0x0041, 0x0041, 0x0041, 0x0041, 0x0041, 0x0041,
	0x0041, 0x0041, 0x0041, 0x0041, 0x0041, 0x0041, 0x0041, 0x0041, 0x0041, 0x0041, 0x0041, 0x0041,
	0x0041, 0x0041, 0x0041, 0x0041, 0x0041, 0x0041, 0x0041, 0x0041, 0x0041, 0x0041, 0x0041, 0x0041,
	0x0041, 0x0041, 0x0041, 0x0041, 0x0041, 0x0041, 0x0041, 0x0041, 0x0041, 0x0041, 0x0041, 0x0041,
	0x0041, 0x0041, 0x0041, 0x18E3, 0x9D2B, 0xFFEF, 0xF7EF, 0xF7EF, 0xF7EF, 0xFFEF, 0x73E9, 0x0861,
	0x0041, 0x0041, 0x0041, 0x0041, 0x0041, 0x0041, 0x0041, 0x0041, 0x0041, 0x0041, 0x0041, 0x0041,
	0x0041, 0x0041, 0x0041, 0x0041, 0x0041, 0x0041, 0x0041, 0x0041, 0x0041, 0x0041, 0x0041, 0x0041,
	0x0041, 0x0041, 0x0041, 0x0041, 0x0041, 0x0041, 0x0041, 0x0041, 0x0041, 0x0041, 0x0041, 0x0041,
	0x0041, 0x0041, 0x0041, 0x0041, 0x0861, 0x6368, 0xE72E, 0xFFEF, 0xF7F0, 0xFFEF, 0xFFF0, 0x9D2A,
	0x18E3, 0x0041, 0x0041, 0x0041, 0x0041, 0x0041, 0x0041, 0x0041, 0x0041, 0x52EB, 0x52EB, 0x0041,
	0x0041, 0x0041, 0x0041, 0x0041, 0x0041, 0x0041, 0x0041, 0x0041, 0x0041, 0x10A2, 0x2144, 0x2143,
	0x2143, 0x0041, 0x0041, 0x0041, 0x0041, 0x0041, 0x0041, 0x0041, 0x0041, 0x0041, 0x0041, 0x0041,
	0x0041, 0x0041, 0x0041, 0x0041, 0x0041, 0x0041, 0x0041, 0x0041, 0x0041, 0x0041, 0x0041, 0x0041,
	0x0041, 0x0041, 0x0041, 0x0041, 0x0041, 0x0041, 0x0041, 0x0041, 0x0041, 0x0041, 0x0041, 0x0041,
	0x0041, 0x0041, 0x0041, 0x0041, 0x0041, 0x0041, 0x0041, 0x0041, 0x0041, 0x0041, 0x0861, 0x2143,
	0x2143, 0x2143, 0x10A2, 0x0041, 0x0041, 0x0041, 0x0041, 0x0041, 0x0041, 0x0041, 0x0041, 0x0041,
	0x0041, 0x0041, 0x0041, 0x0041, 0x0041, 0x0041, 0x0041, 0x0041, 0x0041, 0x0041, 0x0041, 0x0041,
	0x0041, 0x0041, 0x0041, 0x0041, 0x0041, 0x0041, 0x0041, 0x0041, 0x0041, 0x0041, 0x0041, 0x0041,
	0x0041, 0x0041, 0x0041, 0x0041, 0x0041, 0x0041, 0x0041, 0x0041, 0x0041, 0x0041, 0x0041, 0x0041,
	0x0041, 0x0041, 0x0041, 0x0041, 0x0041, 0x0041, 0x0041, 0x0041, 0x0041, 0x0041, 0x0041, 0x0041,
	0x0041, 0x0041, 0x0041, 0x0041, 0x0041, 0x0041, 0x0041, 0x0041, 0x0041, 0x0041, 0x0041, 0x0041,
	0x0041, 0x0041, 0x0041, 0x0041, 0x0041, 0x0041, 0x0041, 0x0041, 0x0041, 0x0041, 0x0041, 0x0041,
	0x0041, 0x0041, 0x0041, 0x0041, 0x0041, 0x0041, 0x0041, 0x0041, 0x0041, 0x0041, 0x0041, 0x0041,
	0x0041, 0x0041, 0x0041, 0x0041, 0x0041, 0x0041, 0x0041, 0x0041, 0x0041, 0x0041, 0x0041, 0x0041,
	0x0041, 0x0041, 0x0041, 0x0861, 0x2143, 0x2144, 0x2143, 0x0861, 0x0041, 0x0041, 0x0041, 0x0041,
	0x0041, 0x0041, 0x0041, 0x0041, 0x0041, 0x0041, 0x0041, 0x0041, 0x0041, 0x0041, 0x0041, 0x0041,
	0x0041, 0x0041, 0x0041, 0x0041, 0x0041, 0x0041, 0x0041, 0x0041, 0x0041, 0x0041, 0x0041, 0x0041,
	0x0041, 0x0041, 0x0041, 0x0041, 0x0041, 0x0041, 0x0041, 0x0041, 0x0041, 0x0041, 0x0041, 0x0041,
	0x0041, 0x0041, 0x0041, 0x0041, 0x0041, 0x2144, 0x2143, 0x2144, 0x10A2, 0x0041, 0x0041, 0x0041,
	0x0041, 0x0041, 0x0041, 0x0041, 0x0041, 0x0041, 0x0041, 0x52EB, 0x52EB, 0x0041, 0x0041, 0x0041,
	0x0041, 0x0041, 0x0041, 0x0041, 0x0041, 0x0041, 0x0041, 0x0041, 0x0041, 0x0041, 0x0041, 0x0041,
	0x0041, 0x0041, 0x0041, 0x0041, 0x0041, 0x0041, 0x0041, 0x0041, 0x0041, 0x0041, 0x0041, 0x0041,
	0x0041, 0x0041, 0x0041, 0x0041, 0x0041, 0x0041, 0x0041, 0x0041, 0x0041, 0x0041, 0x0041, 0x0041,
	0x0041, 0x0041, 0x0041, 0x0041, 0x0041, 0x0041, 0x0041, 0x0041, 0x0041, 0x0041, 0x0041, 0x0041,
	0x0041, 0x0041, 0x0041, 0x0041, 0x0041, 0x0041, 0x0041, 0x0041, 0x0041, 0x0041, 0x0041, 0x0041,
	0x0041, 0x0041, 0x0041, 0x0041, 0x0041, 0x0041, 0x0041, 0x0041, 0x0041, 0x0041, 0x0041, 0x0041,
	0x0041, 0x0041, 0x0041, 0x0041, 0x0041, 0x0041, 0x0041, 0x0041, 0x0041, 0x0041, 0x0041, 0x0041,
	0x0041, 0x0041, 0x0041, 0x0041, 0x0041, 0x0041, 0x0041, 0x0041, 0x0041, 0x0041, 0x0041, 0x0041,
	0x0041, 0x0041, 0x0041, 0x0041, 0x0041, 0x0041, 0x0041, 0x0041, 0x0041, 0x0041, 0x0041, 0x0041,
	0x0041, 0x0041, 0x0041, 0x0041, 0x0041, 0x0041, 0x0041, 0x0041, 0x0041, 0x0041, 0x0041, 0x0041,
	0x0041, 0x0041, 0x0041, 0x0041, 0x0041, 0x0041, 0x0041, 0x0041, 0x0041, 0x0041, 0x0041, 0x0041,
	0x0041, 0x0041, 0x0041, 0x0041, 0x0041, 0x0041, 0x0041, 0x0041, 0x0041, 0x0041, 0x0041, 0x0041,
	0x0041, 0x0041, 0x0041, 0x0041, 0x0041, 0x0041, 0x0041, 0x0041, 0x0041, 0x0041, 0x0041, 0x0041,
	0x0041, 0x0041, 0x0041, 0x0041, 0x0041, 0x0041, 0x0041, 0x0041, 0x0041, 0x0041, 0x0041, 0x0041,
	0x0041, 0x0041, 0x0041, 0x0041, 0x0041, 0x0041, 0x0041, 0x0041, 0x0041, 0x0041, 0x0041, 0x0041,
	0x0041, 0x0041, 0x0041, 0x0041, 0x0041, 0x0041, 0x0041, 0x0041, 0x0041, 0x0041, 0x0041, 0x0041,
	0x0041, 0x0041, 0x0041, 0x0041, 0x0041, 0x0041, 0x0041, 0x0041, 0x0041, 0x0041, 0x0041, 0x0041,
	0x0041, 0x0041, 0x0041, 0x0041, 0x0041, 0x0041, 0x0041, 0x0041, 0x0041, 0x0041, 0x0041, 0x0041,
	0x0041, 0x0041, 0x0041, 0x0041, 0x0041, 0x0041, 0x0041, 0x0041, 0x0041, 0x0041, 0x0041, 0x0041,
	0x0041, 0x0041, 0x0041, 0x0041, 0x0041, 0x52EB, 0x52EB, 0x0041, 0x0041, 0x0041, 0x0041, 0x0041,
	0x0041, 0x0041, 0x0041, 0x0041, 0x0041, 0x0041, 0x0041, 0x0041, 0x0041, 0x0041, 0x0041, 0x0041,
	0x0041, 0x0041, 0x0041, 0x0041, 0x0041, 0x0041, 0x0041, 0x0041, 0x0041, 0x0041, 0x0041, 0x0041,
	0x0041, 0x0041, 0x0041, 0x0041, 0x0041, 0x0041, 0x0041, 0x0041, 0x0041, 0x0041, 0x0041, 0x0041,
	0x0041, 0x0041, 0x0041, 0x0041, 0x0041, 0x0041, 0x0041, 0x0041, 0x0041, 0x0041, 0x0041, 0x0041,
	0x0041, 0x0041, 0x0041, 0x0041, 0x0041, 0x0041, 0x0041, 0x0041, 0x0041, 0x0041, 0x0041, 0x0041,
	0x0041, 0x0041, 0x0041, 0x0041, 0x0041, 0x0041, 0x0041, 0x0041, 0x0041, 0x0041, 0x0041, 0x0041,
	0x0041, 0x0041, 0x0041, 0x0041, 0x0041, 0x0041, 0x0041, 0x0041, 0x0041, 0x0041, 0x0041, 0x0041,
	0x0041, 0x0041, 0x0041, 0x0041, 0x0041, 0x0041, 0x0041, 0x0041, 0x0041, 0x0041, 0x0041, 0x0041,
	0x0041, 0x0041, 0x0041, 0x0041, 0x0041, 0x0041, 0x0041, 0x0041, 0x0041, 0x0041, 0x0041, 0x0041,
	0x0041, 0x0041, 0x0041, 0x0041, 0x0041, 0x0041, 0x0041, 0x0041, 0x0041, 0x0041, 0x0041, 0x0041,
	0x0041, 0x0041, 0x0041, 0x0041, 0x0041, 0x0041, 0x0041, 0x0041, 0x0041, 0x0041, 0x0041, 0x0041,
	0x0041, 0x0041, 0x0041, 0x0041, 0x0041, 0x0041, 0x0041, 0x0041, 0x0041, 0x0041, 0x0041, 0x0041,
	0x0041, 0x0041, 0x0041, 0x0041, 0x0041, 0x0041, 0x0041, 0x0041, 0x0041, 0x0041, 0x0041, 0x0041,
	0x0041, 0x0041, 0x0041, 0x0041, 0x0041, 0x0041, 0x0041, 0x0041, 0x0041, 0x0041, 0x0041, 0x0041,
	0x0041, 0x0041, 0x0041, 0x0041, 0x0041, 0x0041, 0x0041, 0x0041, 0x0041, 0x0041, 0x0041, 0x0041,
	0x0041, 0x0041, 0x0041, 0x0041, 0x0041, 0x0041, 0x0041, 0x0041, 0x0041, 0x0041, 0x0041, 0x0041,
	0x0041, 0x0041, 0x0041, 0x0041, 0x0041, 0x0041, 0x0041, 0x0041, 0x0041, 0x0041, 0x0041, 0x0041,
	0x0041, 0x0041, 0x0041, 0x0041, 0x0041, 0x0041, 0x0041, 0x0041, 0x0041, 0x0041, 0x0041, 0x0041,
	0x0041, 0x0041, 0x0041, 0x0041, 0x0041, 0x0041, 0x0041, 0x0041, 0x0041, 0x0041, 0x0041, 0x0041,
	0x0041, 0x0041, 0x0041, 0x52EB, 0x52EB, 0x0041, 0x0041, 0x0041, 0x0041, 0x0041, 0x0041, 0x0041,
	0x0041, 0x0041, 0x0041, 0x0041, 0x0041, 0x0041, 0x0041, 0x0041, 0x0041, 0x0041, 0x0041, 0x0041,
	0x0041, 0x0041, 0x0041, 0x0041, 0x0041, 0x0041, 0x0041, 0x0041, 0x0041, 0x0041, 0x0041, 0x0041,
	0x0041, 0x0041, 0x0041, 0x0041, 0x0041, 0x0041, 0x0041, 0x0041, 0x0041, 0x0041, 0x0041, 0x0041,
	0x0041, 0x0041, 0x0041, 0x0041, 0x0041, 0x0041, 0x0041, 0x0041, 0x0041, 0x0041, 0x0041, 0x0041,
	0x0041, 0x0041, 0x0041, 0x0041, 0x0041, 0x0041, 0x0041, 0x0041, 0x0041, 0x0041, 0x0041, 0x0041,
	0x0041, 0x0041, 0x0041, 0x0041, 0x0041, 0x0041, 0x0041, 0x0041, 0x0041, 0x0041, 0x0041, 0x0041,
	0x0041, 0x0041, 0x0041, 0x0041, 0x0041, 0x0041, 0x0041, 0x0041, 0x0041, 0x0041, 0x0041, 0x0041,
	0x0041, 0x0041, 0x0041, 0x0041, 0x0041, 0x0041, 0x0041, 0x0041, 0x0041, 0x0041, 0x0041, 0x0041,
	0x0041, 0x0041, 0x0041, 0x0041, 0x0041, 0x0041, 0x0041, 0x0041, 0x0041, 0x0041, 0x0041, 0x0041,
	0x0041, 0x0041, 0x0041, 0x0041, 0x0041, 0x0041, 0x0041, 0x0041, 0x0041, 0x0041, 0x0041, 0x0041,
	0x0041, 0x0041, 0x0041, 0x0041, 0x0041, 0x0041, 0x0041, 0x0041, 0x0041, 0x0041, 0x0041, 0x0041,
	0x0041, 0x0041, 0x0041, 0x0041, 0x0041, 0x0041, 0x0041, 0x0041, 0x0041, 0x0041, 0x0041, 0x0041,
	0x0041, 0x0041, 0x0041, 0x0041, 0x0041, 0x0041, 0x0041, 0x0041, 0x0041, 0x0041, 0x0041, 0x0041,
	0x0041, 0x0041, 0x0041, 0x0041, 0x0041, 0x0041, 0x0041, 0x0041, 0x0041, 0x0041, 0x0041, 0x0041,
	0x0041, 0x0041, 0x0041, 0x0041, 0x0041, 0x0041, 0x0041, 0x0041, 0x0041, 0x0041, 0x0041, 0x0041,
	0x0041, 0x0041, 0x0041, 0x0041, 0x0041, 0x0041, 0x0041, 0x0041, 0x0041, 0x0041, 0x0041, 0x0041,
	0x0041, 0x0041, 0x0041, 0x0041, 0x0041, 0x0041, 0x0041, 0x0041, 0x0041, 0x0041, 0x0041, 0x0041,
	0x0041, 0x0041, 0x0041, 0x0041, 0x0041, 0x0041, 0x0041, 0x0041, 0x0041, 0x0041, 0x0041, 0x0041,
	0x0041, 0x0041, 0x0041, 0x0041, 0x0041, 0x0041, 0x0041, 0x0041, 0x0041, 0x0041, 0x0041, 0x0041,
	0x0041, 0x52EB, 0x52EB, 0x0041, 0x0041, 0x0041, 0x0041, 0x0041, 0x0041, 0x0041, 0x0041, 0x0041,
	0x0041, 0x0041, 0x0041, 0x0041, 0x0041, 0x0041, 0x0041, 0x0041, 0x0041, 0x0041, 0x0041, 0x0041,
	0x0041, 0x0041, 0x0041, 0x0041, 0x0041, 0x0041, 0x0041, 0x0041, 0x0041, 0x0041, 0x0041, 0x0041,
	0x0041, 0x0041, 0x0041, 0x0041, 0x0041, 0x0041, 0x0041, 0x0041, 0x0041, 0x0041, 0x0041, 0x0041,
	0x0041, 0x0041, 0x0041, 0x0041, 0x0041, 0x0041, 0x0041, 0x0041, 0x0041, 0x0041, 0x0041, 0x0041,
	0x0041, 0x0041, 0x0041, 0x0041, 0x0041, 0x0041, 0x0041, 0x0041, 0x0041, 0x0041, 0x0041, 0x0041,
	0x0041, 0x0041, 0x0041, 0x0041, 0x0041, 0x0041, 0x0041, 0x0041, 0x0041, 0x0041, 0x0041, 0x0041,
	0x0041, 0x0041, 0x0041, 0x0041, 0x0041, 0x0041, 0x0041, 0x0041, 0x0041, 0x0041, 0x0041, 0x0041,
	0x0041, 0x0041, 0x0041, 0x0041, 0x0041, 0x0041, 0x0041, 0x0041, 0x0041, 0x0041, 0x0041, 0x0041,
	0x0041, 0x0041, 0x0041, 0x0041, 0x0041, 0x0041, 0x0041, 0x0041, 0x0041, 0x0041, 0x0041, 0x0041,
	0x0041, 0x0041, 0x0041, 0x0041, 0x0041, 0x0041, 0x0041, 0x0041, 0x0041, 0x0041, 0x0041, 0x0041,
	0x0041, 0x0041, 0x0041, 0x0041, 0x0041, 0x0041, 0x0041, 0x0041, 0x0041, 0x0041, 0x0041, 0x0041,
	0x0041, 0x0041, 0x0041, 0x0041, 0x0041, 0x0041, 0x0041, 0x0041, 0x0041, 0x0041, 0x0041, 0x0041,
	0x0041, 0x0041, 0x0041, 0x0041, 0x0041, 0x0041, 0x0041, 0x0041, 0x0041, 0x0041, 0x0041, 0x0041,
	0x0041, 0x0041, 0x0041, 0x0041, 0x0041, 0x0041, 0x0041, 0x0041, 0x0041, 0x0041, 0x0041, 0x0041,
	0x0041, 0x0041, 0x0041, 0x0041, 0x0041, 0x0041, 0x0041, 0x0041, 0x0041, 0x0041, 0x0041, 0x0041,
	0x0041, 0x0041, 0x0041, 0x0041, 0x0041, 0x0041, 0x0041, 0x0041, 0x0041, 0x0041, 0x0041, 0x0041,
	0x0041, 0x0041, 0x0041, 0x0041, 0x0041, 0x0041, 0x0041, 0x0041, 0x0041, 0x0041, 0x0041, 0x0041,
	0x0041, 0x0041, 0x0041, 0x0041, 0x0041, 0x0041, 0x0041, 0x0041, 0x0041, 0x0041, 0x0041, 0x0041,
	0x0041, 0x0041, 0x0041, 0x0041, 0x0041, 0x0041, 0x0041, 0x0041, 0x0041, 0x0041, 0x0041, 0x52EB,
	0x52EB, 0x0041, 0x0041, 0x0041, 0x0041, 0x0041, 0x0041, 0x0041, 0x0041, 0x0041, 0x0041, 0x0041,
	0x0041, 0x0041, 0x0041, 0x0041, 0x0041, 0x0041, 0x0041, 0x0041, 0x0041, 0x0041, 0x0041, 0x0041,
	0x0041, 0x0041, 0x0041, 0x0041, 0x0041, 0x0041, 0x0041, 0x0041, 0x0041, 0x0041, 0x0041, 0x0041,
	0x0041, 0x0041, 0x0041, 0x0041, 0x0041, 0x0041, 0x0041, 0x0041, 0x0041, 0x0041, 0x0041, 0x0041,
	0x0041, 0x0041, 0x0041, 0x0041, 0x0041, 0x0041, 0x0041, 0x0041, 0x0041, 0x0041, 0x0041, 0x0041,
	0x0041, 0x0041, 0x0041, 0x0041, 0x0041, 0x0041, 0x0041, 0x0041, 0x0041, 0x0041, 0x0041, 0x0041,
	0x0041, 0x0041, 0x0041, 0x0041, 0x0041, 0x0041, 0x0041, 0x0041, 0x0041, 0x0041, 0x0041, 0x0041,
	0x0041, 0x0041, 0x0041, 0x0041, 0x0041, 0x0041, 0x0041, 0x0041, 0x0041, 0x0041, 0x0041, 0x0041,
	0x0041, 0x0041, 0x0041, 0x0041, 0x0041, 0x0041, 0x0041, 0x0041, 0x0041, 0x0041, 0x0041, 0x0041,
	0x0041, 0x0041, 0x0041, 0x0041, 0x0041, 0x0041, 0x0041, 0x0041, 0x0041, 0x0041, 0x0041, 0x0041,
	0x0041, 0x0041, 0x0041, 0x0041, 0x0041, 0x0041, 0x0041, 0x0041, 0x0041, 0x0041, 0x0041, 0x0041,
	0x0041, 0x0041, 0x0041, 0x0041, 0x0041, 0x0041, 0x0041, 0x0041, 0x0041, 0x0041, 0x0041, 0x0041,
	0x0041, 0x0041, 0x0041, 0x0041, 0x0041, 0x0041, 0x0041, 0x0041, 0x0041, 0x0041, 0x0041, 0x0041,
	0x0041, 0x0041, 0x0041, 0x0041, 0x0041, 0x0041, 0x0041, 0x0041, 0x0041, 0x0041, 0x0041, 0x0041,
	0x0041, 0x0041, 0x0041, 0x0041, 0x0041, 0x0041, 0x0041, 0x0041, 0x0041, 0x0041, 0x0041, 0x0041,
	0x0041, 0x0041, 0x0041, 0x0041, 0x0041, 0x0041, 0x0041, 0x0041, 0x0041, 0x0041, 0x0041, 0x0041,
	0x0041, 0x0041, 0x0041, 0x0041, 0x0041, 0x0041, 0x0041, 0x0041, 0x0041, 0x0041, 0x0041, 0x0041,
	0x0041, 0x0041, 0x0041, 0x0041, 0x0041, 0x0041, 0x0041, 0x0041, 0x0041, 0x0041, 0x0041, 0x0041,
	0x0041, 0x0041, 0x0041, 0x0041, 0x0041, 0x0041, 0x0041, 0x0041, 0x0041, 0x0041, 0x0041, 0x0041,
	0x0041, 0x0041, 0x0041, 0x0041, 0x0041, 0x0041, 0x0041, 0x0041, 0x0041, 0x52EB, 0x52EB, 0x0041,
	0x0041, 0x0041, 0x0041, 0x0041, 0x0041, 0x0041, 0x0041, 0x0041, 0x0041, 0x0041, 0x0041, 0x0041,
	0x0041, 0x0041, 0x0041, 0x0041, 0x0041, 0x0041, 0x0041, 0x0041, 0x0041, 0x0041, 0x0041, 0x0041,
	0x0041, 0x0041, 0x0041, 0x0041, 0x0041, 0x0041, 0x0041, 0x0041, 0x0041, 0x0041, 0x0041, 0x0041,
	0x0041, 0x0041, 0x0041, 0x0041, 0x0041, 0x0041, 0x0041, 0x0041, 0x0041, 0x0041, 0x0041, 0x0041,
	0x0041, 0x0041, 0x0041, 0x0041, 0x0041, 0x0041, 0x0041, 0x0041, 0x0041, 0x0041, 0x0041, 0x0041,
	0x0041, 0x0041, 0x0041, 0x0041, 0x0041, 0x0041, 0x0041, 0x0041, 0x0041, 0x0041, 0x0041, 0x0041,
	0x0041, 0x0041, 0x0041, 0x0041, 0x0041, 0x0041, 0x0041, 0x0041, 0x0041, 0x0041, 0x0041, 0x0041,
	0x0041, 0x0041, 0x0041, 0x0041, 0x0041, 0x0041, 0x0041, 0x0041, 0x0041, 0x0041, 0x0041, 0x0041,
	0x0041, 0x0041, 0x0041, 0x0041, 0x0041, 0x0041, 0x0041, 0x0041, 0x0041, 0x0041, 0x0041, 0x0041,
	0x0041, 0x0041, 0x0041, 0x0041, 0x0041, 0x0041, 0x0041, 0x0041, 0x0041, 0x0041, 0x0041, 0x0041,
	0x0041, 0x0041, 0x0041, 0x0041, 0x0041, 0x0041, 0x0041, 0x0041, 0x0041, 0x0041, 0x0041, 0x0041,
	0x0041, 0x0041, 0x0041, 0x0041, 0x0041, 0x0041, 0x0041, 0x0041, 0x0041, 0x0041, 0x0041, 0x0041,
	0x0041, 0x0041, 0x0041, 0x0041, 0x0041, 0x0041, 0x0041, 0x0041, 0x0041, 0x0041, 0x0041, 0x0041,
	0x0041, 0x0041, 0x0041, 0x0041, 0x0041, 0x0041, 0x0041, 0x0041, 0x0041, 0x0041, 0x0041, 0x0041,
	0x0041, 0x0041, 0x0041, 0x0041, 0x0041, 0x0041, 0x0041, 0x0041, 0x0041, 0x0041, 0x0041, 0x0041,
	0x0041, 0x0041, 0x0041, 0x0041, 0x0041, 0x0041, 0x0041, 0x0041, 0x0041, 0x0041, 0x0041, 0x0041,
	0x0041, 0x0041, 0x0041, 0x0041, 0x0041, 0x0041, 0x0041, 0x0041, 0x0041, 0x0041, 0x0041, 0x0041,
	0x0041, 0x0041, 0x0041, 0x0041, 0x0041, 0x0041, 0x0041, 0x0041, 0x0041, 0x0041, 0x0041, 0x0041,
	0x0041, 0x0041, 0x0041, 0x0041, 0x0041, 0x0041, 0x0041, 0x0041, 0x0041, 0x0041, 0x0041, 0x0041,
	0x0041, 0x0041, 0x0041, 0x0041, 0x0041, 0x0041, 0x0041, 0x52EB, 0x52EB, 0x0041, 0x0041, 0x0041,
	0x0041, 0x0041, 0x0041, 0x0041, 0x0041, 0x0041, 0x0041, 0x0041, 0x0041, 0x0041, 0x0041, 0x0041,
	0x0041, 0x0041, 0x0041, 0x0041, 0x0041, 0x0041, 0x0041, 0x0041, 0x0041, 0x0041, 0x0041, 0x0041,
	0x0041, 0x0041, 0x0041, 0x0041, 0x0041, 0x0041, 0x0041, 0x0041, 0x0041, 0x0041, 0x0041, 0x0041,
	0x0041, 0x0041, 0x0041, 0x0041, 0x0041, 0x0041, 0x0041, 0x0041, 0x0041, 0x0041, 0x0041, 0x0041,
	0x0041, 0x0041, 0x0041, 0x0041, 0x0041, 0x0041, 0x0041, 0x0041, 0x0041, 0x0041, 0x0041, 0x0041,
	0x0041, 0x0041, 0x0041, 0x0041, 0x0041, 0x0041, 0x0041, 0x0041, 0x0041, 0x0041, 0x0041, 0x0041,
	0x0041, 0x0041, 0x0041, 0x0041, 0x0041, 0x0041, 0x0041, 0x0041, 0x0041, 0x0041, 0x0041, 0x0041,
	0x0041, 0x0041, 0x0041, 0x0041, 0x0041, 0x0041, 0x0041, 0x0041, 0x0041, 0x0041, 0x0041, 0x0041,
	0x0041, 0x0041, 0x0041, 0x0041, 0x0041, 0x0041, 0x0041, 0x0041, 0x0041, 0x0041, 0x0041, 0x0041,
	0x0041, 0x0041, 0x0041, 0x0041, 0x0041, 0x0041, 0x0041, 0x0041, 0x0041, 0x0041, 0x0041, 0x0041,
	0x0041, 0x0041, 0x0041, 0x0041, 0x0041, 0x0041, 0x0041, 0x0041, 0x0041, 0x0041, 0x0041, 0x0041,
	0x0041, 0x0041, 0x0041, 0x0041, 0x0041, 0x0041, 0x0041, 0x0041, 0x0041, 0x0041, 0x0041, 0x0041,
	0x0041, 0x0041, 0x0041, 0x0041, 0x0041, 0x0041, 0x0041, 0x0041, 0x0041, 0x0041, 0x0041, 0x0041,
	0x0041, 0x0041, 0x0041, 0x0041, 0x0041, 0x0041, 0x0041, 0x0041, 0x0041, 0x0041, 0x0041, 0x0041,
	0x0041, 0x0041, 0x0041, 0x0041, 0x0041, 0x0041, 0x0041, 0x0041, 0x0041, 0x0041, 0x0041, 0x0041,
	0x0041, 0x0041, 0x0041, 0x0041, 0x0041, 0x0041, 0x0041, 0x0041, 0x0041, 0x0041, 0x0041, 0x0041,
	0x0041, 0x0041, 0x0041, 0x0041, 0x0041, 0x0041, 0x0041, 0x0041, 0x0041, 0x0041, 0x0041, 0x0041,
	0x0041, 0x0041, 0x0041, 0x0041, 0x0041, 0x0041, 0x0041, 0x0041, 0x0041, 0x0041, 0x0041, 0x0041,
	0x0041, 0x0041, 0x0041, 0x0041, 0x0041, 0x0041, 0x0041, 0x0041, 0x0041, 0x0041, 0x0041, 0x0041,
	0x0041, 0x0041, 0x0041, 0x0041, 0x0041, 0x52EB, 0x52EB, 0x0041, 0x0041, 0x0041, 0x0041, 0x0041,
	0x0041, 0x0041, 0x0041, 0x0041, 0x0041, 0x0041, 0x0041, 0x0041, 0x0041, 0x0041, 0x0041, 0x0041,
	0x0041, 0x0041, 0x0041, 0x0041, 0x0041, 0x0041, 0x0041, 0x0041, 0x0041, 0x0041, 0x0041, 0x0041,
	0x0041, 0x0041, 0x0041, 0x0041, 0x0041, 0x0041, 0x0041, 0x0041, 0x0041, 0x0041, 0x0041, 0x0041,
	0x0041, 0x0041, 0x0041, 0x0041, 0x0041, 0x0041, 0x0041, 0x0041, 0x0041, 0x0041, 0x0041, 0x0041,
	0x0041, 0x0041, 0x0041, 0x0041, 0x0041, 0x0041, 0x0041, 0x0041, 0x0041, 0x0041, 0x0041, 0x0041,
	0x0041, 0x0041, 0x0041, 0x0041, 0x0041, 0x0041, 0x0041, 0x0041, 0x0041, 0x0041, 0x0041, 0x0041,
	0x0041, 0x0041, 0x0041, 0x0041, 0x0041, 0x0041, 0x0041, 0x0041, 0x0041, 0x0041, 0x0041, 0x0041,
	0x0041, 0x0041, 0x0041, 0x0041, 0x0041, 0x0041, 0x0041, 0x0041, 0x0041, 0x0041, 0x0041, 0x0041,
	0x0041, 0x0041, 0x0041, 0x0041, 0x0041, 0x0041, 0x0041, 0x0041, 0x0041, 0x0041, 0x0041, 0x0041,
	0x0041, 0x0041, 0x0041, 0x0041, 0x0041, 0x0041, 0x0041, 0x0041, 0x0041, 0x0041, 0x0041, 0x0041,
	0x0041, 0x0041, 0x0041, 0x0041, 0x0041, 0x0041, 0x0041, 0x0041, 0x0041, 0x0041, 0x0041, 0x0041,
	0x0041, 0x0041, 0x0041, 0x0041, 0x0041, 0x0041, 0x0041, 0x0041, 0x0041, 0x0041, 0x0041, 0x0041,
	0x0041, 0x0041, 0x0041, 0x0041, 0x0041, 0x0041, 0x0041, 0x0041, 0x0041, 0x0041, 0x0041, 0x0041,
	0x0041, 0x0041, 0x0041, 0x0041, 0x0041, 0x0041, 0x0041, 0x0041, 0x0041, 0x0041, 0x0041, 0x0041,
	0x0041, 0x0041, 0x0041, 0x0041, 0x0041, 0x0041, 0x0041, 0x0041, 0x0041, 0x0041, 0x0041, 0x0041,
	0x0041, 0x0041, 0x0041, 0x0041, 0x0041, 0x0041, 0x0041, 0x0041, 0x0041, 0x0041, 0x0041, 0x0041,
	0x0041, 0x0041, 0x0041, 0x0041, 0x0041, 0x0041, 0x0041, 0x0041, 0x0041, 0x0041, 0x0041, 0x0041,
	0x0041, 0x0041, 0x0041, 0x0041, 0x0041, 0x0041, 0x0041, 0x0041, 0x0041, 0x0041, 0x0041, 0x0041,
	0x0041, 0x0041, 0x0041, 0x0041, 0x0041, 0x0041, 0x0041, 0x0041, 0x0041, 0x0041, 0x0041, 0x0041,
	0x0041, 0x0041, 0x0041, 0x52EB, 0x52EB, 0x0041, 0x0041, 0x0041, 0x0041, 0x0041, 0x0041, 0x0041,
	0x0041, 0x0041, 0x0041, 0x0041, 0x0041, 0x0041, 0x0041, 0x0041, 0x0041, 0x0041, 0x0041, 0x0041,
	0x0041, 0x0041, 0x0041, 0x0041, 0x0041, 0x0041, 0x0041, 0x0041, 0x0041, 0x0041, 0x0041, 0x0041,
	0x0041, 0x0041, 0x0041, 0x0041, 0x0041, 0x0041, 0x0041, 0x0041, 0x0041, 0x0041, 0x0041, 0x0041,
	0x0041, 0x0041, 0x0041, 0x0041, 0x0041, 0x0041, 0x0041, 0x0041, 0x0041, 0x0041, 0x0041, 0x0041,
	0x0041, 0x0041, 0x0041, 0x0041, 0x0041, 0x0041, 0x0041, 0x0041, 0x0041, 0x0041, 0x0041, 0x0041,
	0x0041, 0x0041, 0x0041, 0x0041, 0x0041, 0x0041, 0x0041, 0x0041, 0x0041, 0x0041, 0x0041, 0x0041,
	0x0041, 0x0041, 0x0041, 0x0041, 0x0041, 0x0041, 0x0041, 0x0041, 0x0041, 0x0041, 0x0041, 0x0041,
	0x0041, 0x0041, 0x0041, 0x0041, 0x0041, 0x0041, 0x0041, 0x0041, 0x0041, 0x0041, 0x0041, 0x0041,
	0x0041, 0x0041, 0x0041, 0x0041, 0x0041, 0x0041, 0x0041, 0x0041, 0x0041, 0x0041, 0x0041, 0x0041,
	0x0041, 0x0041, 0x0041, 0x0041, 0x0041, 0x0041, 0x0041, 0x0041, 0x0041, 0x0041, 0x0041, 0x0041,
	0x0041, 0x0041, 0x0041, 0x0041, 0x0041, 0x0041, 0x0041, 0x0041, 0x0041, 0x0041, 0x0041, 0x0041,
	0x0041, 0x0041, 0x0041, 0x0041, 0x0041, 0x0041, 0x0041, 0x0041, 0x0041, 0x0041, 0x0041, 0x0041,
	0x0041, 0x0041, 0x0041, 0x0041, 0x0041, 0x0041, 0x0041, 0x0041, 0x0041, 0x0041, 0x0041, 0x0041,
	0x0041, 0x0041, 0x0041, 0x0041, 0x0041, 0x0041, 0x0041, 0x0041, 0x0041, 0x0041, 0x0041, 0x0041,
	0x0041, 0x0041, 0x0041, 0x0041, 0x0041, 0x0041, 0x0041, 0x0041, 0x0041, 0x0041, 0x0041, 0x0041,
	0x0041, 0x0041, 0x0041, 0x0041, 0x0041, 0x0041, 0x0041, 0x0041, 0x0041, 0x0041, 0x0041, 0x0041,
	0x0041, 0x0041, 0x0041, 0x0041, 0x0041, 0x0041, 0x0041, 0x0041, 0x0041, 0x0041, 0x0041, 0x0041,
	0x0041, 0x0041, 0x0041, 0x0041, 0x0041, 0x0041, 0x0041, 0x0041, 0x0041, 0x0041, 0x0041, 0x0041,
	0x0041, 0x0041, 0x0041, 0x0041, 0x0041, 0x0041, 0x0041, 0x0041, 0x0041, 0x0041, 0x0041, 0x0041,
	0x0041, 0x52EB, 0x52EB, 0x0041, 0x0041, 0x0041, 0x0041, 0x0041, 0x0041, 0x0041, 0x0041, 0x0041,
	0x0041, 0x0041, 0x0041, 0x0041, 0x0041, 0x0041, 0x0041, 0x0041, 0x0041, 0x0041, 0x0041, 0x0041,
	0x0041, 0x0041, 0x0041, 0x0041, 0x0041, 0x0041, 0x0041, 0x0041, 0x0041, 0x0041, 0x0041, 0x0041,
	0x0041, 0x0041, 0x0041, 0x0041, 0x0041, 0x0041, 0x0041, 0x0041, 0x0041, 0x0041, 0x0041, 0x0041,
	0x0041, 0x0041, 0x0041, 0x0041, 0x0041, 0x0041, 0x0041, 0x0041, 0x0041, 0x0041, 0x0041, 0x0041,
	0x0041, 0x0041, 0x0041, 0x0041, 0x0041, 0x0041, 0x0041, 0x0041, 0x0041, 0x0041, 0x0041, 0x0041,
	0x0041, 0x0041, 0x0041, 0x0041, 0x0041, 0x0041, 0x0041, 0x0041, 0x0041, 0x0041, 0x0041, 0x0041,
	0x0041, 0x0041, 0x0041, 0x0041, 0x0041, 0x0041, 0x0041, 0x0041, 0x0041, 0x0041, 0x0041, 0x0041,
	0x0041, 0x0041, 0x0041, 0x0041, 0x0041, 0x0041, 0x0041, 0x0041, 0x0041, 0x0041, 0x0041, 0x0041,
	0x0041, 0x0041, 0x0041, 0x0041, 0x0041, 0x0041, 0x0041, 0x0041, 0x0041, 0x0041, 0x0041, 0x0041,
	0x0041, 0x0041, 0x0041, 0x0041, 0x0041, 0x0041, 0x0041, 0x0041, 0x0041, 0x0041, 0x0041, 0x0041,
	0x0041, 0x0041, 0x0041, 0x0041, 0x0041, 0x0041, 0x0041, 0x0041, 0x0041, 0x0041, 0x0041, 0x0041,
	0x0041, 0x0041, 0x0041, 0x0041, 0x0041, 0x0041, 0x0041, 0x0041, 0x0041, 0x0041, 0x0041, 0x0041,
	0x0041, 0x0041, 0x0041, 0x0041, 0x0041, 0x0041, 0x0041, 0x0041, 0x0041, 0x0041, 0x0041, 0x0041,
	0x0041, 0x0041, 0x0041, 0x0041, 0x0041, 0x0041, 0x0041, 0x0041, 0x0041, 0x0041, 0x0041, 0x0041,
	0x0041, 0x0041, 0x0041, 0x0041, 0x0041, 0x0041, 0x0041, 0x0041, 0x0041, 0x0041, 0x0041, 0x0041,
	0x0041, 0x0041, 0x0041, 0x0041, 0x0041, 0x0041, 0x0041, 0x0041, 0x0041, 0x0041, 0x0041, 0x0041,
	0x0041, 0x0041, 0x0041, 0x0041, 0x0041, 0x0041, 0x0041, 0x0041, 0x0041, 0x0041, 0x0041, 0x0041,
	0x0041, 0x0041, 0x0041, 0x0041, 0x0041, 0x0041, 0x0041, 0x0041, 0x0041, 0x0041, 0x0041, 0x0041,
	0x0041, 0x0041, 0x0041, 0x0041, 0x0041, 0x0041, 0x0041, 0x0041, 0x0041, 0x0041, 0x0041, 0x52EB,
	0x52EB, 0x0041, 0x0041, 0x0041, 0x0041, 0x0041, 0x0041, 0x0041, 0x0041, 0x0041, 0x0041, 0x0041,
	0x0041, 0x0041, 0x0041, 0x0041, 0x0041, 0x0041, 0x0041, 0x0041, 0x0041, 0x0041, 0x0041, 0x0041,
	0x0041, 0x0041, 0x0041, 0x0041, 0x0041, 0x0041, 0x0041, 0x0041, 0x0041, 0x0041, 0x0041, 0x0041,
	0x0041, 0x0041, 0x0041, 0x0041, 0x0041, 0x0041, 0x0041, 0x0041, 0x0041, 0x0041, 0x0041, 0x0041,
	0x0041, 0x0041, 0x0041, 0x0041, 0x0041, 0x0041, 0x0041, 0x0041, 0x0041, 0x0041, 0x0041, 0x0041,
	0x0041, 0x0041, 0x0041, 0x0041, 0x0041, 0x0041, 0x0041, 0x0041, 0x0041, 0x0041, 0x0041, 0x0041,
	0x0041, 0x0041, 0x0041, 0x0041, 0x0041, 0x0041, 0x0041, 0x0041, 0x0041, 0x0041, 0x0041, 0x0041,
	0x0041, 0x0041, 0x0041, 0x0041, 0x0041, 0x0041, 0x0041, 0x0041, 0x0041, 0x0041, 0x0041, 0x0041,
	0x0041, 0x0041, 0x0041, 0x0041, 0x0041, 0x0041, 0x0041, 0x0041, 0x0041, 0x0041, 0x0041, 0x0041,
	0x0041, 0x0041, 0x0041, 0x0041, 0x0041, 0x0041, 0x0041, 0x0041, 0x0041, 0x0041, 0x0041, 0x0041,
	0x0041, 0x0041, 0x0041, 0x0041, 0x0041, 0x0041, 0x0041, 0x0041, 0x0041, 0x0041, 0x0041, 0x0041,
	0x0041, 0x0041, 0x0041, 0x0041, 0x0041, 0x0041, 0x0041, 0x0041, 0x0041, 0x0041, 0x0041, 0x0041,
	0x0041, 0x0041, 0x0041, 0x0041, 0x0041, 0x0041, 0x0041, 0x0041, 0x0041, 0x0041, 0x0041, 0x0041,
	0x0041, 0x0041, 0x0041, 0x0041, 0x0041, 0x0041, 0x0041, 0x0041, 0x0041, 0x0041, 0x0041, 0x0041,
	0x0041, 0x0041, 0x0041, 0x0041, 0x0041, 0x0041, 0x0041, 0x0041, 0x0041, 0x0041, 0x0041, 0x0041,
	0x0041, 0x0041, 0x0041, 0x0041, 0x0041, 0x0041, 0x0041, 0x0041, 0x0041, 0x0041, 0x0041, 0x0041,
	0x0041, 0x0041, 0x0041, 0x0041, 0x0041, 0x0041, 0x0041, 0x0041, 0x0041, 0x0041, 0x0041, 0x0041,
	0x0041, 0x0041, 0x0041, 0x0041, 0x0041, 0x0041, 0x0041, 0x0041, 0x0041, 0x0041, 0x0041, 0x0041,
	0x0041, 0x0041, 0x0041, 0x0041, 0x0041, 0x0041, 0x0041, 0x0041, 0x0041, 0x0041, 0x0041, 0x0041,
	0x0041, 0x0041, 0x0041, 0x0041, 0x0041, 0x0041, 0x0041, 0x0041, 0x0041, 0x52EB, 0x52EB, 0x0041,
	0x0041, 0x0041, 0x0041, 0x0041, 0x0041, 0x0041, 0x0041, 0x0041, 0x0041, 0x0041, 0x0041, 0x0041,
	0x0041, 0x0041, 0x0041, 0x0041, 0x0041, 0x0041, 0x0041, 0x0041, 0x0041, 0x0041, 0x0041, 0x0041,
	0x0041, 0x0041, 0x0041, 0x0041, 0x0041, 0x0041, 0x0041, 0x0041, 0x0041, 0x0041, 0x0041, 0x0041,
	0x0041, 0x0041, 0x0041, 0x0041, 0x0041, 0x0041, 0x0041, 0x0041, 0x0041, 0x0041, 0x0041, 0x0041,
	0x0041, 0x0041, 0x0041, 0x0041, 0x0041, 0x0041, 0x0041, 0x0041, 0x0041, 0x0041, 0x0041, 0x0041,
	0x0041, 0x0041, 0x0041, 0x0041, 0x0041, 0x0041, 0x0041, 0x0041, 0x0041, 0x0041, 0x0041, 0x0041,
	0x0041, 0x0041, 0x0041, 0x0041, 0x0041, 0x0041, 0x0041, 0x0041, 0x0041, 0x0041, 0x0041, 0x0041,
	0x0041, 0x0041, 0x0041, 0x0041, 0x0041, 0x0041, 0x0041, 0x0041, 0x0041, 0x0041, 0x0041, 0x0041,
	0x0041, 0x0041, 0x0041, 0x0041, 0x0041, 0x0041, 0x0041, 0x0041, 0x0041, 0x0041, 0x0041, 0x0041,
	0x0041, 0x0041, 0x0041, 0x0041, 0x0041, 0x0041, 0x0041, 0x0041, 0x0041, 0x0041, 0x0041, 0x0041,
	0x0041, 0x0041, 0x0041, 0x0041, 0x0041, 0x0041, 0x0041, 0x0041, 0x0041, 0x0041, 0x0041, 0x0041,
	0x0041, 0x0041, 0x0041, 0x0041, 0x0041, 0x0041, 0x0041, 0x0041, 0x0041, 0x0041, 0x0041, 0x0041,
	0x0041, 0x0041, 0x0041, 0x0041, 0x0041, 0x0041, 0x0041, 0x0041, 0x0041, 0x0041, 0x0041, 0x0041,
	0x0041, 0x0041, 0x0041, 0x0041, 0x0041, 0x0041, 0x0041, 0x0041, 0x0041, 0x0041, 0x0041, 0x0041,
	0x0041, 0x0041, 0x0041, 0x0041, 0x0041, 0x0041, 0x0041, 0x0041, 0x0041, 0x0041, 0x0041, 0x0041,
	0x0041, 0x0041, 0x0041, 0x0041, 0x0041, 0x0041, 0x0041, 0x0041, 0x0041, 0x0041, 0x0041, 0x0041,
	0x0041, 0x0041, 0x0041, 0x0041, 0x0041, 0x0041, 0x0041, 0x0041, 0x0041, 0x0041, 0x0041, 0x0041,
	0x0041, 0x0041, 0x0041, 0x0041, 0x0041, 0x0041, 0x0041, 0x0041, 0x0041, 0x0041, 0x0041, 0x0041,
	0x0041, 0x0041, 0x0041, 0x0041, 0x0041, 0x0041, 0x0041, 0x0041, 0x0041, 0x0041, 0x0041, 0x0041,
	0x0041, 0x0041, 0x0041, 0x0041, 0x0041, 0x0041, 0x0041, 0x52EB, 0x52EB, 0x0041, 0x0041, 0x0041,
	0x0041, 0x0041, 0x0041, 0x0041, 0x0041, 0x0041, 0x0041, 0x0041, 0x0041, 0x0041, 0x0041, 0x0041,
	0x0041, 0x0041, 0x0041, 0x0041, 0x0041, 0x0041, 0x0041, 0x0041, 0x0041, 0x0041, 0x0041, 0x0041,
	0x0041, 0x0041, 0x0041, 0x0041, 0x0041, 0x0041, 0x0041, 0x0041, 0x0041, 0x0041, 0x0041, 0x0041,
	0x0041, 0x0041, 0x0041, 0x0041, 0x0041, 0x0041, 0x0041, 0x0041, 0x0041, 0x0041, 0x0041, 0x0041,
	0x0041, 0x0041, 0x0041, 0x0041, 0x0041, 0x0041, 0x0041, 0x0041, 0x0041, 0x0041, 0x0041, 0x0041,
	0x0041, 0x0041, 0x0041, 0x0041, 0x0041, 0x0041, 0x0041, 0x0041, 0x0041, 0x0041, 0x0041, 0x0041,
	0x0041, 0x0041, 0x0041, 0x0041, 0x0041, 0x0041, 0x0041, 0x0041, 0x0041, 0x0041, 0x0041, 0x0041,
	0x0041, 0x0041, 0x0041, 0x0041, 0x0041, 0x0041, 0x0041, 0x0041, 0x0041, 0x0041, 0x0041, 0x0041,
	0x0041, 0x0041, 0x0041, 0x0041, 0x0041, 0x0041, 0x0041, 0x0041, 0x0041, 0x0041, 0x0041, 0x0041,
	0x0041, 0x0041, 0x0041, 0x0041, 0x0041, 0x0041, 0x0041, 0x0041, 0x0041, 0x0041, 0x0041, 0x0041,
	0x0041, 0x0041, 0x0041, 0x0041, 0x0041, 0x0041, 0x0041, 0x0041, 0x0041, 0x0041, 0x0041, 0x0041,
	0x0041, 0x0041, 0x0041, 0x0041, 0x0041, 0x0041, 0x0041, 0x0041, 0x0041, 0x0041, 0x0041, 0x0041,
	0x0041, 0x0041, 0x0041, 0x0041, 0x0041, 0x0041, 0x0041, 0x0041, 0x0041, 0x0041, 0x0041, 0x0041,
	0x0041, 0x0041, 0x0041, 0x0041, 0x0041, 0x0041, 0x0041, 0x0041, 0x0041, 0x0041, 0x0041, 0x0041,
	0x0041, 0x0041, 0x0041, 0x0041, 0x0041, 0x0041, 0x0041, 0x0041, 0x0041, 0x0041, 0x0041, 0x0041,
	0x0041, 0x0041, 0x0041, 0x0041, 0x0041, 0x0041, 0x0041, 0x0041, 0x0041, 0x0041, 0x0041, 0x0041,
	0x0041, 0x0041, 0x0041, 0x0041, 0x0041, 0x0041, 0x0041, 0x0041, 0x0041, 0x0041, 0x0041, 0x0041,
	0x0041, 0x0041, 0x0041, 0x0041, 0x0041, 0x0041, 0x0041, 0x0041, 0x0041, 0x0041, 0x0041, 0x0041,
	0x0041, 0x0041, 0x0041, 0x0041, 0x0041, 0x0041, 0x0041, 0x0041, 0x0041, 0x0041, 0x0041, 0x0041,
	0x0041, 0x0041, 0x0041, 0x0041, 0x0041, 0x52EB, 0x52EB, 0x0041, 0x0041, 0x0041, 0x0041, 0x0041,
	0x0041, 0x0041, 0x0041, 0x0041, 0x0041, 0x0041, 0x0041, 0x0041, 0x0041, 0x0041, 0x0041, 0x0041,
	0x0041, 0x0041, 0x0041, 0x0041, 0x0041, 0x0041, 0x0041, 0x0041, 0x0041, 0x0041, 0x0041, 0x0041,
	0x0041, 0x0041, 0x0041, 0x0041, 0x0041, 0x0041, 0x0041, 0x0041, 0x0041, 0x0041, 0x0041, 0x0041,
	0x0041, 0x0041, 0x0041, 0x0041, 0x0041, 0x0041, 0x0041, 0x0041, 0x0041, 0x0041, 0x0041, 0x0041,
	0x0041, 0x0041, 0x0041, 0x0041, 0x0041, 0x0041, 0x0041, 0x0041, 0x0041, 0x0041, 0x0041, 0x0041,
	0x0041, 0x0041, 0x0041, 0x0041, 0x0041, 0x0041, 0x0041, 0x0041, 0x0041, 0x0041, 0x0041, 0x0041,
	0x0041, 0x0041, 0x0041, 0x0041, 0x0041, 0x0041, 0x0041, 0x0041, 0x0041, 0x0041, 0x0041, 0x0041,
	0x0041, 0x0041, 0x0041, 0x0041, 0x0041, 0x0041, 0x0041, 0x0041, 0x0041, 0x0041, 0x0041, 0x0041,
	0x0041, 0x0041, 0x0041, 0x0041, 0x0041, 0x0041, 0x0041, 0x0041, 0x0041, 0x0041, 0x0041, 0x0041,
	0x0041, 0x0041, 0x0041, 0x0041, 0x0041, 0x0041, 0x0041, 0x0041, 0x0041, 0x0041, 0x0041, 0x0041,
	0x0041, 0x0041, 0x0041, 0x0041, 0x0041, 0x0041, 0x0041, 0x0041, 0x0041, 0x0041, 0x0041, 0x0041,
	0x0041, 0x0041, 0x0041, 0x0041, 0x0041, 0x0041, 0x0041, 0x0041, 0x0041, 0x0041, 0x0041, 0x0041,
	0x0041, 0x0041, 0x0041, 0x0041, 0x0041, 0x0041, 0x0041, 0x0041, 0x0041, 0x0041, 0x0041, 0x0041,
	0x0041, 0x0041, 0x0041, 0x0041, 0x0041, 0x0041, 0x0041, 0x0041, 0x0041, 0x0041, 0x0041, 0x0041,
	0x0041, 0x0041, 0x0041, 0x0041, 0x0041, 0x0041, 0x0041, 0x0041, 0x0041, 0x0041, 0x0041, 0x0041,
	0x0041, 0x0041, 0x0041, 0x0041, 0x0041, 0x0041, 0x0041, 0x0041, 0x0041, 0x0041, 0x0041, 0x0041,
	0x0041, 0x0041, 0x0041, 0x0041, 0x0041, 0x0041, 0x0041, 0x0041, 0x0041, 0x0041, 0x0041, 0x0041,
	0x0041, 0x0041, 0x0041, 0x0041, 0x0041, 0x0041, 0x0041, 0x0041, 0x0041, 0x0041, 0x0041, 0x0041,
	0x0041, 0x0041, 0x0041, 0x0041, 0x0041, 0x0041, 0x0041, 0x0041, 0x0041, 0x0041, 0x0041, 0x0041,
	0x0041, 0x0041, 0x0041, 0x52EB, 0x52EB, 0x0041, 0x0041, 0x0041, 0x0041, 0x0041, 0x0041, 0x0041,
	0x0041, 0x0041, 0x0041, 0x0041, 0x0041, 0x0041, 0x0041, 0x0041, 0x0041, 0x0041, 0x0041, 0x0041,
	0x0041, 0x0041, 0x0041, 0x0041, 0x0041, 0x0041, 0x0041, 0x0041, 0x0041, 0x0041, 0x0041, 0x0041,
	0x0041, 0x0041, 0x0041, 0x0041, 0x0041, 0x0041, 0x0041, 0x0041, 0x0041, 0x0041, 0x0041, 0x0041,
	0x0041, 0x0041, 0x0041, 0x0041, 0x0041, 0x0041, 0x0041, 0x0041, 0x0041, 0x0041, 0x0041, 0x0041,
	0x0041, 0x0041, 0x0041, 0x0041, 0x0041, 0x0041, 0x0041, 0x0041, 0x0041, 0x0041, 0x0041, 0x0041,
	0x0041, 0x0041, 0x0041, 0x0041, 0x0041, 0x0041, 0x0041, 0x0041, 0x0041, 0x0041, 0x0041, 0x0041,
	0x0041, 0x0041, 0x0041, 0x0041, 0x0041, 0x0041, 0x0041, 0x0041, 0x0041, 0x0041, 0x0041, 0x0041,
	0x0041, 0x0041, 0x0041, 0x0041, 0x0041, 0x0041, 0x0041, 0x0041, 0x0041, 0x0041, 0x0041, 0x0041,
	0x0041, 0x0041, 0x0041, 0x0041, 0x0041, 0x0041, 0x0041, 0x0041, 0x0041, 0x0041, 0x0041, 0x0041,
	0x0041, 0x0041, 0x0041, 0x0041, 0x0041, 0x0041, 0x0041, 0x0041, 0x0041, 0x0041, 0x0041, 0x0041,
	0x0041, 0x0041, 0x0041, 0x0041, 0x0041, 0x0041, 0x0041, 0x0041, 0x0041, 0x0041, 0x0041, 0x0041,
	0x0041, 0x0041, 0x0041, 0x0041, 0x0041, 0x0041, 0x0041, 0x0041, 0x0041, 0x0041, 0x0041, 0x0041,
	0x0041, 0x0041, 0x0041, 0x0041, 0x0041, 0x0041, 0x0041, 0x0041, 0x0041, 0x0041, 0x0041, 0x0041,
	0x0041, 0x0041, 0x0041, 0x0041, 0x0041, 0x0041, 0x0041, 0x0041, 0x0041, 0x0041, 0x0041, 0x0041,
	0x0041, 0x0041, 0x0041, 0x0041, 0x0041, 0x0041, 0x0041, 0x0041, 0x0041, 0x0041, 0x0041, 0x0041,
	0x0041, 0x0041, 0x0041, 0x0041, 0x0041, 0x0041, 0x0041, 0x0041, 0x0041, 0x0041, 0x0041, 0x0041,
	0x0041, 0x0041, 0x0041, 0x0041, 0x0041, 0x0041, 0x0041, 0x0041, 0x0041, 0x0041, 0x0041, 0x0041,
	0x0041, 0x0041, 0x0041, 0x0041, 0x0041, 0x0041, 0x0041, 0x0041, 0x0041, 0x0041, 0x0041, 0x0041,
	0x0041, 0x0041, 0x0041, 0x0041, 0x0041, 0x0041, 0x0041, 0x0041, 0x0041, 0x0041, 0x0041, 0x0041,
	0x0041, 0x52EB, 0x52EB, 0x0041, 0x0041, 0x0041, 0x0041, 0x0041, 0x0041, 0x0041, 0x0041, 0x0041,
	0x0041, 0x0041, 0x0041, 0x0041, 0x0041, 0x0041, 0x0041, 0x0041, 0x0041, 0x0041, 0x0041, 0x0041,
	0x0041, 0x0041, 0x0041, 0x0041, 0x0041, 0x0041, 0x0041, 0x0041, 0x0041, 0x0041, 0x0041, 0x0041,
	0x0041, 0x0041, 0x0041, 0x0041, 0x0041, 0x0041, 0x0041, 0x0041, 0x0041, 0x0041, 0x0041, 0x0041,
	0x0041, 0x0041, 0x0041, 0x0041, 0x0041, 0x0041, 0x0041, 0x0041, 0x0041, 0x0041, 0x0041, 0x0041,
	0x0041, 0x0041, 0x0041, 0x0041, 0x0041, 0x0041, 0x0041, 0x0041, 0x0041, 0x0041, 0x0041, 0x0041,
	0x0041, 0x0041, 0x0041, 0x0041, 0x0041, 0x0041, 0x0041, 0x0041, 0x0041, 0x0041, 0x0041, 0x0041,
	0x0041, 0x0041, 0x0041, 0x0041, 0x0041, 0x0041, 0x0041, 0x0041, 0x0041, 0x0041, 0x0041, 0x0041,
	0x0041, 0x0041, 0x0041, 0x0041, 0x0041, 0x0041, 0x0041, 0x0041, 0x0041, 0x0041, 0x0041, 0x0041,
	0x0041, 0x0041, 0x0041, 0x0041, 0x0041, 0x0041, 0x0041, 0x0041, 0x0041, 0x0041, 0x0041, 0x0041,
	0x0041, 0x0041, 0x0041, 0x0041, 0x0041, 0x0041, 0x0041, 0x0041, 0x0041, 0x0041, 0x0041, 0x0041,
	0x0041, 0x0041, 0x0041, 0x0041, 0x0041, 0x0041, 0x0041, 0x0041, 0x0041, 0x0041, 0x0041, 0x0041,
	0x0041, 0x0041, 0x0041, 0x0041, 0x0041, 0x0041, 0x0041, 0x0041, 0x0041, 0x0041, 0x0041, 0x0041,
	0x0041, 0x0041, 0x0041, 0x0041, 0x0041, 0x0041, 0x0041, 0x0041, 0x0041, 0x0041, 0x0041, 0x0041,
	0x0041, 0x0041, 0x0041, 0x0041, 0x0041, 0x0041, 0x0041, 0x0041, 0x0041, 0x0041, 0x0041, 0x0041,
	0x0041, 0x0041, 0x0041, 0x0041, 0x0041, 0x0041, 0x0041, 0x0041, 0x0041, 0x0041, 0x0041, 0x0041,
	0x0041, 0x0041, 0x0041, 0x0041, 0x0041, 0x0041, 0x0041, 0x0041, 0x0041, 0x0041, 0x0041, 0x0041,
	0x0041, 0x0041, 0x0041, 0x0041, 0x0041, 0x0041, 0x0041, 0x0041, 0x0041, 0x0041, 0x0041, 0x0041,
	0x0041, 0x0041, 0x0041, 0x0041, 0x0041, 0x0041, 0x0041, 0x0041, 0x0041, 0x0041, 0x0041, 0x0041,
	0x0041, 0x0041, 0x0041, 0x0041, 0x0041, 0x0041, 0x0041, 0x0041, 0x0041, 0x0041, 0x0041, 0x52EB,
	0x52EB, 0x0041, 0x0041, 0x0041, 0x0041, 0x0041, 0x0041, 0x0041, 0x0041, 0x0041, 0x0041, 0x0041,
	0x0041, 0x0041, 0x0041, 0x0041, 0x0041, 0x0041, 0x0041, 0x0041, 0x0041, 0x0041, 0x0041, 0x0041,
	0x0041, 0x0041, 0x0041, 0x0041, 0x0041, 0x0041, 0x0041, 0x0041, 0x0041, 0x0041, 0x0041, 0x0041,
	0x0041, 0x0041, 0x0041, 0x0041, 0x0041, 0x0041, 0x0041, 0x0041, 0x0041, 0x0041, 0x0041, 0x0041,
	0x0041, 0x0041, 0x0041, 0x0041, 0x0041, 0x0041, 0x0041, 0x0041, 0x0041, 0x0041, 0x0041, 0x0041,
	0x0041, 0x0041, 0x0041, 0x0041, 0x0041, 0x0041, 0x0041, 0x0041, 0x0041, 0x0041, 0x0041, 0x0041,
	0x0041, 0x0041, 0x0041, 0x0041, 0x0041, 0x0041, 0x0041, 0x0041, 0x0041, 0x0041, 0x0041, 0x0041,
	0x0041, 0x0041, 0x0041, 0x0041, 0x0041, 0x0041, 0x0041, 0x0041, 0x0041, 0x0041, 0x0041, 0x0041,
	0x0041, 0x0041, 0x0041, 0x0041, 0x0041, 0x0041, 0x0041, 0x0041, 0x0041, 0x0041, 0x0041, 0x0041,
	0x0041, 0x0041, 0x0041, 0x0041, 0x0041, 0x0041, 0x0041, 0x0041, 0x0041, 0x0041, 0x0041, 0x0041,
	0x0041, 0x0041, 0x0041, 0x0041, 0x0041, 0x0041, 0x0041, 0x0041, 0x0041, 0x0041, 0x0041, 0x0041,
	0x0041, 0x0041, 0x0041, 0x0041, 0x0041, 0x0041, 0x0041, 0x0041, 0x0041, 0x0041, 0x0041, 0x0041,
	0x0041, 0x0041, 0x0041, 0x0041, 0x0041, 0x0041, 0x0041, 0x0041, 0x0041, 0x0041, 0x0041, 0x0041,
	0x0041, 0x0041, 0x0041, 0x0041, 0x0041, 0x0041, 0x0041, 0x0041, 0x0041, 0x0041, 0x0041, 0x0041,
	0x0041, 0x0041, 0x0041, 0x0041, 0x0041, 0x0041, 0x0041, 0x0041, 0x0041, 0x0041, 0x0041, 0x0041,
	0x0041, 0x0041, 0x0041, 0x0041, 0x0041, 0x0041, 0x0041, 0x0041, 0x0041, 0x0041, 0x0041, 0x0041,
	0x0041, 0x0041, 0x0041, 0x0041, 0x0041, 0x0041, 0x0041, 0x0041, 0x0041, 0x0041, 0x0041, 0x0041,
	0x0041, 0x0041, 0x0041, 0x0041, 0x0041, 0x0041, 0x0041, 0x0041, 0x0041, 0x0041, 0x0041, 0x0041,
	0x0041, 0x0041, 0x0041, 0x0041, 0x0041, 0x0041, 0x0041, 0x0041, 0x0041, 0x0041, 0x0041, 0x0041,
	0x0041, 0x0041, 0x0041, 0x0041, 0x0041, 0x0041, 0x0041, 0x0041, 0x0041, 0x52EB, 0x52EB, 0x0041,
	0x0041, 0x0041, 0x0041, 0x0041, 0x0041, 0x0041, 0x0041, 0x0041, 0x0041, 0x0041, 0x0041, 0x0041,
	0x0041, 0x0041, 0x0041, 0x0041, 0x0041, 0x0041, 0x0041, 0x0041, 0x0041, 0x0041, 0x0041, 0x0041,
	0x0041, 0x0041, 0x0041, 0x0041, 0x0041, 0x0041, 0x0041, 0x0041, 0x0041, 0x0041, 0x0041, 0x0041,
	0x0041, 0x0041, 0x0041, 0x0041, 0x0041, 0x0041, 0x0041, 0x0041, 0x0041, 0x0041, 0x0041, 0x0041,
	0x0041, 0x0041, 0x0041, 0x0041, 0x0041, 0x0041, 0x0041, 0x0041, 0x0041, 0x0041, 0x0041, 0x0041,
	0x0041, 0x0041, 0x0041, 0x0041, 0x0041, 0x0041, 0x0041, 0x0041, 0x0041, 0x0041, 0x0041, 0x0041,
	0x0041, 0x0041, 0x0041, 0x0041, 0x0041, 0x0041, 0x0041, 0x0041, 0x0041, 0x0041, 0x0041, 0x0041,
	0x0041, 0x0041, 0x0041, 0x0041, 0x0041, 0x0041, 0x0041, 0x0041, 0x0041, 0x0041, 0x0041, 0x0041,
	0x0041, 0x0041, 0x0041, 0x0041, 0x0041, 0x0041, 0x0041, 0x0041, 0x0041, 0x0041, 0x0041, 0x0041,
	0x0041, 0x0041, 0x0041, 0x0041, 0x0041, 0x0041, 0x0041, 0x0041, 0x0041, 0x0041, 0x0041, 0x0041,
	0x0041, 0x0041, 0x0041, 0x0041, 0x0041, 0x0041, 0x0041, 0x0041, 0x0041, 0x0041, 0x0041, 0x0041,
	0x0041, 0x0041, 0x0041, 0x0041, 0x0041, 0x0041, 0x0041, 0x0041, 0x0041, 0x0041, 0x0041, 0x0041,
	0x0041, 0x0041, 0x0041, 0x0041, 0x0041, 0x0041, 0x0041, 0x0041, 0x0041, 0x0041, 0x0041, 0x0041,
	0x0041, 0x0041, 0x0041, 0x0041, 0x0041, 0x0041, 0x0041, 0x0041, 0x0041, 0x0041, 0x0041, 0x0041,
	0x0041, 0x0041, 0x0041, 0x0041, 0x0041, 0x0041, 0x0041, 0x0041, 0x0041, 0x0041, 0x0041, 0x0041,
	0x0041, 0x0041, 0x0041, 0x0041, 0x0041, 0x0041, 0x0041, 0x0041, 0x0041, 0x0041, 0x0041, 0x0041,
	0x0041, 0x0041, 0x0041, 0x0041, 0x0041, 0x0041, 0x0041, 0x0041, 0x0041, 0x0041, 0x0041, 0x0041,
	0x0041, 0x0041, 0x0041, 0x0041, 0x0041, 0x0041, 0x0041, 0x0041, 0x0041, 0x0041, 0x0041, 0x0041,
	0x0041, 0x0041, 0x0041, 0x0041, 0x0041, 0x0041, 0x0041, 0x0041, 0x0041, 0x0041, 0x0041, 0x0041,
	0x0041, 0x0041, 0x0041, 0x0041, 0x0041, 0x0041, 0x0041, 0x52EB, 0x52EB, 0x0041, 0x0041, 0x0041,
	0x0041, 0x0041, 0x0041, 0x0041, 0x0041, 0x0041, 0x0041, 0x0041, 0x0041, 0x0041, 0x0041, 0x0041,
	0x0041, 0x0041, 0x0041, 0x0041, 0x0041, 0x0041, 0x0041, 0x0041, 0x0041, 0x0041, 0x0041, 0x0041,
	0x0041, 0x0041, 0x0041, 0x0041, 0x0041, 0x0041, 0x0041, 0x0041, 0x0041, 0x0041, 0x0041, 0x0041,
	0x0041, 0x0041, 0x0041, 0x0041, 0x0041, 0x0041, 0x0041, 0x0041, 0x0041, 0x0041, 0x0041, 0x0041,
	0x0041, 0x0041, 0x0041, 0x0041, 0x0041, 0x0041, 0x0041, 0x0041, 0x0041, 0x0041, 0x0041, 0x0041,
	0x0041, 0x0041, 0x0041, 0x0041, 0x0041, 0x0041, 0x0041, 0x0041, 0x0041, 0x0041, 0x0041, 0x0041,
	0x0041, 0x0041, 0x0041, 0x0041, 0x0041, 0x0041, 0x0041, 0x0041, 0x0041, 0x0041, 0x0041, 0x0041,
	0x0041, 0x0041, 0x0041, 0x0041, 0x0041, 0x0041, 0x0041, 0x0041, 0x0041, 0x0041, 0x0041, 0x0041,
	0x0041, 0x0041, 0x0041, 0x0041, 0x0041, 0x0041, 0x0041, 0x0041, 0x0041, 0x0041, 0x0041, 0x0041,
	0x0041, 0x0041, 0x0041, 0x0041, 0x0041, 0x0041, 0x0041, 0x0041, 0x0041, 0x0041, 0x0041, 0x0041,
	0x0041, 0x0041, 0x0041, 0x0041, 0x0041, 0x0041, 0x0041, 0x0041, 0x0041, 0x0041, 0x0041, 0x0041,
	0x0041, 0x0041, 0x0041, 0x0041, 0x0041, 0x0041, 0x0041, 0x0041, 0x0041, 0x0041, 0x0041, 0x0041,
	0x0041, 0x0041, 0x0041, 0x0041, 0x0041, 0x0041, 0x0041, 0x0041, 0x0041, 0x0041, 0x0041, 0x0041,
	0x0041, 0x0041, 0x0041, 0x0041, 0x0041, 0x0041, 0x0041, 0x0041, 0x0041, 0x0041, 0x0041, 0x0041,
	0x0041, 0x0041, 0x0041, 0x0041, 0x0041, 0x0041, 0x0041, 0x0041, 0x0041, 0x0041, 0x0041, 0x0041,
	0x0041, 0x0041, 0x0041, 0x0041, 0x0041, 0x0041, 0x0041, 0x0041, 0x0041, 0x0041, 0x0041, 0x0041,
	0x0041, 0x0041, 0x0041, 0x0041, 0x0041, 0x0041, 0x0041, 0x0041, 0x0041, 0x0041, 0x0041, 0x0041,
	0x0041, 0x0041, 0x0041, 0x0041, 0x0041, 0x0041, 0x0041, 0x0041, 0x0041, 0x0041, 0x0041, 0x0041,
	0x0041, 0x0041, 0x0041, 0x0041, 0x0041, 0x0041, 0x0041, 0x0041, 0x0041, 0x0041, 0x0041, 0x0041,
	0x0041, 0x0041, 0x0041, 0x0041, 0x0041, 0x52EB, 0x52EB, 0x0041, 0x0041, 0x0041, 0x0041, 0x0041,
	0x0041, 0x0041, 0x0041, 0x0041, 0x0041, 0x0041, 0x0041, 0x0041, 0x0041, 0x0041, 0x0041, 0x0041,
	0x0041, 0x0041, 0x0041, 0x0041, 0x0041, 0x0041, 0x0041, 0x0041, 0x0041, 0x0041, 0x0041, 0x0041,
	0x0041, 0x0041, 0x0041, 0x0041, 0x0041, 0x0041, 0x0041, 0x0041, 0x0041, 0x0041, 0x0041, 0x0041,
	0x0041, 0x0041, 0x0041, 0x0041, 0x0041, 0x0041, 0x0041, 0x0041, 0x0041, 0x0041, 0x0041, 0x0041,
	0x0041, 0x0041, 0x0041, 0x0041, 0x0041, 0x0041, 0x0041, 0x0041, 0x0041, 0x0041, 0x0041, 0x0041,
	0x0041, 0x0041, 0x0041, 0x0041, 0x0041, 0x0041, 0x0041, 0x0041, 0x0041, 0x0041, 0x0041, 0x0041,
	0x0041, 0x0041, 0x0041, 0x0041, 0x0041, 0x0041, 0x0041, 0x0041, 0x0041, 0x0041, 0x0041, 0x0041,
	0x0041, 0x0041, 0x0041, 0x0041, 0x0041, 0x0041, 0x0041, 0x0041, 0x0041, 0x0041, 0x0041, 0x0041,
	0x0041, 0x0041, 0x0041, 0x0041, 0x0041, 0x0041, 0x0041, 0x0041, 0x0041, 0x0041, 0x0041, 0x0041,
	0x0041, 0x0041, 0x0041, 0x0041, 0x0041, 0x0041, 0x0041, 0x0041, 0x0041, 0x0041, 0x0041, 0x0041,
	0x0041, 0x0041, 0x0041, 0x0041, 0x0041, 0x0041, 0x0041, 0x0041, 0x0041, 0x0041, 0x0041, 0x0041,
	0x0041, 0x0041, 0x0041, 0x0041, 0x0041, 0x0041, 0x0041, 0x0041, 0x0041, 0x0041, 0x0041, 0x0041,
	0x0041, 0x0041, 0x0041, 0x0041, 0x0041, 0x0041, 0x0041, 0x0041, 0x0041, 0x0041, 0x0041, 0x0041,
	0x0041, 0x0041, 0x0041, 0x0041, 0x0041, 0x0041, 0x0041, 0x0041, 0x0041, 0x0041, 0x0041, 0x0041,
	0x0041, 0x0041, 0x0041, 0x0041, 0x0041, 0x0041, 0x0041, 0x0041, 0x0041, 0x0041, 0x0041, 0x0041,
	0x0041, 0x0041, 0x0041, 0x0041, 0x0041, 0x0041, 0x0041, 0x0041, 0x0041, 0x0041, 0x0041, 0x0041,
	0x0041, 0x0041, 0x0041, 0x0041, 0x0041, 0x0041, 0x0041, 0x0041, 0x0041, 0x0041, 0x0041, 0x0041,
	0x0041, 0x0041, 0x0041, 0x0041, 0x0041, 0x0041, 0x0041, 0x0041, 0x0041, 0x0041, 0x0041, 0x0041,
	0x0041, 0x0041, 0x0041, 0x0041, 0x0041, 0x0041, 0x0041, 0x0041, 0x0041, 0x0041, 0x0041, 0x0041,
	0x0041, 0x0041, 0x0041, 0x52EB, 0x52EB, 0x0041, 0x0041, 0x0041, 0x0041, 0x0041, 0x0041, 0x0041,
	0x0041, 0x0041, 0x0041, 0x0041, 0x0041, 0x0041, 0x0041, 0x0041, 0x0041, 0x0041, 0x0041, 0x0041,
	0x0041, 0x0041, 0x0041, 0x0041, 0x0041, 0x0041, 0x0041, 0x0041, 0x0041, 0x0041, 0x0041, 0x0041,
	0x0041, 0x0041, 0x0041, 0x0041, 0x0041, 0x0041, 0x0041, 0x0041, 0x0041, 0x0041, 0x0041, 0x0041,
	0x0041, 0x0041, 0x0041, 0x0041, 0x0041, 0x0041, 0x0041, 0x0041, 0x0041, 0x0041, 0x0041, 0x0041,
	0x0041, 0x0041, 0x0041, 0x0041, 0x0041, 0x0041, 0x0041, 0x0041, 0x0041, 0x0041, 0x0041, 0x0041,
	0x0041, 0x0041, 0x0041, 0x0041, 0x0041, 0x0041, 0x0041, 0x0041, 0x0041, 0x0041, 0x0041, 0x0041,
	0x0041, 0x0041, 0x0041, 0x0041, 0x0041, 0x0041, 0x0041, 0x0041, 0x0041, 0x0041, 0x0041, 0x0041,
	0x0041, 0x0041, 0x0041, 0x0041, 0x0041, 0x0041, 0x0041, 0x0041, 0x0041, 0x0041, 0x0041, 0x0041,
	0x0041, 0x0041, 0x0041, 0x0041, 0x0041, 0x0041, 0x0041, 0x0041, 0x0041, 0x0041, 0x0041, 0x0041,
	0x0041, 0x0041, 0x0041, 0x0041, 0x0041, 0x0041, 0x0041, 0x0041, 0x0041, 0x0041, 0x0041, 0x0041,
	0x0041, 0x0041, 0x0041, 0x0041, 0x0041, 0x0041, 0x0041, 0x0041, 0x0041, 0x0041, 0x0041, 0x0041,
	0x0041, 0x0041, 0x0041, 0x0041, 0x0041, 0x0041, 0x0041, 0x0041, 0x0041, 0x0041, 0x0041, 0x0041,
	0x0041, 0x0041, 0x0041, 0x0041, 0x0041, 0x0041, 0x0041, 0x0041, 0x0041, 0x0041, 0x0041, 0x0041,
	0x0041, 0x0041, 0x0041, 0x0041, 0x0041, 0x0041, 0x0041, 0x0041, 0x0041, 0x0041, 0x0041, 0x0041,
	0x0041, 0x0041, 0x0041, 0x0041, 0x0041, 0x0041, 0x0041, 0x0041, 0x0041, 0x0041, 0x0041, 0x0041,
	0x0041, 0x0041, 0x0041, 0x0041, 0x0041, 0x0041, 0x0041, 0x0041, 0x0041, 0x0041, 0x0041, 0x0041,
	0x0041, 0x0041, 0x0041, 0x0041, 0x0041, 0x0041, 0x0041, 0x0041, 0x0041, 0x0041, 0x0041, 0x0041,
	0x0041, 0x0041, 0x0041, 0x0041, 0x0041, 0x0041, 0x0041, 0x0041, 0x0041, 0x0041, 0x0041, 0x0041,
	0x0041, 0x0041, 0x0041, 0x0041, 0x0041, 0x0041, 0x0041, 0x0041, 0x0041, 0x0041, 0x0041, 0x0041,
	0x0041, 0x52EB, 0x52EB, 0x0041, 0x0041, 0x0041, 0x0041, 0x0041, 0x0041, 0x0041, 0x0041, 0x0041,
	0x0041, 0x0041, 0x0041, 0x0041, 0x0041, 0x0041, 0x0041, 0x0041, 0x0041, 0x0041, 0x0041, 0x0041,
	0x0041, 0x0041, 0x0041, 0x0041, 0x0041, 0x0041, 0x0041, 0x0041, 0x0041, 0x0041, 0x0041, 0x0041,
	0x0041, 0x0041, 0x0041, 0x0041, 0x0041, 0x0041, 0x0041, 0x0041, 0x0041, 0x0041, 0x0041, 0x0041,
	0x0041, 0x0041, 0x0041, 0x0041, 0x0041, 0x0041, 0x0041, 0x0041, 0x0041, 0x0041, 0x0041, 0x0041,
	0x0041, 0x0041, 0x0041, 0x0041, 0x0041, 0x0041, 0x0041, 0x0041, 0x0041, 0x0041, 0x0041, 0x0041,
	0x0041, 0x0041, 0x0041, 0x0041, 0x0041, 0x0041, 0x0041, 0x0041, 0x0041, 0x0041, 0x0041, 0x0041,
	0x0041, 0x0041, 0x0041, 0x0041, 0x0041, 0x0041, 0x0041, 0x0041, 0x0041, 0x0041, 0x0041, 0x0041,
	0x0041, 0x0041, 0x0041, 0x0041, 0x0041, 0x0041, 0x0041, 0x0041, 0x0041, 0x0041, 0x0041, 0x0041,
	0x0041, 0x0041, 0x0041, 0x0041, 0x0041, 0x0041, 0x0041, 0x0041, 0x0041, 0x0041, 0x0041, 0x0041,
	0x0041, 0x0041, 0x0041, 0x0041, 0x0041, 0x0041, 0x0041, 0x0041, 0x0041, 0x0041, 0x0041, 0x0041,
	0x0041, 0x0041, 0x0041, 0x0041, 0x0041, 0x0041, 0x0041, 0x0041, 0x0041, 0x0041, 0x0041, 0x0041,
	0x0041, 0x0041, 0x0041, 0x0041, 0x0041, 0x0041, 0x0041, 0x0041, 0x0041, 0x0041, 0x0041, 0x0041,
	0x0041, 0x0041, 0x0041, 0x0041, 0x0041, 0x0041, 0x0041, 0x0041, 0x0041, 0x0041, 0x0041, 0x0041,
	0x0041, 0x0041, 0x0041, 0x0041, 0x0041, 0x0041, 0x0041, 0x0041, 0x0041, 0x0041, 0x0041, 0x0041,
	0x0041, 0x0041, 0x0041, 0x0041, 0x0041, 0x0041, 0x0041, 0x0041, 0x0041, 0x0041, 0x0041, 0x0041,
	0x0041, 0x0041, 0x0041, 0x0041, 0x0041, 0x0041, 0x0041, 0x0041, 0x0041, 0x0041, 0x0041, 0x0041,
	0x0041, 0x0041, 0x0041, 0x0041, 0x0041, 0x0041, 0x0041, 0x0041, 0x0041, 0x0041, 0x0041, 0x0041,
	0x0041, 0x0041, 0x0041, 0x0041, 0x0041, 0x0041, 0x0041, 0x0041, 0x0041, 0x0041, 0x0041, 0x0041,
	0x0041, 0x0041, 0x0041, 0x0041, 0x0041, 0x0041, 0x0041, 0x0041, 0x0041, 0x0041, 0x0041, 0x52EB,
	0x52EB, 0x0041, 0x0041, 0x0041, 0x0041, 0x0041, 0x0041, 0x0041, 0x0041, 0x0041, 0x0041, 0x0041,
	0x0041, 0x0041, 0x0041, 0x0041, 0x0041, 0x0041, 0x0041, 0x0041, 0x0041, 0x0041, 0x0041, 0x0041,
	0x0041, 0x0041, 0x0041, 0x0041, 0x0041, 0x0041, 0x0041, 0x0041, 0x0041, 0x0041, 0x0041, 0x0041,
	0x0041, 0x0041, 0x0041, 0x0041, 0x0041, 0x0041, 0x0041, 0x0041, 0x0041, 0x0041, 0x0041, 0x0041,
	0x0041, 0x0041, 0x0041, 0x0041, 0x0041, 0x0041, 0x0041, 0x0041, 0x0041, 0x0041, 0x0041, 0x0041,
	0x0041, 0x0041, 0x0041, 0x0041, 0x0041, 0x0041, 0x0041, 0x0041, 0x0041, 0x0041, 0x0041, 0x0041,
	0x0041, 0x0041, 0x0041, 0x0041, 0x0041, 0x0041, 0x0041, 0x0041, 0x0041, 0x0041, 0x0041, 0x0041,
	0x0041, 0x0041, 0x0041, 0x0041, 0x0041, 0x0041, 0x0041, 0x0041, 0x0041, 0x0041, 0x0041, 0x0041,
	0x0041, 0x0041, 0x0041, 0x0041, 0x0041, 0x0041, 0x0041, 0x0041, 0x0041, 0x0041, 0x0041, 0x0041,
	0x0041, 0x0041, 0x0041, 0x0041, 0x0041, 0x0041, 0x0041, 0x0041, 0x0041, 0x0041, 0x0041, 0x0041,
	0x0041, 0x0041, 0x0041, 0x0041, 0x0041, 0x0041, 0x0041, 0x0041, 0x0041, 0x0041, 0x0041, 0x0041,
	0x0041, 0x0041, 0x0041, 0x0041, 0x0041, 0x0041, 0x0041, 0x0041, 0x0041, 0x0041, 0x0041, 0x0041,
	0x0041, 0x0041, 0x0041, 0x0041, 0x0041, 0x0041, 0x0041, 0x0041, 0x0041, 0x0041, 0x0041, 0x0041,
	0x0041, 0x0041, 0x0041, 0x0041, 0x0041, 0x0041, 0x0041, 0x0041, 0x0041, 0x0041, 0x0041, 0x0041,
	0x0041, 0x0041, 0x0041, 0x0041, 0x0041, 0x0041, 0x0041, 0x0041, 0x0041, 0x0041, 0x0041, 0x0041,
	0x0041, 0x0041, 0x0041, 0x0041, 0x0041, 0x0041, 0x0041, 0x0041, 0x0041, 0x0041, 0x0041, 0x0041,
	0x0041, 0x0041, 0x0041, 0x0041, 0x0041, 0x0041, 0x0041, 0x0041, 0x0041, 0x0041, 0x0041, 0x0041,
	0x0041, 0x0041, 0x0041, 0x0041, 0x0041, 0x0041, 0x0041, 0x0041, 0x0041, 0x0041, 0x0041, 0x0041,
	0x0041, 0x0041, 0x0041, 0x0041, 0x0041, 0x0041, 0x0041, 0x0041, 0x0041, 0x0041, 0x0041, 0x0041,
	0x0041, 0x0041, 0x0041, 0x0041, 0x0041, 0x0041, 0x0041, 0x0041, 0x0041, 0x52EB, 0x52EB, 0x0041,
	0x0041, 0x0041, 0x0041, 0x0041, 0x0041, 0x0041, 0x0041, 0x0041, 0x0041, 0x0041, 0x0041, 0x0041,
	0x0041, 0x0041, 0x0041, 0x0041, 0x0041, 0x0041, 0x0041, 0x0041, 0x0041, 0x0041, 0x0041, 0x0041,
	0x0041, 0x0041, 0x0041, 0x0041, 0x0041, 0x0041, 0x0041, 0x0041, 0x0041, 0x0041, 0x0041, 0x0041,
	0x0041, 0x0041, 0x0041, 0x0041, 0x0041, 0x0041, 0x0041, 0x0041, 0x0041, 0x0041, 0x0041, 0x0041,
	0x0041, 0x0041, 0x0041, 0x0041, 0x0041, 0x0041, 0x0041, 0x0041, 0x0041, 0x0041, 0x0041, 0x0041,
	0x0041, 0x0041, 0x0041, 0x0041, 0x0041, 0x0041, 0x0041, 0x0041, 0x0041, 0x0041, 0x0041, 0x0041,
	0x0041, 0x0041, 0x0041, 0x0041, 0x0041, 0x0041, 0x0041, 0x0041, 0x0041, 0x0041, 0x0041, 0x0041,
	0x0041, 0x0041, 0x0041, 0x0041, 0x0041, 0x0041, 0x0041, 0x0041, 0x0041, 0x0041, 0x0041, 0x0041,
	0x0041, 0x0041, 0x0041, 0x0041, 0x0041, 0x0041, 0x0041, 0x0041, 0x0041, 0x0041, 0x0041, 0x0041,
	0x0041, 0x0041, 0x0041, 0x0041, 0x0041, 0x0041, 0x0041, 0x0041, 0x0041, 0x0041, 0x0041, 0x0041,
	0x0041, 0x0041, 0x0041, 0x0041, 0x0041, 0x0041, 0x0041, 0x0041, 0x0041, 0x0041, 0x0041, 0x0041,
	0x0041, 0x0041, 0x0041, 0x0041, 0x0041, 0x0041, 0x0041, 0x0041, 0x0041, 0x0041, 0x0041, 0x0041,
	0x0041, 0x0041, 0x0041, 0x0041, 0x0041, 0x0041, 0x0041, 0x0041, 0x0041, 0x0041, 0x0041, 0x0041,
	0x0041, 0x0041, 0x0041, 0x0041, 0x0041, 0x0041, 0x0041, 0x0041, 0x0041, 0x0041, 0x0041, 0x0041,
	0x0041, 0x0041, 0x0041, 0x0041, 0x0041, 0x0041, 0x0041, 0x0041, 0x0041, 0x0041, 0x0041, 0x0041,
	0x0041, 0x0041, 0x0041, 0x0041, 0x0041, 0x0041, 0x0041, 0x0041, 0x0041, 0x0041, 0x0041, 0x0041,
	0x0041, 0x0041, 0x0041, 0x0041, 0x0041, 0x0041, 0x0041, 0x0041, 0x0041, 0x0041, 0x0041, 0x0041,
	0x0041, 0x0041, 0x0041, 0x0041, 0x0041, 0x0041, 0x0041, 0x0041, 0x0041, 0x0041, 0x0041, 0x0041,
	0x0041, 0x0041, 0x0041, 0x0041, 0x0041, 0x0041, 0x0041, 0x0041, 0x0041, 0x0041, 0x0041, 0x0041,
	0x0041, 0x0041, 0x0041, 0x0041, 0x0041, 0x0041, 0x0041, 0x52EB, 0x52EB, 0x0041, 0x0041, 0x0041,
	0x0041, 0x0041, 0x0041, 0x0041, 0x0041, 0x0041, 0x0041, 0x0041, 0x0041, 0x0041, 0x0041, 0x0041,
	0x0041, 0x0041, 0x0041, 0x0041, 0x0041, 0x0041, 0x0041, 0x0041, 0x0041, 0x0041, 0x0041, 0x0041,
	0x0041, 0x0041, 0x0041, 0x0041, 0x0041, 0x0041, 0x0041, 0x0041, 0x0041, 0x0041, 0x0041, 0x0041,
	0x0041, 0x0041, 0x0041, 0x0041, 0x0041, 0x0041, 0x0041, 0x0041, 0x0041, 0x0041, 0x0041, 0x0041,
	0x0041, 0x0041, 0x0041, 0x0041, 0x0041, 0x0041, 0x0041, 0x0041, 0x0041, 0x0041, 0x0041, 0x0041,
	0x0041, 0x0041, 0x0041, 0x0041, 0x0041, 0x0041, 0x0041, 0x0041, 0x0041, 0x0041, 0x0041, 0x0041,
	0x0041, 0x0041, 0x0041, 0x0041, 0x0041, 0x0041, 0x0041, 0x0041, 0x0041, 0x0041, 0x0041, 0x0041,
	0x0041, 0x0041, 0x0041, 0x0041, 0x0041, 0x0041, 0x0041, 0x0041, 0x0041, 0x0041, 0x0041, 0x0041,
	0x0041, 0x0041, 0x0041, 0x0041, 0x0041, 0x0041, 0x0041, 0x0041, 0x0041, 0x0041, 0x0041, 0x0041,
	0x0041, 0x0041, 0x0041, 0x0041, 0x0041, 0x0041, 0x0041, 0x0041, 0x0041, 0x0041, 0x0041, 0x0041,
	0x0041, 0x0041, 0x0041, 0x0041, 0x0041, 0x0041, 0x0041, 0x0041, 0x0041, 0x0041, 0x0041, 0x0041,
	0x0041, 0x0041, 0x0041, 0x0041, 0x0041, 0x0041, 0x0041, 0x0041, 0x0041, 0x0041, 0x0041, 0x0041,
	0x0041, 0x0041, 0x0041, 0x0041, 0x0041, 0x0041, 0x0041, 0x0041, 0x0041, 0x0041, 0x0041, 0x0041,
	0x0041, 0x0041, 0x0041, 0x0041, 0x0041, 0x0041, 0x0041, 0x0041, 0x0041, 0x0041, 0x0041, 0x0041,
	0x0041, 0x0041, 0x0041, 0x0041, 0x0041, 0x0041, 0x0041, 0x0041, 0x0041, 0x0041, 0x0041, 0x0041,
	0x0041, 0x0041, 0x0041, 0x0041, 0x0041, 0x0041, 0x0041, 0x0041, 0x0041, 0x0041, 0x0041, 0x0041,
	0x0041, 0x0041, 0x0041, 0x0041, 0x0041, 0x0041, 0x0041, 0x0041, 0x0041, 0x0041, 0x0041, 0x0041,
	0x0041, 0x0041, 0x0041, 0x0041, 0x0041, 0x0041, 0x0041, 0x0041, 0x0041, 0x0041, 0x0041, 0x0041,
	0x0041, 0x0041, 0x0041, 0x0041, 0x0041, 0x0041, 0x0041, 0x0041, 0x0041, 0x0041, 0x0041, 0x0041,
	0x0041, 0x0041, 0x0041, 0x0041, 0x0041, 0x52EB, 0x5AEB, 0x0041, 0x0041, 0x0041, 0x0041, 0x0041,
	0x0041, 0x0041, 0x0041, 0x0041, 0x0041, 0x0041, 0x0041, 0x0041, 0x0041, 0x0041, 0x0041, 0x0041,
	0x0041, 0x0041, 0x0041, 0x0041, 0x0041, 0x0041, 0x0041, 0x0041, 0x0041, 0x0041, 0x0041, 0x0041,
	0x0041, 0x0041, 0x0041, 0x0041, 0x0041, 0x0041, 0x0041, 0x0041, 0x0041, 0x0041, 0x0041, 0x0041,
	0x0041, 0x0041, 0x0041, 0x0041, 0x0041, 0x0041, 0x0041, 0x0041, 0x0041, 0x0041, 0x0041, 0x0041,
	0x0041, 0x0041, 0x0041, 0x0041, 0x0041, 0x0041, 0x0041, 0x0041, 0x0041, 0x0041, 0x0041, 0x0041,
	0x0041, 0x0041, 0x0041, 0x0041, 0x0041, 0x0041, 0x0041, 0x0041, 0x0041, 0x0041, 0x0041, 0x0041,
	0x0041, 0x0041, 0x0041, 0x0041, 0x0041, 0x0041, 0x0041, 0x0041, 0x0041, 0x0041, 0x0041, 0x0041,
	0x0041, 0x0041, 0x0041, 0x0041, 0x0041, 0x0041, 0x0041, 0x0041, 0x0041, 0x0041, 0x0041, 0x0041,
	0x0041, 0x0041, 0x0041, 0x0041, 0x0041, 0x0041, 0x0041, 0x0041, 0x0041, 0x0041, 0x0041, 0x0041,
	0x0041, 0x0041, 0x0041, 0x0041, 0x0041, 0x0041, 0x0041, 0x0041, 0x0041, 0x0041, 0x0041, 0x0041,
	0x0041, 0x0041, 0x0041, 0x0041, 0x0041, 0x0041, 0x0041, 0x0041, 0x0041, 0x0041, 0x0041, 0x0041,
	0x0041, 0x0041, 0x0041, 0x0041, 0x0041, 0x0041, 0x0041, 0x0041, 0x0041, 0x0041, 0x0041, 0x0041,
	0x0041, 0x0041, 0x0041, 0x0041, 0x0041, 0x0041, 0x0041, 0x0041, 0x0041, 0x0041, 0x0041, 0x0041,
	0x0041, 0x0041, 0x0041, 0x0041, 0x0041, 0x0041, 0x0041, 0x0041, 0x0041, 0x0041, 0x0041, 0x0041,
	0x0041, 0x0041, 0x0041, 0x0041, 0x0041, 0x0041, 0x0041, 0x0041, 0x0041, 0x0041, 0x0041, 0x0041,
	0x0041, 0x0041, 0x0041, 0x0041, 0x0041, 0x0041, 0x0041, 0x0041, 0x0041, 0x0041, 0x0041, 0x0041,
	0x0041, 0x0041, 0x0041, 0x0041, 0x0041, 0x0041, 0x0041, 0x0041, 0x0041, 0x0041, 0x0041, 0x0041,
	0x0041, 0x0041, 0x0041, 0x0041, 0x0041, 0x0041, 0x0041, 0x0041, 0x0041, 0x0041, 0x0041, 0x0041,
	0x0041, 0x0041, 0x0041, 0x0041, 0x0041, 0x0041, 0x0041, 0x0041, 0x0041, 0x0041, 0x0041, 0x0041,
	0x0041, 0x0041, 0x0041, 0x52EB, 0x52EB, 0x0041, 0x0041, 0x0041, 0x0041, 0x0041, 0x0041, 0x0041,
	0x0041, 0x0041, 0x0041, 0x0041, 0x0041, 0x0041, 0x0041, 0x0041, 0x0041, 0x0041, 0x0041, 0x0041,
	0x0041, 0x0041, 0x0041, 0x0041, 0x0041, 0x0041, 0x0041, 0x0041, 0x0041, 0x0041, 0x0041, 0x0041,
	0x0041, 0x0041, 0x0041, 0x0041, 0x0041, 0x0041, 0x0041, 0x0041, 0x0041, 0x0041, 0x0041, 0x0041,
	0x0041, 0x0041, 0x0041, 0x0041, 0x0041, 0x0041, 0x0041, 0x0041, 0x0041, 0x0041, 0x0041, 0x0041,
	0x0041, 0x0041, 0x0041, 0x0041, 0x0041, 0x0041, 0x0041, 0x0041, 0x0041, 0x0041, 0x0041, 0x0041,
	0x0041, 0x0041, 0x0041, 0x0041, 0x0041, 0x0041, 0x0041, 0x0041, 0x0041, 0x0041, 0x0041, 0x0041,
	0x0041, 0x0041, 0x0041, 0x0041, 0x0041, 0x0041, 0x0041, 0x0041, 0x0041, 0x0041, 0x0041, 0x0041,
	0x0041, 0x0041, 0x0041, 0x0041, 0x0041, 0x0041, 0x0041, 0x0041, 0x0041, 0x0041, 0x0041, 0x0041,
	0x0041, 0x0041, 0x0041, 0x0041, 0x0041, 0x0041, 0x0041, 0x0041, 0x0041, 0x0041, 0x0041, 0x0041,
	0x0041, 0x0041, 0x0041, 0x0041, 0x0041, 0x0041, 0x0041, 0x0041, 0x0041, 0x0041, 0x0041, 0x0041,
	0x0041, 0x0041, 0x0041, 0x0041, 0x0041, 0x0041, 0x0041, 0x0041, 0x0041, 0x0041, 0x0041, 0x0041,
	0x0041, 0x0041, 0x0041, 0x0041, 0x0041, 0x0041, 0x0041, 0x0041, 0x0041, 0x0041, 0x0041, 0x0041,
	0x0041, 0x0041, 0x0041, 0x0041, 0x0041, 0x0041, 0x0041, 0x0041, 0x0041, 0x0041, 0x0041, 0x0041,
	0x0041, 0x0041, 0x0041, 0x0041, 0x0041, 0x0041, 0x0041, 0x0041, 0x0041, 0x0041, 0x0041, 0x0041,
	0x0041, 0x0041, 0x0041, 0x0041, 0x0041, 0x0041, 0x0041, 0x0041, 0x0041, 0x0041, 0x0041, 0x0041,
	0x0041, 0x0041, 0x0041, 0x0041, 0x0041, 0x0041, 0x0041, 0x0041, 0x0041, 0x0041, 0x0041, 0x0041,
	0x0041, 0x0041, 0x0041, 0x0041, 0x0041, 0x0041, 0x0041, 0x0041, 0x0041, 0x0041, 0x0041, 0x0041,
	0x0041, 0x0041, 0x0041, 0x0041, 0x0041, 0x0041, 0x0041, 0x0041, 0x0041, 0x0041, 0x0041, 0x0041,
	0x0041, 0x0041, 0x0041, 0x0041, 0x0041, 0x0041, 0x0041, 0x0041, 0x0041, 0x0041, 0x0041, 0x0041,
	0x0041, 0x52EB, 0x52EB, 0x0041, 0x0041, 0x0041, 0x0041, 0x0041, 0x0041, 0x0041, 0x0041, 0x0041,
	0x0041, 0x0041, 0x0041, 0x0041, 0x0041, 0x0041, 0x0041, 0x0041, 0x0041, 0x0041, 0x0041, 0x0041,
	0x0041, 0x0041, 0x0041, 0x0041, 0x0041, 0x0041, 0x0041, 0x0041, 0x0041, 0x0041, 0x0041, 0x0041,
	0x0041, 0x0041, 0x0041, 0x0041, 0x0041, 0x0041, 0x0041, 0x0041, 0x0041, 0x0041, 0x0041, 0x0041,
	0x0041, 0x0041, 0x0041, 0x0041, 0x0041, 0x0041, 0x0041, 0x0041, 0x0041, 0x0041, 0x0041, 0x0041,
	0x0041, 0x0041, 0x0041, 0x0041, 0x0041, 0x0041, 0x0041, 0x0041, 0x0041, 0x0041, 0x0041, 0x0041,
	0x0041, 0x0041, 0x0041, 0x0041, 0x0041, 0x0041, 0x0041, 0x0041, 0x0041, 0x0041, 0x0041, 0x0041,
	0x0041, 0x0041, 0x0041, 0x0041, 0x0041, 0x0041, 0x0041, 0x0041, 0x0041, 0x0041, 0x0041, 0x0041,
	0x0041, 0x0041, 0x0041, 0x0041, 0x0041, 0x0041, 0x0041, 0x0041, 0x0041, 0x0041, 0x0041, 0x0041,
	0x0041, 0x0041, 0x0041, 0x0041, 0x0041, 0x0041, 0x0041, 0x0041, 0x0041, 0x0041, 0x0041, 0x0041,
	0x0041, 0x0041, 0x0041, 0x0041, 0x0041, 0x0041, 0x0041, 0x0041, 0x0041, 0x0041, 0x0041, 0x0041,
	0x0041, 0x0041, 0x0041, 0x0041, 0x0041, 0x0041, 0x0041, 0x0041, 0x0041, 0x0041, 0x0041, 0x0041,
	0x0041, 0x0041, 0x0041, 0x0041, 0x0041, 0x0041, 0x0041, 0x0041, 0x0041, 0x0041, 0x0041, 0x0041,
	0x0041, 0x0041, 0x0041, 0x0041, 0x0041, 0x0041, 0x0041, 0x0041, 0x0041, 0x0041, 0x0041, 0x0041,
	0x0041, 0x0041, 0x0041, 0x0041, 0x0041, 0x0041, 0x0041, 0x0041, 0x0041, 0x0041, 0x0041, 0x0041,
	0x0041, 0x0041, 0x0041, 0x0041, 0x0041, 0x0041, 0x0041, 0x0041, 0x0041, 0x0041, 0x0041, 0x0041,
	0x0041, 0x0041, 0x0041, 0x0041, 0x0041, 0x0041, 0x0041, 0x0041, 0x0041, 0x0041, 0x0041, 0x0041,
	0x0041, 0x0041, 0x0041, 0x0041, 0x0041, 0x0041, 0x0041, 0x0041, 0x0041, 0x0041, 0x0041, 0x0041,
	0x0041, 0x0041, 0x0041, 0x0041, 0x0041, 0x0041, 0x0041, 0x0041, 0x0041, 0x0041, 0x0041, 0x0041,
	0x0041, 0x0041, 0x0041, 0x0041, 0x0041, 0x0041, 0x0041, 0x0041, 0x0041, 0x0041, 0x0041, 0x52EB,
	0x52EB, 0x0041, 0x0041, 0x0041, 0x0041, 0x0041, 0x0041, 0x0041, 0x0041, 0x0041, 0x0041, 0x0041,
	0x0041, 0x0041, 0x0041, 0x0041, 0x0041, 0x0041, 0x0041, 0x0041, 0x0041, 0x0041, 0x0041, 0x0041,
	0x0041, 0x0041, 0x0041, 0x0041, 0x0041, 0x0041, 0x0041, 0x0041, 0x0041, 0x0041, 0x0041, 0x0041,
	0x0041, 0x0041, 0x0041, 0x0041, 0x0041, 0x0041, 0x0041, 0x0041, 0x0041, 0x0041, 0x0041, 0x0041,
	0x0041, 0x0041, 0x0041, 0x0041, 0x0041, 0x0041, 0x0041, 0x0041, 0x0041, 0x0041, 0x0041, 0x0041,
	0x0041, 0x0041, 0x0041, 0x0041, 0x0041, 0x0041, 0x0041, 0x0041, 0x0041, 0x0041, 0x0041, 0x0041,
	0x0041, 0x0041, 0x0041, 0x0041, 0x0041, 0x0041, 0x0041, 0x0041, 0x0041, 0x0041, 0x0041, 0x0041,
	0x0041, 0x0041, 0x0041, 0x0041, 0x0041, 0x0041, 0x0041, 0x0041, 0x0041, 0x0041, 0x0041, 0x0041,
	0x0041, 0x0041, 0x0041, 0x0041, 0x0041, 0x0041, 0x0041, 0x0041, 0x0041, 0x0041, 0x0041, 0x0041,
	0x0041, 0x0041, 0x0041, 0x0041, 0x0041, 0x0041, 0x0041, 0x0041, 0x0041, 0x0041, 0x0041, 0x0041,
	0x0041, 0x0041, 0x0041, 0x0041, 0x0041, 0x0041, 0x0041, 0x0041, 0x0041, 0x0041, 0x0041, 0x0041,
	0x0041, 0x0041, 0x0041, 0x0041, 0x0041, 0x0041, 0x0041, 0x0041, 0x0041, 0x0041, 0x0041, 0x0041,
	0x0041, 0x0041, 0x0041, 0x0041, 0x0041, 0x0041, 0x0041, 0x0041, 0x0041, 0x0041, 0x0041, 0x0041,
	0x0041, 0x0041, 0x0041, 0x0041, 0x0041, 0x0041, 0x0041, 0x0041, 0x0041, 0x0041, 0x0041, 0x0041,
	0x0041, 0x0041, 0x0041, 0x0041, 0x0041, 0x0041, 0x0041, 0x0041, 0x0041, 0x0041, 0x0041, 0x0041,
	0x0041, 0x0041, 0x0041, 0x0041, 0x0041, 0x0041, 0x0041, 0x0041, 0x0041, 0x0041, 0x0041, 0x0041,
	0x0041, 0x0041, 0x0041, 0x0041, 0x0041, 0x0041, 0x0041, 0x0041, 0x0041, 0x0041, 0x0041, 0x0041,
	0x0041, 0x0041, 0x0041, 0x0041, 0x0041, 0x0041, 0x0041, 0x0041, 0x0041, 0x0041, 0x0041, 0x0041,
	0x0041, 0x0041, 0x0041, 0x0041, 0x0041, 0x0041, 0x0041, 0x0041, 0x0041, 0x0041, 0x0041, 0x0041,
	0x0041, 0x0041, 0x0041, 0x0041, 0x0041, 0x0041, 0x0041, 0x0041, 0x0041, 0x5AEB, 0x52EB, 0x0041,
	0x0041, 0x0041, 0x0041, 0x0041, 0x0041, 0x0041, 0x0041, 0x0041, 0x0041, 0x0041, 0x0041, 0x0041,
	0x0041, 0x0041, 0x0041, 0x0041, 0x0041, 0x0041, 0x0041, 0x0041, 0x0041, 0x0041, 0x0041, 0x0041,
	0x0041, 0x0041, 0x0041, 0x0041, 0x0041, 0x0041, 0x0041, 0x0041, 0x0041, 0x0041, 0x0041, 0x0041,
	0x0041, 0x0041, 0x0041, 0x0041, 0x0041, 0x0041, 0x0041, 0x0041, 0x0041, 0x0041, 0x0041, 0x0041,
	0x0041, 0x0041, 0x0041, 0x0041, 0x0041, 0x0041, 0x0041, 0x0041, 0x0041, 0x0041, 0x0041, 0x0041,
	0x0041, 0x0041, 0x0041, 0x0041, 0x0041, 0x0041, 0x0041, 0x0041, 0x0041, 0x0041, 0x0041, 0x0041,
	0x0041, 0x0041, 0x0041, 0x0041, 0x0041, 0x0041, 0x0041, 0x0041, 0x0041, 0x0041, 0x0041, 0x0041,
	0x0041, 0x0041, 0x0041, 0x0041, 0x0041, 0x0041, 0x0041, 0x0041, 0x0041, 0x0041, 0x0041, 0x0041,
	0x0041, 0x0041, 0x0041, 0x0041, 0x0041, 0x0041, 0x0041, 0x0041, 0x0041, 0x0041, 0x0041, 0x0041,
	0x0041, 0x0041, 0x0041, 0x0041, 0x0041, 0x0041, 0x0041, 0x0041, 0x0041, 0x0041, 0x0041, 0x0041,
	0x0041, 0x0041, 0x0041, 0x0041, 0x0041, 0x0041, 0x0041, 0x0041, 0x0041, 0x0041, 0x0041, 0x0041,
	0x0041, 0x0041, 0x0041, 0x0041, 0x0041, 0x0041, 0x0041, 0x0041, 0x0041, 0x0041, 0x0041, 0x0041,
	0x0041, 0x0041, 0x0041, 0x0041, 0x0041, 0x0041, 0x0041, 0x0041, 0x0041, 0x0041, 0x0041, 0x0041,
	0x0041, 0x0041, 0x0041, 0x0041, 0x0041, 0x0041, 0x0041, 0x0041, 0x0041, 0x0041, 0x0041, 0x0041,
	0x0041, 0x0041, 0x0041, 0x0041, 0x0041, 0x0041, 0x0041, 0x0041, 0x0041, 0x0041, 0x0041, 0x0041,
	0x0041, 0x0041, 0x0041, 0x0041, 0x0041, 0x0041, 0x0041, 0x0041, 0x0041, 0x0041, 0x0041, 0x0041,
	0x0041, 0x0041, 0x0041, 0x0041, 0x0041, 0x0041, 0x0041, 0x0041, 0x0041, 0x0041, 0x0041, 0x0041,
	0x0041, 0x0041, 0x0041, 0x0041, 0x0041, 0x0041, 0x0041, 0x0041, 0x0041, 0x0041, 0x0041, 0x0041,
	0x0041, 0x0041, 0x0041, 0x0041, 0x0041, 0x0041, 0x0041, 0x0041, 0x0041, 0x0041, 0x0041, 0x0041,
	0x0041, 0x0041, 0x0041, 0x0041, 0x0041, 0x0041, 0x0041, 0x5AEB, 0xCE79, 0x9D34, 0xA514, 0xA534,
	0x9D34, 0xA534, 0x9D14, 0xA534, 0x9D34, 0x9D34, 0x9D34, 0x9D34, 0x9D34, 0x9D34, 0x9D34, 0x9D34,
	0x9D34, 0x9D34, 0x9D34, 0x9D34, 0x9D34, 0x9D34, 0x9D34, 0x9D34, 0x9D34, 0x9D34, 0x9D34, 0x9D34,
	0x9D34, 0x9D34, 0x9D34, 0x9D34, 0x9D34, 0x9D34, 0x9D34, 0x9D34, 0x9D34, 0x9D34, 0x9D34, 0x9D34,
	0x9D34, 0x9D34, 0x9D34, 0x9D34, 0x9D34, 0x9D34, 0x9D34, 0x9D34, 0x9D34, 0x9D34, 0x9D34, 0x9D34,
	0x9D34, 0x9D34, 0x9D34, 0x9D34, 0x9D34, 0x9D34, 0x9D34, 0x9D34, 0x9D34, 0x9D34, 0x9D34, 0x9D34,
	0x9D34, 0x9D34, 0x9D34, 0x9D34, 0x9D34, 0x9D34, 0x9D34, 0x9D34, 0x9D34, 0x9D34, 0x9D34, 0x9D34,
	0x9D34, 0x9D34, 0x9D34, 0x9D34, 0x9D34, 0x9D34, 0x9D34, 0x9D34, 0x9D34, 0x9D34, 0x9D34, 0x9D34,
	0x9D34, 0x9D34, 0x9D34, 0x9D34, 0x9D34, 0x9D34, 0x9D34, 0x9D34, 0x9D34, 0x9D34, 0x9D34, 0x9D34,
	0x9D34, 0x9D34, 0x9D34, 0x9D34, 0x9D34, 0x9D34, 0x9D34, 0x9D34, 0x9D34, 0x9D34, 0x9D34, 0x9D34,
	0x9D34, 0x9D34, 0x9D34, 0x9D34, 0x9D34, 0x9D34, 0x9D34, 0x9D34, 0x9D34, 0x9D34, 0x9D34, 0x9D34,
	0x9D34, 0x9D34, 0x9D34, 0x9D34, 0x9D34, 0x9D34, 0x9D34, 0x9D34, 0x9D34, 0x9D34, 0x9D34, 0x9D34,
	0x9D34, 0x9D34, 0x9D34, 0x9D34, 0x9D34, 0x9D34, 0x9D34, 0x9D34, 0x9D34, 0x9D34, 0x9D34, 0x9D34,
	0x9D34, 0x9D34, 0x9D34, 0x9D34, 0x9D34, 0x9D34, 0x9D34, 0x9D34, 0x9D34, 0x9D34, 0x9D34, 0x9D34,
	0x9D34, 0x9D34, 0x9D34, 0x9D34, 0x9D34, 0x9D34, 0x9D34, 0x9D34, 0x9D34, 0x9D34, 0x9D34, 0x9D34,
	0x9D34, 0x9D34, 0x9D34, 0x9D34, 0x9D34, 0x9D34, 0x9D34, 0x9D34, 0x9D34, 0x9D34, 0x9D34, 0x9D34,
	0x9D34, 0x9D34, 0x9D34, 0x9D34, 0x9D34, 0x9D34, 0x9D34, 0x9D34, 0x9D34, 0x9D34, 0x9D34, 0x9D34,
	0x9D34, 0x9D34, 0x9D34, 0x9D34, 0x9D34, 0x9D34, 0x9D34, 0x9D34, 0x9D34, 0x9D34, 0x9D34, 0x9D34,
	0x9D34, 0x9D34, 0x9D34, 0x9D34, 0x9D34, 0x9D34, 0x9D34, 0x9D34, 0x9D34, 0x9D34, 0x9D34, 0x9D34,
	0x9D34, 0x9D34, 0x9D34, 0x9D34, 0x9D34, 0x9D34, 0x9D34, 0x9D34, 0x9D34, 0x9D34, 0x9D34, 0x9D34,
	0x9D14, 0xA534, 0x9D34, 0xA534, 0x9D34, 0xCE7A,
};
