#include "image1.h"

const uint16_t image1_rgb565[37842] = {
	0x7BEF, 0x2145, 0x2145, 0x2145, 0x2145, 0x2145, 0x2145, 0x2145, 0x2145, 0x2145, 0x2145, 0x2145,
	0x2145, 0x2145, 0x2145, 0x2145, 0x2145, 0x2145, 0x2145, 0x2145, 0x2145, 0x2145, 0x2145, 0x2145,
	0x2145, 0x2145, 0x2145, 0x2145, 0x2145, 0x2145, 0x2145, 0x2145, 0x2145, 0x2145, 0x2145, 0x2145,
	0x2145, 0x2145, 0x2145, 0x2145, 0x2145, 0x2145, 0x2145, 0x2145, 0x2145, 0x2145, 0x2145, 0x2145,
	0x2145, 0x2145, 0x2145, 0x2145, 0x2145, 0x2145, 0x2145, 0x2145, 0x2145, 0x2145, 0x2145, 0x2145,
	0x2145, 0x2145, 0x2145, 0x2145, 0x2145, 0x2145, 0x2145, 0x2145, 0x2145, 0x2145, 0x2145, 0x2145,
	0x2145, 0x2145, 0x2145, 0x2145, 0x2145, 0x2145, 0x2145, 0x2145, 0x2145, 0x2145, 0x2145, 0x2145,
	0x2145, 0x2145, 0x2145, 0x2145, 0x2145, 0x2145, 0x2145, 0x2145, 0x2145, 0x2145, 0x2145, 0x2145,
	0x2145, 0x2145, 0x2145, 0x2145, 0x2145, 0x2145, 0x2145, 0x2145, 0x2145, 0x2145, 0x2145, 0x2145,
	0x2145, 0x2145, 0x2145, 0x2145, 0x2145, 0x2145, 0x2145, 0x2145, 0x2145, 0x2145, 0x2145, 0x2145,
	0x2145, 0x2145, 0x2145, 0x2145, 0x2145, 0x2145, 0x2145, 0x2145, 0x2145, 0x2145, 0x2145, 0x2145,
	0x2145, 0x2145, 0x2145, 0x2145, 0x2145, 0x2145, 0x2145, 0x2145, 0x2145, 0x2145, 0x2145, 0x2145,
	0x2145, 0x2145, 0x2145, 0x2145, 0x2145, 0x2145, 0x2145, 0x2145, 0x2145, 0x2145, 0x2145, 0x2145,
	0x2145, 0x2145, 0x2145, 0x2145, 0x2145, 0x2145, 0x2145, 0x2145, 0x2145, 0x2145, 0x2145, 0x2145,
	0x2145, 0x2145, 0x2145, 0x2145, 0x2145, 0x2145, 0x2145, 0x2145, 0x2145, 0x2145, 0x2145, 0x2145,
	0x2145, 0x2145, 0x2145, 0x2145, 0x2145, 0x2145, 0x2145, 0x2145, 0x2145, 0x2145, 0x2145, 0x2145,
	0x2145, 0x2145, 0x2145, 0x2145, 0x2145, 0x2145, 0x2145, 0x2145, 0x2145, 0x2145, 0x2145, 0x2145,
	0x2145, 0x2145, 0x2145, 0x2145, 0x2145, 0x2145, 0x2145, 0x2145, 0x2145, 0x2145, 0x2145, 0x2145,
	0x2145, 0x2145, 0x2145, 0x2145, 0x2145, 0x2145, 0x2145, 0x2145, 0x2145, 0x2145, 0x2145, 0x2145,
	0x2145, 0x2145, 0x2145, 0x2145, 0x2145, 0x2145, 0x2145, 0x2145, 0x2145, 0x7BEF, 0x52EB, 0x0041,
	0x0041, 0x0041, 0x0041, 0x0041, 0x0041, 0x0041, 0x0041, 0x0041, 0x0041, 0x0041, 0x0041, 0x0041,
	0x0041, 0x0041, 0x0041, 0x0041, 0x0041, 0x0041, 0x0041, 0x0041, 0x0041, 0x0041, 0x0041, 0x0041,
	0x0041, 0x0041, 0x0041, 0x0041, 0x0041, 0x0041, 0x0041, 0x0041, 0x0041, 0x0041, 0x0041, 0x0041,
	0x0041, 0x0041, 0x0041, 0x0041, 0x0041, 0x0041, 0x0041, 0x0041, 0x0041, 0x0041, 0x0041, 0x0041,
	0x0041, 0x0041, 0x0041, 0x0041, 0x0041, 0x0041, 0x0041, 0x0041, 0x0041, 0x0041, 0x0041, 0x0041,
	0x0041, 0x0041, 0x0041, 0x0041, 0x0041, 0x0041, 0x0041, 0x0041, 0x0041, 0x0041, 0x0041, 0x0041,
	0x0041, 0x0041, 0x0041, 0x0041, 0x0041, 0x0041, 0x0041, 0x0041, 0x0041, 0x0041, 0x0041, 0x0041,
	0x0041, 0x0041, 0x0041, 0x0041, 0x0041, 0x0041, 0x0041, 0x0041, 0x0041, 0x0041, 0x0041, 0x0041,
	0x0041, 0x0041, 0x0041, 0x0041, 0x0041, 0x0041, 0x0041, 0x0041, 0x0041, 0x0041, 0x0041, 0x0041,
	0x0041, 0x0041, 0x0041, 0x0041, 0x0041, 0x0041, 0x0041, 0x0041, 0x0041, 0x0041, 0x0041, 0x0041,
	0x0041, 0x0041, 0x0041, 0x0041, 0x0041, 0x0041, 0x0041, 0x0041, 0x0041, 0x0041, 0x0041, 0x0041,
	0x0041, 0x0041, 0x0041, 0x0041, 0x0041, 0x0041, 0x0041, 0x0041, 0x0041, 0x0041, 0x0041, 0x0041,
	0x0041, 0x0041, 0x0041, 0x0041, 0x0041, 0x0041, 0x0041, 0x0041, 0x0041, 0x0041, 0x0041, 0x0041,
	0x0041, 0x0041, 0x0041, 0x0041, 0x0041, 0x0041, 0x0041, 0x0041, 0x0041, 0x0041, 0x0041, 0x0041,
	0x0041, 0x0041, 0x0041, 0x0041, 0x0041, 0x0041, 0x0041, 0x0041, 0x0041, 0x0041, 0x0041, 0x0041,
	0x0041, 0x0041, 0x0041, 0x0041, 0x0041, 0x0041, 0x0041, 0x0041, 0x0041, 0x0041, 0x0041, 0x0041,
	0x0041, 0x0041, 0x0041, 0x0041, 0x0041, 0x0041, 0x0041, 0x0041, 0x0041, 0x0041, 0x0041, 0x0041,
	0x0041, 0x0041, 0x0041, 0x0041, 0x0041, 0x0041, 0x0041, 0x0041, 0x0041, 0x0041, 0x0041, 0x0041,
	0x0041, 0x0041, 0x0041, 0x0041, 0x0041, 0x0041, 0x0041, 0x0041, 0x0041, 0x0041, 0x0041, 0x0041,
	0x0041, 0x0041, 0x0041, 0x0041, 0x0041, 0x0041, 0x0041, 0x52CB, 0x52EB, 0x0041, 0x0041, 0x0041,
	0x0041, 0x0041, 0x0041, 0x0041, 0x0041, 0x0041, 0x0041, 0x0041, 0x0041, 0x0041, 0x0041, 0x0041,
	0x0041, 0x0041, 0x0041, 0x0041, 0x0041, 0x0041, 0x0041, 0x0041, 0x0041, 0x0041, 0x0041, 0x0041,
	0x0041, 0x0041, 0x0041, 0x0041, 0x0041, 0x0041, 0x0041, 0x0041, 0x0041, 0x0041, 0x0041, 0x0041,
	0x0041, 0x0041, 0x0041, 0x0041, 0x0041, 0x0041, 0x0041, 0x0041, 0x0041, 0x0041, 0x0041, 0x0041,
	0x0041, 0x0041, 0x0041, 0x0041, 0x0041, 0x0041, 0x0041, 0x0041, 0x0041, 0x0041, 0x0041, 0x0041,
	0x0041, 0x0041, 0x0041, 0x0041, 0x0041, 0x0041, 0x0041, 0x0041, 0x0041, 0x0041, 0x0041, 0x0041,
	0x0041, 0x0041, 0x0041, 0x0041, 0x0041, 0x0041, 0x0041, 0x0041, 0x0041, 0x0041, 0x0041, 0x0041,
	0x0041, 0x0041, 0x0041, 0x0041, 0x0041, 0x0041, 0x0041, 0x0041, 0x0041, 0x0041, 0x0041, 0x0041,
	0x0041, 0x0041, 0x0041, 0x0041, 0x0041, 0x0041, 0x0041, 0x0041, 0x0041, 0x0041, 0x0041, 0x0041,
	0x0041, 0x0041, 0x0041, 0x0041, 0x0041, 0x0041, 0x0041, 0x0041, 0x0041, 0x0041, 0x0041, 0x0041,
	0x0041, 0x0041, 0x0041, 0x0041, 0x0041, 0x0041, 0x0041, 0x0041, 0x0041, 0x0041, 0x0041, 0x0041,
	0x0041, 0x0041, 0x0041, 0x0041, 0x0041, 0x0041, 0x0041, 0x0041, 0x0041, 0x0041, 0x0041, 0x0041,
	0x0041, 0x0041, 0x0041, 0x0041, 0x0041, 0x0041, 0x0041, 0x0041, 0x0041, 0x0041, 0x0041, 0x0041,
	0x0041, 0x0041, 0x0041, 0x0041, 0x0041, 0x0041, 0x0041, 0x0041, 0x0041, 0x0041, 0x0041, 0x0041,
	0x0041, 0x0041, 0x0041, 0x0041, 0x0041, 0x0041, 0x0041, 0x0041, 0x0041, 0x0041, 0x0041, 0x0041,
	0x0041, 0x0041, 0x0041, 0x0041, 0x0041, 0x0041, 0x0041, 0x0041, 0x0041, 0x0041, 0x0041, 0x0041,
	0x0041, 0x0041, 0x0041, 0x0041, 0x0041, 0x0041, 0x0041, 0x0041, 0x0041, 0x0041, 0x0041, 0x0041,
	0x0041, 0x0041, 0x0041, 0x0041, 0x0041, 0x0041, 0x0041, 0x0041, 0x0041, 0x0041, 0x0041, 0x0041,
	0x0041, 0x0041, 0x0041, 0x0041, 0x0041, 0x0041, 0x0041, 0x0041, 0x0041, 0x0041, 0x0041, 0x0041,
	0x0041, 0x0041, 0x0041, 0x0041, 0x0041, 0x5AEB, 0x52EB, 0x0041, 0x0041, 0x0041, 0x0041, 0x0041,
	0x0041, 0x0041, 0x0041, 0x0041, 0x0041, 0x0041, 0x0041, 0x0041, 0x0041, 0x0041, 0x0041, 0x0041,
	0x0041, 0x0041, 0x0041, 0x0041, 0x0041, 0x0041, 0x0041, 0x0041, 0x0041, 0x0041, 0x0041, 0x0041,
	0x0041, 0x0041, 0x0041, 0x0041, 0x0041, 0x0041, 0x0041, 0x0041, 0x0041, 0x0041, 0x0041, 0x0041,
	0x0041, 0x0041, 0x0041, 0x0041, 0x0041, 0x0041, 0x0041, 0x0041, 0x0041, 0x0041, 0x0041, 0x0041,
	0x0041, 0x0041, 0x0041, 0x0041, 0x0041, 0x0041, 0x0041, 0x0041, 0x0041, 0x0041, 0x0041, 0x0041,
	0x0041, 0x0041, 0x0041, 0x0041, 0x0041, 0x0041, 0x0041, 0x0041, 0x0041, 0x0041, 0x0041, 0x0041,
	0x0041, 0x0041, 0x0041, 0x0041, 0x0041, 0x0041, 0x0041, 0x0041, 0x0041, 0x0041, 0x0041, 0x0041,
	0x0041, 0x0041, 0x0041, 0x0041, 0x0041, 0x0041, 0x0041, 0x0041, 0x0041, 0x0041, 0x0041, 0x0041,
	0x0041, 0x0041, 0x0041, 0x0041, 0x0041, 0x0041, 0x0041, 0x0041, 0x0041, 0x0041, 0x0041, 0x0041,
	0x0041, 0x0041, 0x0041, 0x0041, 0x0041, 0x0041, 0x0041, 0x0041, 0x0041, 0x0041, 0x0041, 0x0041,
	0x0041, 0x0041, 0x0041, 0x0041, 0x0041, 0x0041, 0x0041, 0x0041, 0x0041, 0x0041, 0x0041, 0x0041,
	0x0041, 0x0041, 0x0041, 0x0041, 0x0041, 0x0041, 0x0041, 0x0041, 0x0041, 0x0041, 0x0041, 0x0041,
	0x0041, 0x0041, 0x0041, 0x0041, 0x0041, 0x0041, 0x0041, 0x0041, 0x0041, 0x0041, 0x0041, 0x0041,
	0x0041, 0x0041, 0x0041, 0x0041, 0x0041, 0x0041, 0x0041, 0x0041, 0x0041, 0x0041, 0x0041, 0x0041,
	0x0041, 0x0041, 0x0041, 0x0041, 0x0041, 0x0041, 0x0041, 0x0041, 0x0041, 0x0041, 0x0041, 0x0041,
	0x0041, 0x0041, 0x0041, 0x0041, 0x0041, 0x0041, 0x0041, 0x0041, 0x0041, 0x0041, 0x0041, 0x0041,
	0x0041, 0x0041, 0x0041, 0x0041, 0x0041, 0x0041, 0x0041, 0x0041, 0x0041, 0x0041, 0x0041, 0x0041,
	0x0041, 0x0041, 0x0041, 0x0041, 0x0041, 0x0041, 0x0041, 0x0041, 0x0041, 0x0041, 0x0041, 0x0041,
	0x0041, 0x0041, 0x0041, 0x0041, 0x0041, 0x0041, 0x0041, 0x0041, 0x0041, 0x0041, 0x0041, 0x0041,
	0x0041, 0x0041, 0x0041, 0x52EB, 0x52EB, 0x0041, 0x0041, 0x0041, 0x0041, 0x0041, 0x0041, 0x0041,
	0x0041, 0x0041, 0x0041, 0x0041, 0x0041, 0x0041, 0x0041, 0x0041, 0x0041, 0x0041, 0x0041, 0x0041,
	0x0041, 0x0041, 0x0041, 0x0041, 0x0041, 0x0041, 0x0041, 0x0041, 0x0041, 0x0041, 0x0041, 0x0041,
	0x0041, 0x0041, 0x0041, 0x0041, 0x0041, 0x0041, 0x0041, 0x0041, 0x0041, 0x0041, 0x0041, 0x0041,
	0x0041, 0x0041, 0x0041, 0x0041, 0x0041, 0x0041, 0x0041, 0x0041, 0x0041, 0x0041, 0x0041, 0x0041,
	0x0041, 0x0041, 0x0041, 0x0041, 0x0041, 0x0041, 0x0041, 0x0041, 0x0041, 0x0041, 0x0041, 0x0041,
	0x0041, 0x0041, 0x0041, 0x0041, 0x0041, 0x0041, 0x0041, 0x0041, 0x0041, 0x0041, 0x0041, 0x0041,
	0x0041, 0x0041, 0x0041, 0x0041, 0x0041, 0x0041, 0x0041, 0x0041, 0x0041, 0x0041, 0x0041, 0x0041,
	0x0041, 0x0041, 0x0041, 0x0041, 0x0041, 0x0041, 0x0041, 0x0041, 0x0041, 0x0041, 0x0041, 0x0041,
	0x0041, 0x0041, 0x0041, 0x0041, 0x0041, 0x0041, 0x0041, 0x0041, 0x0041, 0x0041, 0x0041, 0x0041,
	0x0041, 0x0041, 0x0041, 0x0041, 0x0041, 0x0041, 0x0041, 0x0041, 0x0041, 0x0041, 0x0041, 0x0041,
	0x0041, 0x0041, 0x0041, 0x0041, 0x0041, 0x0041, 0x0041, 0x0041, 0x0041, 0x0041, 0x0041, 0x0041,
	0x0041, 0x0041, 0x0041, 0x0041, 0x0041, 0x0041, 0x0041, 0x0041, 0x0041, 0x0041, 0x0041, 0x0041,
	0x0041, 0x0041, 0x0041, 0x0041, 0x0041, 0x0041, 0x0041, 0x0041, 0x0041, 0x0041, 0x0041, 0x0041,
	0x0041, 0x0041, 0x0041, 0x0041, 0x0041, 0x0041, 0x0041, 0x0041, 0x0041, 0x0041, 0x0041, 0x0041,
	0x0041, 0x0041, 0x0041, 0x0041, 0x0041, 0x0041, 0x0041, 0x0041, 0x0041, 0x0041, 0x0041, 0x0041,
	0x0041, 0x0041, 0x0041, 0x0041, 0x0041, 0x0041, 0x0041, 0x0041, 0x0041, 0x0041, 0x0041, 0x0041,
	0x0041, 0x0041, 0x0041, 0x0041, 0x0041, 0x0041, 0x0041, 0x0041, 0x0041, 0x0041, 0x0041, 0x0041,
	0x0041, 0x0041, 0x0041, 0x0041, 0x0041, 0x0041, 0x0041, 0x0041, 0x0041, 0x0041, 0x0041, 0x0041,
	0x0041, 0x0041, 0x0041, 0x0041, 0x0041, 0x0041, 0x0041, 0x0041, 0x0041, 0x0041, 0x0041, 0x0041,
	0x0041, 0x52EB, 0x52EB, 0x0041, 0x0041, 0x0041, 0x0041, 0x0041, 0x0041, 0x0041, 0x0041, 0x0041,
	0x0041, 0x0041, 0x0041, 0x0041, 0x0041, 0x0041, 0x0041, 0x0041, 0x0041, 0x0041, 0x0041, 0x0041,
	0x0041, 0x0041, 0x0041, 0x0041, 0x0041, 0x0041, 0x0041, 0x0041, 0x0041, 0x0041, 0x0041, 0x0041,
	0x0041, 0x0041, 0x0041, 0x0041, 0x0041, 0x0041, 0x0041, 0x0041, 0x0041, 0x0041, 0x0041, 0x0041,
	0x0041, 0x0041, 0x0041, 0x0041, 0x0041, 0x0041, 0x0041, 0x0041, 0x0041, 0x0041, 0x0041, 0x0041,
	0x0041, 0x0041, 0x0041, 0x0041, 0x0041, 0x0041, 0x0041, 0x0041, 0x0041, 0x0041, 0x0041, 0x0041,
	0x0041, 0x0041, 0x0041, 0x0041, 0x0041, 0x0041, 0x0041, 0x0041, 0x0041, 0x0041, 0x0041, 0x0041,
	0x0041, 0x0041, 0x0041, 0x0041, 0x0041, 0x0041, 0x0041, 0x0041, 0x0041, 0x0041, 0x0041, 0x0041,
	0x0041, 0x0041, 0x0041, 0x0041, 0x0041, 0x0041, 0x0041, 0x0041, 0x0041, 0x0041, 0x0041, 0x0041,
	0x0041, 0x0041, 0x0041, 0x0041, 0x0041, 0x0041, 0x0041, 0x0041, 0x0041, 0x0041, 0x0041, 0x0041,
	0x0041, 0x0041, 0x0041, 0x0041, 0x0041, 0x0041, 0x0041, 0x0041, 0x0041, 0x0041, 0x0041, 0x0041,
	0x0041, 0x0041, 0x0041, 0x0041, 0x0041, 0x0041, 0x0041, 0x0041, 0x0041, 0x0041, 0x0041, 0x0041,
	0x0041, 0x0041, 0x0041, 0x0041, 0x0041, 0x0041, 0x0041, 0x0041, 0x0041, 0x0041, 0x0041, 0x0041,
	0x0041, 0x0041, 0x0041, 0x0041, 0x0041, 0x0041, 0x0041, 0x0041, 0x0041, 0x0041, 0x0041, 0x0041,
	0x0041, 0x0041, 0x0041, 0x0041, 0x0041, 0x0041, 0x0041, 0x0041, 0x0041, 0x0041, 0x0041, 0x0041,
	0x0041, 0x0041, 0x0041, 0x0041, 0x0041, 0x0041, 0x0041, 0x0041, 0x0041, 0x0041, 0x0041, 0x0041,
	0x0041, 0x0041, 0x0041, 0x0041, 0x0041, 0x0041, 0x0041, 0x0041, 0x0041, 0x0041, 0x0041, 0x0041,
	0x0041, 0x0041, 0x0041, 0x0041, 0x0041, 0x0041, 0x0041, 0x0041, 0x0041, 0x0041, 0x0041, 0x0041,
	0x0041, 0x0041, 0x0041, 0x0041, 0x0041, 0x0041, 0x0041, 0x0041, 0x0041, 0x0041, 0x0041, 0x0041,
	0x0041, 0x0041, 0x0041, 0x0041, 0x0041, 0x0041, 0x0041, 0x0041, 0x0041, 0x0041, 0x0041, 0x52EB,
	0x5AEB, 0x0041, 0x0041, 0x0041, 0x0041, 0x0041, 0x0041, 0x0041, 0x0041, 0x0041, 0x0041, 0x0041,
	0x0041, 0x0041, 0x0041, 0x0041, 0x0041, 0x0041, 0x0041, 0x0041, 0x0041, 0x0041, 0x0041, 0x0041,
	0x0041, 0x0041, 0x0041, 0x0041, 0x0041, 0x0041, 0x0041, 0x0041, 0x0041, 0x0041, 0x0041, 0x0041,
	0x0041, 0x0041, 0x0041, 0x0041, 0x0041, 0x0041, 0x0041, 0x0041, 0x0041, 0x0041, 0x0041, 0x0041,
	0x0041, 0x0041, 0x0041, 0x0041, 0x0041, 0x0041, 0x0041, 0x0041, 0x0041, 0x0041, 0x0041, 0x0041,
	0x0041, 0x0041, 0x0041, 0x0041, 0x0041, 0x0041, 0x0041, 0x0041, 0x0041, 0x0041, 0x0041, 0x0041,
	0x0041, 0x0041, 0x0041, 0x0041, 0x0041, 0x0041, 0x0041, 0x0041, 0x0041, 0x0041, 0x0041, 0x0041,
	0x0041, 0x0041, 0x0041, 0x0041, 0x0041, 0x0041, 0x0041, 0x0041, 0x0041, 0x0041, 0x0041, 0x0041,
	0x0041, 0x0041, 0x0041, 0x0041, 0x0041, 0x0041, 0x0041, 0x0041, 0x0041, 0x0041, 0x0041, 0x0041,
	0x0041, 0x0041, 0x0041, 0x0041, 0x0041, 0x0041, 0x0041, 0x0041, 0x0041, 0x0041, 0x0041, 0x0041,
	0x0041, 0x0041, 0x0041, 0x0041, 0x0041, 0x0041, 0x0041, 0x0041, 0x0041, 0x0041, 0x0041, 0x0041,
	0x0041, 0x0041, 0x0041, 0x0041, 0x0041, 0x0041, 0x0041, 0x0041, 0x0041, 0x0041, 0x0041, 0x0041,
	0x0041, 0x0041, 0x0041, 0x0041, 0x0041, 0x0041, 0x0041, 0x0041, 0x0041, 0x0041, 0x0041, 0x0041,
	0x0041, 0x0041, 0x0041, 0x0041, 0x0041, 0x0041, 0x0041, 0x0041, 0x0041, 0x0041, 0x0041, 0x0041,
	0x0041, 0x0041, 0x0041, 0x0041, 0x0041, 0x0041, 0x0041, 0x0041, 0x0041, 0x0041, 0x0041, 0x0041,
	0x0041, 0x0041, 0x0041, 0x0041, 0x0041, 0x0041, 0x0041, 0x0041, 0x0041, 0x0041, 0x0041, 0x0041,
	0x0041, 0x0041, 0x0041, 0x0041, 0x0041, 0x0041, 0x0041, 0x0041, 0x0041, 0x0041, 0x0041, 0x0041,
	0x0041, 0x0041, 0x0041, 0x0041, 0x0041, 0x0041, 0x0041, 0x0041, 0x0041, 0x0041, 0x0041, 0x0041,
	0x0041, 0x0041, 0x0041, 0x0041, 0x0041, 0x0041, 0x0041, 0x0041, 0x0041, 0x0041, 0x0041, 0x0041,
	0x0041, 0x0041, 0x0041, 0x0041, 0x0041, 0x0041, 0x0041, 0x0041, 0x0041, 0x52EB, 0x52EB, 0x0041,
	0x0041, 0x0041, 0x0041, 0x0041, 0x0041, 0x0041, 0x0041, 0x0041, 0x0041, 0x0041, 0x0041, 0x0041,
	0x0041, 0x0041, 0x0041, 0x0041, 0x0041, 0x0041, 0x0041, 0x0041, 0x0041, 0x0041, 0x0041, 0x0041,
	0x0041, 0x0041, 0x0041, 0x0041, 0x0041, 0x0041, 0x0041, 0x0041, 0x0041, 0x0041, 0x0041, 0x0041,
	0x0041, 0x0041, 0x0041, 0x0041, 0x0041, 0x0041, 0x0041, 0x0041, 0x0041, 0x0041, 0x0041, 0x0041,
	0x0041, 0x0041, 0x0041, 0x0041, 0x0041, 0x0041, 0x0041, 0x0041, 0x0041, 0x0041, 0x0041, 0x0041,
	0x0041, 0x0041, 0x0041, 0x0041, 0x0041, 0x0041, 0x0041, 0x0041, 0x0041, 0x0041, 0x0041, 0x0041,
	0x0041, 0x0041, 0x0041, 0x0041, 0x0041, 0x0041, 0x0041, 0x0041, 0x0041, 0x0041, 0x0041, 0x0041,
	0x0041, 0x0041, 0x0041, 0x0041, 0x0041, 0x0041, 0x0041, 0x0041, 0x0041, 0x0041, 0x0041, 0x0041,
	0x0041, 0x0041, 0x0041, 0x0041, 0x0041, 0x0041, 0x0041, 0x0041, 0x0041, 0x0041, 0x0041, 0x0041,
	0x0041, 0x0041, 0x0041, 0x0041, 0x0041, 0x0041, 0x0041, 0x0041, 0x0041, 0x0041, 0x0041, 0x0041,
	0x0041, 0x0041, 0x0041, 0x0041, 0x0041, 0x0041, 0x0041, 0x0041, 0x0041, 0x0041, 0x0041, 0x0041,
	0x0041, 0x0041, 0x0041, 0x0041, 0x0041, 0x0041, 0x0041, 0x0041, 0x0041, 0x0041, 0x0041, 0x0041,
	0x0041, 0x0041, 0x0041, 0x0041, 0x0041, 0x0041, 0x0041, 0x0041, 0x0041, 0x0041, 0x0041, 0x0041,
	0x0041, 0x0041, 0x0041, 0x0041, 0x0041, 0x0041, 0x0041, 0x0041, 0x0041, 0x0041, 0x0041, 0x0041,
	0x0041, 0x0041, 0x0041, 0x0041, 0x0041, 0x0041, 0x0041, 0x0041, 0x0041, 0x0041, 0x0041, 0x0041,
	0x0041, 0x0041, 0x0041, 0x0041, 0x0041, 0x0041, 0x0041, 0x0041, 0x0041, 0x0041, 0x0041, 0x0041,
	0x0041, 0x0041, 0x0041, 0x0041, 0x0041, 0x0041, 0x0041, 0x0041, 0x0041, 0x0041, 0x0041, 0x0041,
	0x0041, 0x0041, 0x0041, 0x0041, 0x0041, 0x0041, 0x0041, 0x0041, 0x0041, 0x0041, 0x0041, 0x0041,
	0x0041, 0x0041, 0x0041, 0x0041, 0x0041, 0x0041, 0x0041, 0x0041, 0x0041, 0x0041, 0x0041, 0x0041,
	0x0041, 0x0041, 0x0041, 0x0041, 0x0041, 0x0041, 0x0041, 0x52CB, 0x52EB, 0x0041, 0x0041, 0x0041,
	0x0041, 0x0041, 0x0041, 0x0041, 0x0041, 0x0041, 0x0041, 0x0041, 0x0041, 0x0041, 0x0041, 0x0041,
	0x0041, 0x0041, 0x0041, 0x0041, 0x0041, 0x0041, 0x0041, 0x0041, 0x0041, 0x0041, 0x0041, 0x0041,
	0x0041, 0x0041, 0x0041, 0x0041, 0x0041, 0x0041, 0x0041, 0x0041, 0x0041, 0x0041, 0x0041, 0x0041,
	0x0041, 0x0041, 0x0041, 0x0041, 0x0041, 0x0041, 0x0041, 0x0041, 0x0041, 0x0041, 0x0041, 0x0041,
	0x0041, 0x0041, 0x0041, 0x0041, 0x0041, 0x0041, 0x0041, 0x0041, 0x0041, 0x0041, 0x0041, 0x0041,
	0x0041, 0x0041, 0x0041, 0x0041, 0x0041, 0x0041, 0x0041, 0x0041, 0x0041, 0x0041, 0x0041, 0x0041,
	0x0041, 0x0041, 0x0041, 0x0041, 0x0041, 0x0041, 0x0041, 0x0041, 0x0041, 0x0041, 0x0041, 0x0041,
	0x0041, 0x0041, 0x0041, 0x0041, 0x0041, 0x0041, 0x0041, 0x0041, 0x0041, 0x0041, 0x0041, 0x0041,
	0x0041, 0x0041, 0x0041, 0x0041, 0x0041, 0x0041, 0x0041, 0x0041, 0x0041, 0x0041, 0x0041, 0x0041,
	0x0041, 0x0041, 0x0041, 0x0041, 0x0041, 0x0041, 0x0041, 0x0041, 0x0041, 0x0041, 0x0041, 0x0041,
	0x0041, 0x0041, 0x0041, 0x0041, 0x0041, 0x0041, 0x0041, 0x0041, 0x0041, 0x0041, 0x0041, 0x0041,
	0x0041, 0x0041, 0x0041, 0x0041, 0x0041, 0x0041, 0x0041, 0x0041, 0x0041, 0x0041, 0x0041, 0x0041,
	0x0041, 0x0041, 0x0041, 0x0041, 0x0041, 0x0041, 0x0041, 0x0041, 0x0041, 0x0041, 0x0041, 0x0041,
	0x0041, 0x0041, 0x0041, 0x0041, 0x0041, 0x0041, 0x0041, 0x0041, 0x0041, 0x0041, 0x0041, 0x0041,
	0x0041, 0x0041, 0x0041, 0x0041, 0x0041, 0x0041, 0x0041, 0x0041, 0x0041, 0x0041, 0x0041, 0x0041,
	0x0041, 0x0041, 0x0041, 0x0041, 0x0041, 0x0041, 0x0041, 0x0041, 0x0041, 0x0041, 0x0041, 0x0041,
	0x0041, 0x0041, 0x0041, 0x0041, 0x0041, 0x0041, 0x0041, 0x0041, 0x0041, 0x0041, 0x0041, 0x0041,
	0x0041, 0x0041, 0x0041, 0x0041, 0x0041, 0x0041, 0x0041, 0x0041, 0x0041, 0x0041, 0x0041, 0x0041,
	0x0041, 0x0041, 0x0041, 0x0041, 0x0041, 0x0041, 0x0041, 0x0041, 0x0041, 0x0041, 0x0041, 0x0041,
	0x0041, 0x0041, 0x0041, 0x0041, 0x0041, 0x52EB, 0x52EB, 0x0041, 0x0041, 0x0041, 0x0041, 0x0041,
	0x0041, 0x0041, 0x0041, 0x0041, 0x0041, 0x0041, 0x0041, 0x0041, 0x0041, 0x0041, 0x0041, 0x0041,
	0x0041, 0x0041, 0x0041, 0x0041, 0x0041, 0x0041, 0x0041, 0x0041, 0x0041, 0x0041, 0x0041, 0x0041,
	0x0041, 0x0041, 0x0041, 0x0041, 0x0041, 0x0041, 0x0041, 0x0041, 0x0041, 0x0041, 0x0041, 0x0041,
	0x0041, 0x0041, 0x0041, 0x0041, 0x0041, 0x0041, 0x0041, 0x0041, 0x0041, 0x0041, 0x0041, 0x0041,
	0x0041, 0x0041, 0x0041, 0x0041, 0x0041, 0x0041, 0x0041, 0x0041, 0x0041, 0x0041, 0x0041, 0x0041,
	0x0041, 0x0041, 0x0041, 0x0041, 0x0041, 0x0041, 0x0041, 0x0041, 0x0041, 0x0041, 0x0041, 0x0041,
	0x0041, 0x0041, 0x0041, 0x0041, 0x0041, 0x0041, 0x0041, 0x0041, 0x0041, 0x0041, 0x0041, 0x0041,
	0x0041, 0x0041, 0x0041, 0x0041, 0x0041, 0x0041, 0x0041, 0x0041, 0x0041, 0x0041, 0x0041, 0x0041,
	0x0041, 0x0041, 0x0041, 0x0041, 0x0041, 0x0041, 0x0041, 0x0041, 0x0041, 0x0041, 0x0041, 0x0041,
	0x0041, 0x0041, 0x0041, 0x0041, 0x0041, 0x0041, 0x0041, 0x0041, 0x0041, 0x0041, 0x0041, 0x0041,
	0x0041, 0x0041, 0x0041, 0x0041, 0x0041, 0x0041, 0x0041, 0x0041, 0x0041, 0x0041, 0x0041, 0x0041,
	0x0041, 0x0041, 0x0041, 0x0041, 0x0041, 0x0041, 0x0041, 0x0041, 0x0041, 0x0041, 0x0041, 0x0041,
	0x0041, 0x0041, 0x0041, 0x0041, 0x0041, 0x0041, 0x0041, 0x0041, 0x0041, 0x0041, 0x0041, 0x0041,
	0x0041, 0x0041, 0x0041, 0x0041, 0x0041, 0x0041, 0x0041, 0x0041, 0x0041, 0x0041, 0x0041, 0x0041,
	0x0041, 0x0041, 0x0041, 0x0041, 0x0041, 0x0041, 0x0041, 0x0041, 0x0041, 0x0041, 0x0041, 0x0041,
	0x0041, 0x0041, 0x0041, 0x0041, 0x0041, 0x0041, 0x0041, 0x0041, 0x0041, 0x0041, 0x0041, 0x0041,
	0x0041, 0x0041, 0x0041, 0x0041, 0x0041, 0x0041, 0x0041, 0x0041, 0x0041, 0x0041, 0x0041, 0x0041,
	0x0041, 0x0041, 0x0041, 0x0041, 0x0041, 0x0041, 0x0041, 0x0041, 0x0041, 0x0041, 0x0041, 0x0041,
	0x0041, 0x0041, 0x0041, 0x0041, 0x0041, 0x0041, 0x0041, 0x0041, 0x0041, 0x0041, 0x0041, 0x0041,
	0x0041, 0x0041, 0x0041, 0x52EB, 0x52EB, 0x0041, 0x0041, 0x0041, 0x0041, 0x0041, 0x0041, 0x0041,
	0x0041, 0x0041, 0x0041, 0x0041, 0x0041, 0x0041, 0x0041, 0x0041, 0x0041, 0x0041, 0x0041, 0x0041,
	0x0041, 0x0041, 0x0041, 0x0041, 0x0041, 0x0041, 0x0041, 0x0041, 0x0041, 0x0041, 0x0041, 0x0041,
	0x0041, 0x0041, 0x0041, 0x0041, 0x0041, 0x0041, 0x0041, 0x0041, 0x0041, 0x0041, 0x0041, 0x0041,
	0x0041, 0x0041, 0x0041, 0x0041, 0x0041, 0x0041, 0x0041, 0x0041, 0x0041, 0x0041, 0x0041, 0x0041,
	0x0041, 0x0041, 0x0041, 0x0041, 0x0041, 0x0041, 0x0041, 0x0041, 0x0041, 0x0041, 0x0041, 0x0041,
	0x0041, 0x0041, 0x0041, 0x0041, 0x0041, 0x0041, 0x0041, 0x0041, 0x0041, 0x0041, 0x0041, 0x0041,
	0x0041, 0x0041, 0x0041, 0x0041, 0x0041, 0x0041, 0x0041, 0x0041, 0x0041, 0x0041, 0x0041, 0x0041,
	0x0041, 0x0041, 0x0041, 0x0041, 0x0041, 0x0041, 0x0041, 0x0041, 0x0041, 0x0041, 0x0041, 0x0041,
	0x0041, 0x0041, 0x0041, 0x0041, 0x0041, 0x0041, 0x0041, 0x0041, 0x0041, 0x0041, 0x0041, 0x0041,
	0x0041, 0x0041, 0x0041, 0x0041, 0x0041, 0x0041, 0x0041, 0x0041, 0x0041, 0x0041, 0x0041, 0x0041,
	0x0041, 0x0041, 0x0041, 0x0041, 0x0041, 0x0041, 0x0041, 0x0041, 0x0041, 0x0041, 0x0041, 0x0041,
	0x0041, 0x0041, 0x0041, 0x0041, 0x0041, 0x0041, 0x0041, 0x0041, 0x0041, 0x0041, 0x0041, 0x0041,
	0x0041, 0x0041, 0x0041, 0x0041, 0x0041, 0x0041, 0x0041, 0x0041, 0x0041, 0x0041, 0x0041, 0x0041,
	0x0041, 0x0041, 0x0041, 0x0041, 0x0041, 0x0041, 0x0041, 0x0041, 0x0041, 0x0041, 0x0041, 0x0041,
	0x0041, 0x0041, 0x0041, 0x0041, 0x0041, 0x0041, 0x0041, 0x0041, 0x0041, 0x0041, 0x0041, 0x0041,
	0x0041, 0x0041, 0x0041, 0x0041, 0x0041, 0x0041, 0x0041, 0x0041, 0x0041, 0x0041, 0x0041, 0x0041,
	0x0041, 0x0041, 0x0041, 0x0041, 0x0041, 0x0041, 0x0041, 0x0041, 0x0041, 0x0041, 0x0041, 0x0041,
	0x0041, 0x0041, 0x0041, 0x0041, 0x0041, 0x0041, 0x0041, 0x0041, 0x0041, 0x0041, 0x0041, 0x0041,
	0x0041, 0x0041, 0x0041, 0x0041, 0x0041, 0x0041, 0x0041, 0x0041, 0x0041, 0x0041, 0x0041, 0x0041,
	0x0041, 0x52EB, 0x52EB, 0x0041, 0x0041, 0x0041, 0x0041, 0x0041, 0x0041, 0x0041, 0x0041, 0x0041,
	0x0041, 0x0041, 0x0041, 0x0041, 0x0041, 0x0041, 0x0041, 0x0041, 0x0041, 0x0041, 0x0041, 0x0041,
	0x0041, 0x0041, 0x0041, 0x0041, 0x0041, 0x0041, 0x0041, 0x0041, 0x0041, 0x0041, 0x0041, 0x0041,
	0x0041, 0x0041, 0x0041, 0x0041, 0x0041, 0x0041, 0x0041, 0x0041, 0x0041, 0x0041, 0x0041, 0x0041,
	0x0041, 0x0041, 0x0041, 0x0041, 0x0041, 0x0041, 0x0041, 0x0041, 0x0041, 0x0041, 0x0041, 0x0041,
	0x0041, 0x0041, 0x0041, 0x0041, 0x0041, 0x0041, 0x0041, 0x0041, 0x0041, 0x0041, 0x0041, 0x0041,
	0x0041, 0x0041, 0x0041, 0x0041, 0x0041, 0x0041, 0x0041, 0x0041, 0x0041, 0x0041, 0x0041, 0x0041,
	0x0041, 0x0041, 0x0041, 0x0041, 0x0041, 0x0041, 0x0041, 0x0041, 0x0041, 0x0041, 0x0041, 0x0041,
	0x0041, 0x0041, 0x0041, 0x0041, 0x0041, 0x0041, 0x0041, 0x0041, 0x0041, 0x0041, 0x0041, 0x0041,
	0x0041, 0x0041, 0x0041, 0x0041, 0x0041, 0x0041, 0x0041, 0x0041, 0x0041, 0x0041, 0x0041, 0x0041,
	0x0041, 0x0041, 0x0041, 0x0041, 0x0041, 0x0041, 0x0041, 0x0041, 0x0041, 0x0041, 0x0041, 0x0041,
	0x0041, 0x0041, 0x0041, 0x0041, 0x0041, 0x0041, 0x0041, 0x0041, 0x0041, 0x0041, 0x0041, 0x0041,
	0x0041, 0x0041, 0x0041, 0x0041, 0x0041, 0x0041, 0x0041, 0x0041, 0x0041, 0x0041, 0x0041, 0x0041,
	0x0041, 0x0041, 0x0041, 0x0041, 0x0041, 0x0041, 0x0041, 0x0041, 0x0041, 0x0041, 0x0041, 0x0041,
	0x0041, 0x0041, 0x0041, 0x0041, 0x0041, 0x0041, 0x0041, 0x0041, 0x0041, 0x0041, 0x0041, 0x0041,
	0x0041, 0x0041, 0x0041, 0x0041, 0x0041, 0x0041, 0x0041, 0x0041, 0x0041, 0x0041, 0x0041, 0x0041,
	0x0041, 0x0041, 0x0041, 0x0041, 0x0041, 0x0041, 0x0041, 0x0041, 0x0041, 0x0041, 0x0041, 0x0041,
	0x0041, 0x0041, 0x0041, 0x0041, 0x0041, 0x0041, 0x0041, 0x0041, 0x0041, 0x0041, 0x0041, 0x0041,
	0x0041, 0x0041, 0x0041, 0x0041, 0x0041, 0x0041, 0x0041, 0x0041, 0x0041, 0x0041, 0x0041, 0x0041,
	0x0041, 0x0041, 0x0041, 0x0041, 0x0041, 0x0041, 0x0041, 0x0041, 0x0041, 0x0041, 0x0041, 0x52EB,
	0x52EB, 0x0041, 0x0041, 0x0041, 0x0041, 0x0041, 0x0041, 0x0041, 0x0041, 0x0041, 0x0041, 0x0041,
	0x0041, 0x0041, 0x0041, 0x0041, 0x0041, 0x0041, 0x0041, 0x0041, 0x0041, 0x0041, 0x0041, 0x0041,
	0x0041, 0x0041, 0x0041, 0x0041, 0x0041, 0x0041, 0x0041, 0x0041, 0x0041, 0x0041, 0x0041, 0x0041,
	0x0041, 0x0041, 0x0041, 0x0041, 0x0041, 0x0041, 0x0041, 0x0041, 0x0041, 0x0041, 0x0041, 0x0041,
	0x0041, 0x0041, 0x0041, 0x0041, 0x0041, 0x0041, 0x0041, 0x0041, 0x0041, 0x0041, 0x0041, 0x0041,
	0x0041, 0x0041, 0x0041, 0x0041, 0x0041, 0x0041, 0x0041, 0x0041, 0x0041, 0x0041, 0x0041, 0x0041,
	0x0041, 0x0041, 0x0041, 0x0041, 0x0041, 0x0041, 0x0041, 0x0041, 0x0041, 0x0041, 0x0041, 0x0041,
	0x0041, 0x0041, 0x0041, 0x0041, 0x0041, 0x0041, 0x0041, 0x0041, 0x0041, 0x0041, 0x0041, 0x0041,
	0x0041, 0x0041, 0x0041, 0x0041, 0x0041, 0x0041, 0x0041, 0x0041, 0x0041, 0x0041, 0x0041, 0x0041,
	0x0041, 0x0041, 0x0041, 0x0041, 0x0041, 0x0041, 0x0041, 0x0041, 0x0041, 0x0041, 0x0041, 0x0041,
	0x0041, 0x0041, 0x0041, 0x0041, 0x0041, 0x0041, 0x0041, 0x0041, 0x0041, 0x0041, 0x0041, 0x0041,
	0x0041, 0x0041, 0x0041, 0x0041, 0x0041, 0x0041, 0x0041, 0x0041, 0x0041, 0x0041, 0x0041, 0x0041,
	0x0041, 0x0041, 0x0041, 0x0041, 0x0041, 0x0041, 0x0041, 0x0041, 0x0041, 0x0041, 0x0041, 0x0041,
	0x0041, 0x0041, 0x0041, 0x0041, 0x0041, 0x0041, 0x0041, 0x0041, 0x0041, 0x0041, 0x0041, 0x0041,
	0x0041, 0x0041, 0x0041, 0x0041, 0x0041, 0x0041, 0x0041, 0x0041, 0x0041, 0x0041, 0x0041, 0x0041,
	0x0041, 0x0041, 0x0041, 0x0041, 0x0041, 0x0041, 0x0041, 0x0041, 0x0041, 0x0041, 0x0041, 0x0041,
	0x0041, 0x0041, 0x0041, 0x0041, 0x0041, 0x0041, 0x0041, 0x0041, 0x0041, 0x0041, 0x0041, 0x0041,
	0x0041, 0x0041, 0x0041, 0x0041, 0x0041, 0x0041, 0x0041, 0x0041, 0x0041, 0x0041, 0x0041, 0x0041,
	0x0041, 0x0041, 0x0041, 0x0041, 0x0041, 0x0041, 0x0041, 0x0041, 0x0041, 0x0041, 0x0041, 0x0041,
	0x0041, 0x0041, 0x0041, 0x0041, 0x0041, 0x0041, 0x0041, 0x0041, 0x0041, 0x52EB, 0x52EB, 0x0041,
	0x0041, 0x0041, 0x0041, 0x0041, 0x0041, 0x0041, 0x0041, 0x0041, 0x0041, 0x0041, 0x0041, 0x0041,
	0x0041, 0x0041, 0x0041, 0x0041, 0x0041, 0x0041, 0x0041, 0x0041, 0x0041, 0x0041, 0x0041, 0x0041,
	0x0041, 0x0041, 0x0041, 0x0041, 0x0041, 0x0041, 0x0041, 0x0041, 0x0041, 0x0041, 0x0041, 0x0041,
	0x0041, 0x0041, 0x0041, 0x0041, 0x0041, 0x0041, 0x0041, 0x0041, 0x0041, 0x0041, 0x0041, 0x0041,
	0x0041, 0x0041, 0x0041, 0x0041, 0x0041, 0x0041, 0x0041, 0x0041, 0x0041, 0x0041, 0x0041, 0x0041,
	0x0041, 0x0041, 0x0041, 0x0041, 0x0041, 0x0041, 0x0041, 0x0041, 0x0041, 0x0041, 0x0041, 0x0041,
	0x0041, 0x0041, 0x0041, 0x0041, 0x0041, 0x0041, 0x0041, 0x0041, 0x0041, 0x0041, 0x0041, 0x0041,
	0x0041, 0x0041, 0x0041, 0x0041, 0x0041, 0x0041, 0x0041, 0x0041, 0x0041, 0x0041, 0x0041, 0x0041,
	0x0041, 0x0041, 0x0041, 0x0041, 0x0041, 0x0041, 0x0041, 0x0041, 0x0041, 0x0041, 0x0041, 0x0041,
	0x0041, 0x0041, 0x0041, 0x0041, 0x0041, 0x0041, 0x0041, 0x0041, 0x0041, 0x0041, 0x0041, 0x0041,
	0x0041, 0x0041, 0x0041, 0x0041, 0x0041, 0x0041, 0x0041, 0x0041, 0x0041, 0x0041, 0x0041, 0x0041,
	0x0041, 0x0041, 0x0041, 0x0041, 0x0041, 0x0041, 0x0041, 0x0041, 0x0041, 0x0041, 0x0041, 0x0041,
	0x0041, 0x0041, 0x0041, 0x0041, 0x0041, 0x0041, 0x0041, 0x0041, 0x0041, 0x0041, 0x0041, 0x0041,
	0x0041, 0x0041, 0x0041, 0x0041, 0x0041, 0x0041, 0x0041, 0x0041, 0x0041, 0x0041, 0x0041, 0x0041,
	0x0041, 0x0041, 0x0041, 0x0041, 0x0041, 0x0041, 0x0041, 0x0041, 0x0041, 0x0041, 0x0041, 0x0041,
	0x0041, 0x0041, 0x0041, 0x0041, 0x0041, 0x0041, 0x0041, 0x0041, 0x0041, 0x0041, 0x0041, 0x0041,
	0x0041, 0x0041, 0x0041, 0x0041, 0x0041, 0x0041, 0x0041, 0x0041, 0x0041, 0x0041, 0x0041, 0x0041,
	0x0041, 0x0041, 0x0041, 0x0041, 0x0041, 0x0041, 0x0041, 0x0041, 0x0041, 0x0041, 0x0041, 0x0041,
	0x0041, 0x0041, 0x0041, 0x0041, 0x0041, 0x0041, 0x0041, 0x0041, 0x0041, 0x0041, 0x0041, 0x0041,
	0x0041, 0x0041, 0x0041, 0x0041, 0x0041, 0x0041, 0x0041, 0x52EB, 0x52EB, 0x0041, 0x0041, 0x0041,
	0x0041, 0x0041, 0x0041, 0x0041, 0x0041, 0x0041, 0x0041, 0x0041, 0x0041, 0x0041, 0x0041, 0x0041,
	0x0041, 0x0041, 0x0041, 0x0041, 0x0041, 0x0041, 0x0041, 0x0041, 0x0041, 0x0041, 0x0041, 0x0041,
	0x0041, 0x0041, 0x0041, 0x0041, 0x0041, 0x0041, 0x0041, 0x0041, 0x0041, 0x0041, 0x0041, 0x0041,
	0x0041, 0x0041, 0x0041, 0x0041, 0x0041, 0x0041, 0x0041, 0x0041, 0x0041, 0x0041, 0x0041, 0x0041,
	0x0041, 0x0041, 0x0041, 0x0041, 0x0041, 0x0041, 0x0041, 0x0041, 0x0041, 0x0041, 0x0041, 0x0041,
	0x0041, 0x0041, 0x0041, 0x0041, 0x0041, 0x0041, 0x0041, 0x0041, 0x0041, 0x0041, 0x0041, 0x0041,
	0x0041, 0x0041, 0x0041, 0x0041, 0x0041, 0x0041, 0x0041, 0x0041, 0x0041, 0x0041, 0x0041, 0x0041,
	0x0041, 0x0041, 0x0041, 0x0041, 0x0041, 0x0041, 0x0041, 0x0041, 0x0041, 0x0041, 0x0041, 0x0041,
	0x0041, 0x0041, 0x0041, 0x0041, 0x0041, 0x0041, 0x0041, 0x0041, 0x0041, 0x0041, 0x0041, 0x0041,
	0x0041, 0x0041, 0x0041, 0x0041, 0x0041, 0x0041, 0x0041, 0x0041, 0x0041, 0x0041, 0x0041, 0x0041,
	0x0041, 0x0041, 0x0041, 0x0041, 0x0041, 0x0041, 0x0041, 0x0041, 0x0041, 0x0041, 0x0041, 0x0041,
	0x0041, 0x0041, 0x0041, 0x0041, 0x0041, 0x0041, 0x0041, 0x0041, 0x0041, 0x0041, 0x0041, 0x0041,
	0x0041, 0x0041, 0x0041, 0x0041, 0x0041, 0x0041, 0x0041, 0x0041, 0x0041, 0x0041, 0x0041, 0x0041,
	0x0041, 0x0041, 0x0041, 0x0041, 0x0041, 0x0041, 0x0041, 0x0041, 0x0041, 0x0041, 0x0041, 0x0041,
	0x0041, 0x0041, 0x0041, 0x0041, 0x0041, 0x0041, 0x0041, 0x0041, 0x0041, 0x0041, 0x0041, 0x0041,
	0x0041, 0x0041, 0x0041, 0x0041, 0x0041, 0x0041, 0x0041, 0x0041, 0x0041, 0x0041, 0x0041, 0x0041,
	0x0041, 0x0041, 0x0041, 0x0041, 0x0041, 0x0041, 0x0041, 0x0041, 0x0041, 0x0041, 0x0041, 0x0041,
	0x0041, 0x0041, 0x0041, 0x0041, 0x0041, 0x0041, 0x0041, 0x0041, 0x0041, 0x0041, 0x0041, 0x0041,
	0x0041, 0x0041, 0x0041, 0x0041, 0x0041, 0x0041, 0x0041, 0x0041, 0x0041, 0x0041, 0x0041, 0x0041,
	0x0041, 0x0041, 0x0041, 0x0041, 0x0041, 0x52EB, 0x52EB, 0x0041, 0x0041, 0x0041, 0x0041, 0x0041,
	0x0041, 0x0041, 0x0041, 0x0041, 0x0041, 0x0041, 0x0041, 0x0041, 0x0041, 0x0041, 0x0041, 0x0041,
	0x0041, 0x0041, 0x0041, 0x0041, 0x0041, 0x0041, 0x0041, 0x0041, 0x0041, 0x0041, 0x0041, 0x0041,
	0x0041, 0x0041, 0x0041, 0x0041, 0x0041, 0x0041, 0x0041, 0x0041, 0x0041, 0x0041, 0x0041, 0x0041,
	0x0041, 0x0041, 0x0041, 0x0041, 0x0041, 0x0041, 0x0041, 0x0041, 0x0041, 0x0041, 0x0041, 0x0041,
	0x0041, 0x0041, 0x0041, 0x0041, 0x0041, 0x0041, 0x0041, 0x0041, 0x0041, 0x0041, 0x0041, 0x0041,
	0x0041, 0x0041, 0x0041, 0x0041, 0x0041, 0x0041, 0x0041, 0x0041, 0x0041, 0x0041, 0x0041, 0x0041,
	0x0041, 0x0041, 0x0041, 0x0041, 0x0041, 0x0041, 0x0041, 0x0041, 0x0041, 0x0041, 0x0041, 0x0041,
	0x0041, 0x0041, 0x0041, 0x0041, 0x0041, 0x0041, 0x0041, 0x0041, 0x0041, 0x0041, 0x0041, 0x0041,
	0x0041, 0x0041, 0x0041, 0x0041, 0x0041, 0x0041, 0x0041, 0x0041, 0x0041, 0x0041, 0x0041, 0x0041,
	0x0041, 0x0041, 0x0041, 0x0041, 0x0041, 0x0041, 0x0041, 0x0041, 0x0041, 0x0041, 0x0041, 0x0041,
	0x0041, 0x0041, 0x0041, 0x0041, 0x0041, 0x0041, 0x0041, 0x0041, 0x0041, 0x0041, 0x0041, 0x0041,
	0x0041, 0x0041, 0x0041, 0x0041, 0x0041, 0x0041, 0x0041, 0x0041, 0x0041, 0x0041, 0x0041, 0x0041,
	0x0041, 0x0041, 0x0041, 0x0041, 0x0041, 0x0041, 0x0041, 0x0041, 0x0041, 0x0041, 0x0041, 0x0041,
	0x0041, 0x0041, 0x0041, 0x0041, 0x0041, 0x0041, 0x0041, 0x0041, 0x0041, 0x0041, 0x0041, 0x0041,
	0x0041, 0x0041, 0x0041, 0x0041, 0x0041, 0x0041, 0x0041, 0x0041, 0x0041, 0x0041, 0x0041, 0x0041,
	0x0041, 0x0041, 0x0041, 0x0041, 0x0041, 0x0041, 0x0041, 0x0041, 0x0041, 0x0041, 0x0041, 0x0041,
	0x0041, 0x0041, 0x0041, 0x0041, 0x0041, 0x0041, 0x0041, 0x0041, 0x0041, 0x0041, 0x0041, 0x0041,
	0x0041, 0x0041, 0x0041, 0x0041, 0x0041, 0x0041, 0x0041, 0x0041, 0x0041, 0x0041, 0x0041, 0x0041,
	0x0041, 0x0041, 0x0041, 0x0041, 0x0041, 0x0041, 0x0041, 0x0041, 0x0041, 0x0041, 0x0041, 0x0041,
	0x0041, 0x0041, 0x0041, 0x52EB, 0x52EB, 0x0041, 0x0041, 0x0041, 0x0041, 0x0041, 0x0041, 0x0041,
	0x0041, 0x0041, 0x0041, 0x0041, 0x0041, 0x0041, 0x0041, 0x0041, 0x0041, 0x0041, 0x0041, 0x0041,
	0x0041, 0x0041, 0x0041, 0x0041, 0x0041, 0x0041, 0x0041, 0x0041, 0x0041, 0x0041, 0x0041, 0x0041,
	0x0041, 0x0041, 0x0041, 0x0041, 0x0041, 0x0041, 0x0041, 0x0041, 0x0041, 0x0041, 0x0041, 0x0041,
	0x0041, 0x0041, 0x0041, 0x0041, 0x0041, 0x0041, 0x0041, 0x0041, 0x0041, 0x0041, 0x0041, 0x0041,
	0x0041, 0x0041, 0x0041, 0x0041, 0x0041, 0x0041, 0x0041, 0x0041, 0x0041, 0x0041, 0x0041, 0x0041,
	0x0041, 0x0041, 0x0041, 0x0041, 0x0041, 0x0041, 0x0041, 0x0041, 0x0041, 0x0041, 0x0041, 0x0041,
	0x0041, 0x0041, 0x0041, 0x0041, 0x0041, 0x0041, 0x0041, 0x0041, 0x0041, 0x0041, 0x0041, 0x0041,
	0x0041, 0x0041, 0x0041, 0x0041, 0x0041, 0x0041, 0x0041, 0x0041, 0x0041, 0x0041, 0x0041, 0x0041,
	0x0041, 0x0041, 0x0041, 0x0041, 0x0041, 0x0041, 0x0041, 0x0041, 0x0041, 0x0041, 0x0041, 0x0041,
	0x0041, 0x0041, 0x0041, 0x0041, 0x0041, 0x0041, 0x0041, 0x0041, 0x0041, 0x0041, 0x0041, 0x0041,
	0x0041, 0x0041, 0x0041, 0x0041, 0x0041, 0x0041, 0x0041, 0x0041, 0x0041, 0x0041, 0x0041, 0x0041,
	0x0041, 0x0041, 0x0041, 0x0041, 0x0041, 0x0041, 0x0041, 0x0041, 0x0041, 0x0041, 0x0041, 0x0041,
	0x0041, 0x0041, 0x0041, 0x0041, 0x0041, 0x0041, 0x0041, 0x0041, 0x0041, 0x0041, 0x0041, 0x0041,
	0x0041, 0x0041, 0x0041, 0x0041, 0x0041, 0x0041, 0x0041, 0x0041, 0x0041, 0x0041, 0x0041, 0x0041,
	0x0041, 0x0041, 0x0041, 0x0041, 0x0041, 0x0041, 0x0041, 0x0041, 0x0041, 0x0041, 0x0041, 0x0041,
	0x0041, 0x0041, 0x0041, 0x0041, 0x0041, 0x0041, 0x0041, 0x0041, 0x0041, 0x0041, 0x0041, 0x0041,
	0x0041, 0x0041, 0x0041, 0x0041, 0x0041, 0x0041, 0x0041, 0x0041, 0x0041, 0x0041, 0x0041, 0x0041,
	0x0041, 0x0041, 0x0041, 0x0041, 0x0041, 0x0041, 0x0041, 0x0041, 0x0041, 0x0041, 0x0041, 0x0041,
	0x0041, 0x0041, 0x0041, 0x0041, 0x0041, 0x0041, 0x0041, 0x0041, 0x0041, 0x0041, 0x0041, 0x0041,
	0x0041, 0x52EB, 0x52EB, 0x0041, 0x0041, 0x0041, 0x0041, 0x0041, 0x0041, 0x0041, 0x0041, 0x0041,
	0x0041, 0x0041, 0x0041, 0x0041, 0x0041, 0x0041, 0x0041, 0x0041, 0x0041, 0x0041, 0x0041, 0x0041,
	0x0041, 0x0041, 0x0041, 0x0041, 0x0041, 0x0041, 0x0041, 0x0041, 0x0041, 0x0041, 0x0041, 0x0041,
	0x0041, 0x0041, 0x0041, 0x0041, 0x0041, 0x0041, 0x0041, 0x0041, 0x0041, 0x0041, 0x0041, 0x0041,
	0x0041, 0x0041, 0x0041, 0x0041, 0x0041, 0x0041, 0x0041, 0x0041, 0x0041, 0x0041, 0x0041, 0x0041,
	0x0041, 0x0041, 0x0041, 0x0041, 0x0041, 0x0041, 0x0041, 0x0041, 0x0041, 0x0041, 0x0041, 0x0041,
	0x0041, 0x0041, 0x0041, 0x0041, 0x0041, 0x0041, 0x0041, 0x0041, 0x0041, 0x0041, 0x0041, 0x0041,
	0x0041, 0x0041, 0x0041, 0x0041, 0x0041, 0x0041, 0x0041, 0x0041, 0x0041, 0x0041, 0x0041, 0x0041,
	0x0041, 0x0041, 0x0041, 0x0041, 0x0041, 0x0041, 0x0041, 0x0041, 0x0041, 0x0041, 0x0041, 0x0041,
	0x0041, 0x0041, 0x0041, 0x0041, 0x0041, 0x0041, 0x0041, 0x0041, 0x0041, 0x0041, 0x0041, 0x0041,
	0x0041, 0x0041, 0x0041, 0x0041, 0x0041, 0x0041, 0x0041, 0x0041, 0x0041, 0x0041, 0x0041, 0x0041,
	0x0041, 0x0041, 0x0041, 0x0041, 0x0041, 0x0041, 0x0041, 0x0041, 0x0041, 0x0041, 0x0041, 0x0041,
	0x0041, 0x0041, 0x0041, 0x0041, 0x0041, 0x0041, 0x0041, 0x0041, 0x0041, 0x0041, 0x0041, 0x0041,
	0x0041, 0x0041, 0x0041, 0x0041, 0x0041, 0x0041, 0x0041, 0x0041, 0x0041, 0x0041, 0x0041, 0x0041,
	0x0041, 0x0041, 0x0041, 0x0041, 0x0041, 0x0041, 0x0041, 0x0041, 0x0041, 0x0041, 0x0041, 0x0041,
	0x0041, 0x0041, 0x0041, 0x0041, 0x0041, 0x0041, 0x0041, 0x0041, 0x0041, 0x0041, 0x0041, 0x0041,
	0x0041, 0x0041, 0x0041, 0x0041, 0x0041, 0x0041, 0x0041, 0x0041, 0x0041, 0x0041, 0x0041, 0x0041,
	0x0041, 0x0041, 0x0041, 0x0041, 0x0041, 0x0041, 0x0041, 0x0041, 0x0041, 0x0041, 0x0041, 0x0041,
	0x0041, 0x0041, 0x0041, 0x0041, 0x0041, 0x0041, 0x0041, 0x0041, 0x0041, 0x0041, 0x0041, 0x0041,
	0x0041, 0x0041, 0x0041, 0x0041, 0x0041, 0x0041, 0x0041, 0x0041, 0x0041, 0x0041, 0x0041, 0x52EB,
	0x52EB, 0x0041, 0x0041, 0x0041, 0x0041, 0x0041, 0x0041, 0x0041, 0x0041, 0x0041, 0x0041, 0x0041,
	0x0041, 0x0041, 0x0041, 0x0041, 0x0041, 0x0041, 0x0041, 0x0041, 0x0041, 0x0041, 0x0041, 0x0041,
	0x0041, 0x0041, 0x0041, 0x0041, 0x0041, 0x0041, 0x0041, 0x0041, 0x0041, 0x0041, 0x0041, 0x0041,
	0x0041, 0x0041, 0x0041, 0x0041, 0x0041, 0x0041, 0x0041, 0x0041, 0x0041, 0x0041, 0x0041, 0x0041,
	0x0041, 0x0041, 0x0041, 0x0041, 0x0041, 0x0041, 0x0041, 0x0041, 0x0041, 0x0041, 0x0041, 0x0041,
	0x0041, 0x0041, 0x0041, 0x0041, 0x0041, 0x0041, 0x0041, 0x0041, 0x0041, 0x0041, 0x0041, 0x0041,
	0x0041, 0x0041, 0x0041, 0x0041, 0x0041, 0x0041, 0x0041, 0x0041, 0x0041, 0x0041, 0x0041, 0x0041,
	0x0041, 0x0041, 0x0041, 0x0041, 0x0041, 0x0041, 0x0041, 0x0041, 0x0041, 0x0041, 0x0041, 0x0041,
	0x0041, 0x0041, 0x0041, 0x0041, 0x0041, 0x0041, 0x0041, 0x0041, 0x0041, 0x0041, 0x0041, 0x0041,
	0x0041, 0x0041, 0x0041, 0x0041, 0x0041, 0x0041, 0x0041, 0x0041, 0x0041, 0x0041, 0x0041, 0x0041,
	0x0041, 0x0041, 0x0041, 0x0041, 0x0041, 0x0041, 0x0041, 0x0041, 0x0041, 0x0041, 0x0041, 0x0041,
	0x0041, 0x0041, 0x0041, 0x0041, 0x0041, 0x0041, 0x0041, 0x0041, 0x0041, 0x0041, 0x0041, 0x0041,
	0x0041, 0x0041, 0x0041, 0x0041, 0x0041, 0x0041, 0x0041, 0x0041, 0x0041, 0x0041, 0x0041, 0x0041,
	0x0041, 0x0041, 0x0041, 0x0041, 0x0041, 0x0041, 0x0041, 0x0041, 0x0041, 0x0041, 0x0041, 0x0041,
	0x0041, 0x0041, 0x0041, 0x0041, 0x0041, 0x0041, 0x0041, 0x0041, 0x0041, 0x0041, 0x0041, 0x0041,
	0x0041, 0x0041, 0x0041, 0x0041, 0x0041, 0x0041, 0x0041, 0x0041, 0x0041, 0x0041, 0x0041, 0x0041,
	0x0041, 0x0041, 0x0041, 0x0041, 0x0041, 0x0041, 0x0041, 0x0041, 0x0041, 0x0041, 0x0041, 0x0041,
	0x0041, 0x0041, 0x0041, 0x0041, 0x0041, 0x0041, 0x0041, 0x0041, 0x0041, 0x0041, 0x0041, 0x0041,
	0x0041, 0x0041, 0x0041, 0x0041, 0x0041, 0x0041, 0x0041, 0x0041, 0x0041, 0x0041, 0x0041, 0x0041,
	0x0041, 0x0041, 0x0041, 0x0041, 0x0041, 0x0041, 0x0041, 0x0041, 0x0041, 0x52EB, 0x52EB, 0x0041,
	0x0041, 0x0041, 0x0041, 0x0041, 0x0041, 0x0041, 0x0041, 0x0041, 0x0041, 0x0041, 0x0041, 0x0041,
	0x0041, 0x0041, 0x0041, 0x0041, 0x0041, 0x0041, 0x0041, 0x0041, 0x0041, 0x0041, 0x0041, 0x0041,
	0x0041, 0x0041, 0x0041, 0x0041, 0x0041, 0x0041, 0x0041, 0x0041, 0x0041, 0x0041, 0x0041, 0x0041,
	0x0041, 0x0041, 0x0041, 0x0041, 0x0041, 0x0041, 0x0041, 0x0041, 0x0041, 0x0041, 0x0041, 0x0041,
	0x0041, 0x0041, 0x0041, 0x0041, 0x0041, 0x0041, 0x0041, 0x0041, 0x0041, 0x0041, 0x0041, 0x0041,
	0x0041, 0x0041, 0x0041, 0x0041, 0x0041, 0x0041, 0x0041, 0x0041, 0x0041, 0x0041, 0x0041, 0x0041,
	0x0041, 0x0041, 0x0041, 0x0041, 0x0041, 0x0041, 0x0041, 0x0041, 0x0041, 0x0041, 0x0041, 0x0041,
	0x0041, 0x0041, 0x0041, 0x0041, 0x0041, 0x0041, 0x0041, 0x0041, 0x0041, 0x0041, 0x0041, 0x0041,
	0x0041, 0x0041, 0x0041, 0x0041, 0x0041, 0x0041, 0x0041, 0x0041, 0x0041, 0x0041, 0x0041, 0x0041,
	0x0041, 0x0041, 0x0041, 0x0041, 0x0041, 0x0041, 0x0041, 0x0041, 0x0041, 0x0041, 0x0041, 0x0041,
	0x0041, 0x0041, 0x0041, 0x0041, 0x0041, 0x0041, 0x0041, 0x0041, 0x0041, 0x0041, 0x0041, 0x0041,
	0x0041, 0x0041, 0x0041, 0x0041, 0x0041, 0x0041, 0x0041, 0x0041, 0x0041, 0x0041, 0x0041, 0x0041,
	0x0041, 0x0041, 0x0041, 0x0041, 0x0041, 0x0041, 0x0041, 0x0041, 0x0041, 0x0041, 0x0041, 0x0041,
	0x0041, 0x0041, 0x0041, 0x0041, 0x0041, 0x0041, 0x0041, 0x0041, 0x0041, 0x0041, 0x0041, 0x0041,
	0x0041, 0x0041, 0x0041, 0x0041, 0x0041, 0x0041, 0x0041, 0x0041, 0x0041, 0x0041, 0x0041, 0x0041,
	0x0041, 0x0041, 0x0041, 0x0041, 0x0041, 0x0041, 0x0041, 0x0041, 0x0041, 0x0041, 0x0041, 0x0041,
	0x0041, 0x0041, 0x0041, 0x0041, 0x0041, 0x0041, 0x0041, 0x0041, 0x0041, 0x0041, 0x0041, 0x0041,
	0x0041, 0x0041, 0x0041, 0x0041, 0x0041, 0x0041, 0x0041, 0x0041, 0x0041, 0x0041, 0x0041, 0x0041,
	0x0041, 0x0041, 0x0041, 0x0041, 0x0041, 0x0041, 0x0041, 0x0041, 0x0041, 0x0041, 0x0041, 0x0041,
	0x0041, 0x0041, 0x0041, 0x0041, 0x0041, 0x0041, 0x0041, 0x52EB, 0x52EB, 0x0041, 0x0041, 0x0041,
	0x0041, 0x0041, 0x0041, 0x0041, 0x0041, 0x0041, 0x0041, 0x0041, 0x0041, 0x0041, 0x0041, 0x0041,
	0x0041, 0x0041, 0x0041, 0x0041, 0x0041, 0x0041, 0x0041, 0x0041, 0x0041, 0x0041, 0x0041, 0x0041,
	0x0041, 0x0041, 0x0041, 0x0041, 0x0041, 0x0041, 0x0041, 0x0041, 0x0041, 0x0041, 0x0041, 0x0041,
	0x0041, 0x0041, 0x0041, 0x0041, 0x0041, 0x0041, 0x0041, 0x0041, 0x0041, 0x0041, 0x0041, 0x0041,
	0x0041, 0x0041, 0x0041, 0x0041, 0x0041, 0x0041, 0x0041, 0x0041, 0x0041, 0x0041, 0x0041, 0x0041,
	0x0041, 0x0041, 0x0041, 0x0041, 0x0041, 0x0041, 0x0041, 0x0041, 0x0041, 0x0041, 0x0041, 0x0041,
	0x0041, 0x0041, 0x0041, 0x0041, 0x0041, 0x0041, 0x0041, 0x0041, 0x0041, 0x0041, 0x0041, 0x0041,
	0x0041, 0x0041, 0x0041, 0x0041, 0x0041, 0x0041, 0x0041, 0x0041, 0x0041, 0x0041, 0x0041, 0x0041,
	0x0041, 0x0041, 0x0041, 0x0041, 0x0041, 0x0041, 0x0041, 0x0041, 0x0041, 0x0041, 0x0041, 0x0041,
	0x0041, 0x0041, 0x0041, 0x0041, 0x0041, 0x0041, 0x0041, 0x0041, 0x0041, 0x0041, 0x0041, 0x0041,
	0x0041, 0x0041, 0x0041, 0x0041, 0x0041, 0x0041, 0x0041, 0x0041, 0x0041, 0x0041, 0x0041, 0x0041,
	0x0041, 0x0041, 0x0041, 0x0041, 0x0041, 0x0041, 0x0041, 0x0041, 0x0041, 0x0041, 0x0041, 0x0041,
	0x0041, 0x0041, 0x0041, 0x0041, 0x0041, 0x0041, 0x0041, 0x0041, 0x0041, 0x0041, 0x0041, 0x0041,
	0x0041, 0x0041, 0x0041, 0x0041, 0x0041, 0x0041, 0x0041, 0x0041, 0x0041, 0x0041, 0x0041, 0x0041,
	0x0041, 0x0041, 0x0041, 0x0041, 0x0041, 0x0041, 0x0041, 0x0041, 0x0041, 0x0041, 0x0041, 0x0041,
	0x0041, 0x0041, 0x0041, 0x0041, 0x0041, 0x0041, 0x0041, 0x0041, 0x0041, 0x0041, 0x0041, 0x0041,
	0x0041, 0x0041, 0x0041, 0x0041, 0x0041, 0x0041, 0x0041, 0x0041, 0x0041, 0x0041, 0x0041, 0x0041,
	0x0041, 0x0041, 0x0041, 0x0041, 0x0041, 0x0041, 0x0041, 0x0041, 0x0041, 0x0041, 0x0041, 0x0041,
	0x0041, 0x0041, 0x0041, 0x0041, 0x0041, 0x0041, 0x0041, 0x0041, 0x0041, 0x0041, 0x0041, 0x0041,
	0x0041, 0x0041, 0x0041, 0x0041, 0x0041, 0x52EB, 0x52EB, 0x0041, 0x0041, 0x0041, 0x0041, 0x0041,
	0x0041, 0x0041, 0x0041, 0x0041, 0x0041, 0x0041, 0x0041, 0x0041, 0x0041, 0x0041, 0x0041, 0x0041,
	0x0041, 0x0041, 0x0041, 0x0041, 0x0041, 0x0041, 0x0041, 0x0041, 0x0041, 0x0041, 0x0041, 0x0041,
	0x0041, 0x0041, 0x0041, 0x0041, 0x0041, 0x0041, 0x0041, 0x0041, 0x0041, 0x0041, 0x0041, 0x0041,
	0x0041, 0x0041, 0x0041, 0x0041, 0x0041, 0x0041, 0x0041, 0x0041, 0x0041, 0x0041, 0x0041, 0x0041,
	0x0041, 0x0041, 0x0041, 0x0041, 0x0041, 0x0041, 0x0041, 0x0041, 0x0041, 0x0041, 0x0041, 0x0041,
	0x0041, 0x0041, 0x0041, 0x0041, 0x0041, 0x0041, 0x0041, 0x0041, 0x0041, 0x0041, 0x0041, 0x0041,
	0x0041, 0x0041, 0x0041, 0x0041, 0x0041, 0x0041, 0x0041, 0x0041, 0x0041, 0x0041, 0x0041, 0x0041,
	0x0041, 0x0041, 0x0041, 0x0041, 0x0041, 0x0041, 0x0041, 0x0041, 0x0041, 0x0041, 0x0041, 0x0041,
	0x0041, 0x0041, 0x0041, 0x0041, 0x0041, 0x0041, 0x0041, 0x0041, 0x0041, 0x0041, 0x0041, 0x0041,
	0x0041, 0x0041, 0x0041, 0x0041, 0x0041, 0x0041, 0x0041, 0x0041, 0x0041, 0x0041, 0x0041, 0x0041,
	0x0041, 0x0041, 0x0041, 0x0041, 0x0041, 0x0041, 0x0041, 0x0041, 0x0041, 0x0041, 0x0041, 0x0041,
	0x0041, 0x0041, 0x0041, 0x0041, 0x0041, 0x0041, 0x0041, 0x0041, 0x0041, 0x0041, 0x0041, 0x0041,
	0x0041, 0x0041, 0x0041, 0x0041, 0x0041, 0x0041, 0x0041, 0x0041, 0x0041, 0x0041, 0x0041, 0x0041,
	0x0041, 0x0041, 0x0041, 0x0041, 0x0041, 0x0041, 0x0041, 0x0041, 0x0041, 0x0041, 0x0041, 0x0041,
	0x0041, 0x0041, 0x0041, 0x0041, 0x0041, 0x0041, 0x0041, 0x0041, 0x0041, 0x0041, 0x0041, 0x0041,
	0x0041, 0x0041, 0x0041, 0x0041, 0x0041, 0x0041, 0x0041, 0x0041, 0x0041, 0x0041, 0x0041, 0x0041,
	0x0041, 0x0041, 0x0041, 0x0041, 0x0041, 0x0041, 0x0041, 0x0041, 0x0041, 0x0041, 0x0041, 0x0041,
	0x0041, 0x0041, 0x0041, 0x0041, 0x0041, 0x0041, 0x0041, 0x0041, 0x0041, 0x0041, 0x0041, 0x0041,
	0x0041, 0x0041, 0x0041, 0x0041, 0x0041, 0x0041, 0x0041, 0x0041, 0x0041, 0x0041, 0x0041, 0x0041,
	0x0041, 0x0041, 0x0041, 0x52EB, 0x52EB, 0x0041, 0x0041, 0x0041, 0x0041, 0x0041, 0x0041, 0x0041,
	0x0041, 0x0041, 0x0041, 0x0041, 0x0041, 0x0041, 0x0041, 0x0041, 0x0041, 0x0041, 0x0041, 0x0041,
	0x0041, 0x0041, 0x0041, 0x0041, 0x0041, 0x0041, 0x0041, 0x0041, 0x0041, 0x0041, 0x0041, 0x0041,
	0x0041, 0x0041, 0x0041, 0x0041, 0x0041, 0x0041, 0x0041, 0x0041, 0x0041, 0x0041, 0x0041, 0x0041,
	0x0041, 0x0041, 0x0041, 0x0041, 0x0041, 0x0041, 0x0041, 0x0041, 0x0041, 0x0041, 0x0041, 0x0041,
	0x0041, 0x0041, 0x0041, 0x0041, 0x0041, 0x0041, 0x0041, 0x0041, 0x0041, 0x0041, 0x0041, 0x0041,
	0x0041, 0x0041, 0x0041, 0x0041, 0x0041, 0x0041, 0x0041, 0x0041, 0x0041, 0x0041, 0x0041, 0x0041,
	0x0041, 0x0041, 0x0041, 0x0041, 0x0041, 0x0041, 0x0041, 0x0041, 0x0041, 0x0041, 0x0041, 0x0041,
	0x0041, 0x0041, 0x0041, 0x0041, 0x0041, 0x0041, 0x0041, 0x0041, 0x0041, 0x0041, 0x0041, 0x0041,
	0x0041, 0x0041, 0x0041, 0x0041, 0x0041, 0x0041, 0x0041, 0x0041, 0x0041, 0x0041, 0x0041, 0x0041,
	0x0041, 0x0041, 0x0041, 0x0041, 0x0041, 0x0041, 0x0041, 0x0041, 0x0041, 0x0041, 0x0041, 0x0041,
	0x0041, 0x0041, 0x0041, 0x0041, 0x0041, 0x0041, 0x0041, 0x0041, 0x0041, 0x0041, 0x0041, 0x0041,
	0x0041, 0x0041, 0x0041, 0x0041, 0x0041, 0x0041, 0x0041, 0x0041, 0x0041, 0x0041, 0x0041, 0x0041,
	0x0041, 0x0041, 0x0041, 0x0041, 0x0041, 0x0041, 0x0041, 0x0041, 0x0041, 0x0041, 0x0041, 0x0041,
	0x0041, 0x0041, 0x0041, 0x0041, 0x0041, 0x0041, 0x0041, 0x0041, 0x0041, 0x0041, 0x0041, 0x0041,
	0x0041, 0x0041, 0x0041, 0x0041, 0x0041, 0x0041, 0x0041, 0x0041, 0x0041, 0x0041, 0x0041, 0x0041,
	0x0041, 0x0041, 0x0041, 0x0041, 0x0041, 0x0041, 0x0041, 0x0041, 0x0041, 0x0041, 0x0041, 0x0041,
	0x0041, 0x0041, 0x0041, 0x0041, 0x0041, 0x0041, 0x0041, 0x0041, 0x0041, 0x0041, 0x0041, 0x0041,
	0x0041, 0x0041, 0x0041, 0x0041, 0x0041, 0x0041, 0x0041, 0x0041, 0x0041, 0x0041, 0x0041, 0x0041,
	0x0041, 0x0041, 0x0041, 0x0041, 0x0041, 0x0041, 0x0041, 0x0041, 0x0041, 0x0041, 0x0041, 0x0041,
	0x0041, 0x52EB, 0x52EB, 0x0041, 0x0041, 0x0041, 0x0041, 0x0041, 0x0041, 0x0041, 0x0041, 0x0041,
	0x0041, 0x0041, 0x0041, 0x0041, 0x0041, 0x0041, 0x0041, 0x0041, 0x0041, 0x0041, 0x0041, 0x0041,
	0x0041, 0x0041, 0x0041, 0x0041, 0x0041, 0x0041, 0x0041, 0x0041, 0x0041, 0x0041, 0x0041, 0x0041,
	0x0041, 0x0041, 0x0041, 0x0041, 0x0041, 0x0041, 0x0041, 0x0041, 0x0041, 0x0041, 0x0041, 0x0041,
	0x0041, 0x0041, 0x0041, 0x0041, 0x0041, 0x0041, 0x0041, 0x0041, 0x0041, 0x0041, 0x0041, 0x0041,
	0x0041, 0x0041, 0x0041, 0x0041, 0x0041, 0x0041, 0x0041, 0x0041, 0x0041, 0x0041, 0x0041, 0x0041,
	0x0041, 0x0041, 0x0041, 0x0041, 0x0041, 0x0041, 0x0041, 0x0041, 0x0041, 0x0041, 0x0041, 0x0041,
	0x0041, 0x0041, 0x0041, 0x0041, 0x0041, 0x0041, 0x0041, 0x0041, 0x0041, 0x0041, 0x0041, 0x0041,
	0x0041, 0x0041, 0x0041, 0x0041, 0x0041, 0x0041, 0x0041, 0x0041, 0x0041, 0x0041, 0x0041, 0x0041,
	0x0041, 0x0041, 0x0041, 0x0041, 0x0041, 0x0041, 0x0041, 0x0041, 0x0041, 0x0041, 0x0041, 0x0041,
	0x0041, 0x0041, 0x0041, 0x0041, 0x0041, 0x0041, 0x0041, 0x0041, 0x0041, 0x0041, 0x0041, 0x0041,
	0x0041, 0x0041, 0x0041, 0x0041, 0x0041, 0x0041, 0x0041, 0x0041, 0x0041, 0x0041, 0x0041, 0x0041,
	0x0041, 0x0041, 0x0041, 0x0041, 0x0041, 0x0041, 0x0041, 0x0041, 0x0041, 0x0041, 0x0041, 0x0041,
	0x0041, 0x0041, 0x0041, 0x0041, 0x0041, 0x0041, 0x0041, 0x0041, 0x0041, 0x0041, 0x0041, 0x0041,
	0x0041, 0x0041, 0x0041, 0x0041, 0x0041, 0x0041, 0x0041, 0x0041, 0x0041, 0x0041, 0x0041, 0x0041,
	0x0041, 0x0041, 0x0041, 0x0041, 0x0041, 0x0041, 0x0041, 0x0041, 0x0041, 0x0041, 0x0041, 0x0041,
	0x0041, 0x0041, 0x0041, 0x0041, 0x0041, 0x0041, 0x0041, 0x0041, 0x0041, 0x0041, 0x0041, 0x0041,
	0x0041, 0x0041, 0x0041, 0x0041, 0x0041, 0x0041, 0x0041, 0x0041, 0x0041, 0x0041, 0x0041, 0x0041,
	0x0041, 0x0041, 0x0041, 0x0041, 0x0041, 0x0041, 0x0041, 0x0041, 0x0041, 0x0041, 0x0041, 0x0041,
	0x0041, 0x0041, 0x0041, 0x0041, 0x0041, 0x0041, 0x0041, 0x0041, 0x0041, 0x0041, 0x0041, 0x52EB,
	0x52EB, 0x0041, 0x0041, 0x0041, 0x0041, 0x0041, 0x0041, 0x0041, 0x0041, 0x0041, 0x0041, 0x0041,
	0x0041, 0x0041, 0x0041, 0x0041, 0x0041, 0x0041, 0x0041, 0x0041, 0x0041, 0x0041, 0x0041, 0x0041,
	0x0041, 0x0041, 0x0041, 0x0041, 0x0041, 0x0041, 0x0041, 0x0041, 0x0041, 0x0041, 0x0041, 0x0041,
	0x0041, 0x0041, 0x0041, 0x0041, 0x0041, 0x0041, 0x0041, 0x0041, 0x0041, 0x0041, 0x0041, 0x0041,
	0x0041, 0x0041, 0x0041, 0x0041, 0x0041, 0x0041, 0x0041, 0x0041, 0x0041, 0x0041, 0x0041, 0x0041,
	0x0041, 0x0041, 0x0041, 0x0041, 0x0041, 0x0041, 0x0041, 0x0041, 0x0041, 0x0041, 0x0041, 0x0041,
	0x0041, 0x0041, 0x0041, 0x0041, 0x0041, 0x0041, 0x0041, 0x0041, 0x0041, 0x0041, 0x0041, 0x0041,
	0x0041, 0x0041, 0x0041, 0x0041, 0x0041, 0x0041, 0x0041, 0x0041, 0x0041, 0x0041, 0x0041, 0x0041,
	0x0041, 0x0041, 0x0041, 0x0041, 0x0041, 0x0041, 0x0041, 0x0041, 0x0041, 0x0041, 0x0041, 0x0041,
	0x0041, 0x0041, 0x0041, 0x0041, 0x0041, 0x0041, 0x0041, 0x0041, 0x0041, 0x0041, 0x0041, 0x0041,
	0x0041, 0x0041, 0x0041, 0x0041, 0x0041, 0x0041, 0x0041, 0x0041, 0x0041, 0x0041, 0x0041, 0x0041,
	0x0041, 0x0041, 0x0041, 0x0041, 0x0041, 0x0041, 0x0041, 0x0041, 0x0041, 0x0041, 0x0041, 0x0041,
	0x0041, 0x0041, 0x0041, 0x0041, 0x0041, 0x0041, 0x0041, 0x0041, 0x0041, 0x0041, 0x0041, 0x0041,
	0x0041, 0x0041, 0x0041, 0x0041, 0x0041, 0x0041, 0x0041, 0x0041, 0x0041, 0x0041, 0x0041, 0x0041,
	0x0041, 0x0041, 0x0041, 0x0041, 0x0041, 0x0041, 0x0041, 0x0041, 0x0041, 0x0041, 0x0041, 0x0041,
	0x0041, 0x0041, 0x0041, 0x0041, 0x0041, 0x0041, 0x0041, 0x0041, 0x0041, 0x0041, 0x0041, 0x0041,
	0x0041, 0x0041, 0x0041, 0x0041, 0x0041, 0x0041, 0x0041, 0x0041, 0x0041, 0x0041, 0x0041, 0x0041,
	0x0041, 0x0041, 0x0041, 0x0041, 0x0041, 0x0041, 0x0041, 0x0041, 0x0041, 0x0041, 0x0041, 0x0041,
	0x0041, 0x0041, 0x0041, 0x0041, 0x0041, 0x0041, 0x0041, 0x0041, 0x0041, 0x0041, 0x0041, 0x0041,
	0x0041, 0x0041, 0x0041, 0x0041, 0x0041, 0x0041, 0x0041, 0x0041, 0x0041, 0x52EB, 0x52EB, 0x0041,
	0x0041, 0x0041, 0x0041, 0x0041, 0x0041, 0x0041, 0x0041, 0x0041, 0x0041, 0x0041, 0x0041, 0x0041,
	0x0041, 0x0041, 0x0041, 0x0041, 0x0041, 0x0041, 0x0041, 0x0041, 0x0041, 0x0041, 0x0041, 0x0041,
	0x0041, 0x0041, 0x0041, 0x0041, 0x0041, 0x0041, 0x0041, 0x0041, 0x0041, 0x0041, 0x0041, 0x0041,
	0x0041, 0x0041, 0x0041, 0x0041, 0x0041, 0x0041, 0x0041, 0x0041, 0x0041, 0x0041, 0x0041, 0x0041,
	0x0041, 0x0041, 0x0041, 0x0041, 0x0041, 0x0041, 0x0041, 0x0041, 0x0041, 0x0041, 0x0041, 0x0041,
	0x0041, 0x0041, 0x0041, 0x0041, 0x0041, 0x0041, 0x0041, 0x0041, 0x0041, 0x0041, 0x0041, 0x0041,
	0x0041, 0x0041, 0x0041, 0x0041, 0x0041, 0x0041, 0x0041, 0x0041, 0x0041, 0x0041, 0x0041, 0x0041,
	0x0041, 0x0041, 0x0041, 0x0041, 0x0041, 0x0041, 0x0041, 0x0041, 0x0041, 0x0041, 0x0041, 0x0041,
	0x0041, 0x0041, 0x0041, 0x0041, 0x0041, 0x0041, 0x0041, 0x0041, 0x0041, 0x0041, 0x0041, 0x0041,
	0x0041, 0x0041, 0x0041, 0x0041, 0x0041, 0x0041, 0x0041, 0x0041, 0x0041, 0x0041, 0x0041, 0x0041,
	0x0041, 0x0041, 0x0041, 0x0041, 0x0041, 0x0041, 0x0041, 0x0041, 0x0041, 0x0041, 0x0041, 0x0041,
	0x0041, 0x0041, 0x0041, 0x0041, 0x0041, 0x0041, 0x0041, 0x0041, 0x0041, 0x0041, 0x0041, 0x0041,
	0x0041, 0x0041, 0x0041, 0x0041, 0x0041, 0x0041, 0x0041, 0x0041, 0x0041, 0x0041, 0x0041, 0x0041,
	0x0041, 0x0041, 0x0041, 0x0041, 0x0041, 0x0041, 0x0041, 0x0041, 0x0041, 0x0041, 0x0041, 0x0041,
	0x0041, 0x0041, 0x0041, 0x0041, 0x0041, 0x0041, 0x0041, 0x0041, 0x0041, 0x0041, 0x0041, 0x0041,
	0x0041, 0x0041, 0x0041, 0x0041, 0x0041, 0x0041, 0x0041, 0x0041, 0x0041, 0x0041, 0x0041, 0x0041,
	0x0041, 0x0041, 0x0041, 0x0041, 0x0041, 0x0041, 0x0041, 0x0041, 0x0041, 0x0041, 0x0041, 0x0041,
	0x0041, 0x0041, 0x0041, 0x0041, 0x0041, 0x0041, 0x0041, 0x0041, 0x0041, 0x0041, 0x0041, 0x0041,
	0x0041, 0x0041, 0x0041, 0x0041, 0x0041, 0x0041, 0x0041, 0x0041, 0x0041, 0x0041, 0x0041, 0x0041,
	0x0041, 0x0041, 0x0041, 0x0041, 0x0041, 0x0041, 0x0041, 0x52EB, 0x52EB, 0x0041, 0x0041, 0x0041,
	0x0041, 0x0041, 0x0041, 0x0041, 0x0041, 0x0041, 0x0041, 0x0041, 0x0041, 0x0041, 0x0041, 0x0041,
	0x0041, 0x0041, 0x0041, 0x0041, 0x0041, 0x0041, 0x0041, 0x0041, 0x0041, 0x0041, 0x0041, 0x0041,
	0x0041, 0x0041, 0x0041, 0x0041, 0x0041, 0x0041, 0x0041, 0x0041, 0x0041, 0x0041, 0x0041, 0x0041,
	0x0041, 0x0041, 0x0041, 0x0041, 0x0041, 0x0041, 0x0041, 0x0041, 0x0041, 0x0041, 0x0041, 0x0041,
	0x0041, 0x0041, 0x0041, 0x0041, 0x0041, 0x0041, 0x0041, 0x0041, 0x0041, 0x0041, 0x0041, 0x0041,
	0x0041, 0x0041, 0x0041, 0x0041, 0x0041, 0x0041, 0x0041, 0x0041, 0x0041, 0x0041, 0x0041, 0x0041,
	0x0041, 0x0041, 0x0041, 0x0041, 0x0041, 0x0041, 0x0041, 0x0041, 0x0041, 0x0041, 0x0041, 0x0041,
	0x0041, 0x0041, 0x0041, 0x0041, 0x0041, 0x0041, 0x0041, 0x0041, 0x0041, 0x0041, 0x0041, 0x0041,
	0x0041, 0x0041, 0x0041, 0x0041, 0x0041, 0x0041, 0x0041, 0x0041, 0x0041, 0x0041, 0x0041, 0x0041,
	0x0041, 0x0041, 0x0041, 0x0041, 0x0041, 0x0041, 0x0041, 0x0041, 0x0041, 0x0041, 0x0041, 0x0041,
	0x0041, 0x0041, 0x0041, 0x0041, 0x0041, 0x0041, 0x0041, 0x0041, 0x0041, 0x0041, 0x0041, 0x0041,
	0x0041, 0x0041, 0x0041, 0x0041, 0x0041, 0x0041, 0x0041, 0x0041, 0x0041, 0x0041, 0x0041, 0x0041,
	0x0041, 0x0041, 0x0041, 0x0041, 0x0041, 0x0041, 0x0041, 0x0041, 0x0041, 0x0041, 0x0041, 0x0041,
	0x0041, 0x0041, 0x0041, 0x0041, 0x0041, 0x0041, 0x0041, 0x0041, 0x0041, 0x0041, 0x0041, 0x0041,
	0x0041, 0x0041, 0x0041, 0x0041, 0x0041, 0x0041, 0x0041, 0x0041, 0x0041, 0x0041, 0x0041, 0x0041,
	0x0041, 0x0041, 0x0041, 0x0041, 0x0041, 0x0041, 0x0041, 0x0041, 0x0041, 0x0041, 0x0041, 0x0041,
	0x0041, 0x0041, 0x0041, 0x0041, 0x0041, 0x0041, 0x0041, 0x0041, 0x0041, 0x0041, 0x0041, 0x0041,
	0x0041, 0x0041, 0x0041, 0x0041, 0x0041, 0x0041, 0x0041, 0x0041, 0x0041, 0x0041, 0x0041, 0x0041,
	0x0041, 0x0041, 0x0041, 0x0041, 0x0041, 0x0041, 0x0041, 0x0041, 0x0041, 0x0041, 0x0041, 0x0041,
	0x0041, 0x0041, 0x0041, 0x0041, 0x0041, 0x52EB, 0x52EB, 0x0041, 0x0041, 0x0041, 0x0041, 0x0041,
	0x0041, 0x0041, 0x0041, 0x0041, 0x0041, 0x0041, 0x0041, 0x0041, 0x0041, 0x0041, 0x0041, 0x0041,
	0x0041, 0x0041, 0x0041, 0x0041, 0x0041, 0x0041, 0x0041, 0x0041, 0x0041, 0x0041, 0x0041, 0x0041,
	0x0041, 0x0041, 0x0041, 0x0041, 0x0041, 0x0041, 0x0041, 0x0041, 0x0041, 0x0041, 0x0041, 0x0041,
	0x0041, 0x0041, 0x0041, 0x0041, 0x0041, 0x0041, 0x0041, 0x0041, 0x0041, 0x0041, 0x0041, 0x0041,
	0x0041, 0x0041, 0x0041, 0x0041, 0x0041, 0x0041, 0x0041, 0x0041, 0x0041, 0x0041, 0x0041, 0x0041,
	0x0041, 0x0041, 0x0041, 0x0041, 0x0041, 0x0041, 0x0041, 0x0041, 0x0041, 0x0041, 0x0041, 0x0041,
	0x0041, 0x0041, 0x0041, 0x0041, 0x0041, 0x0041, 0x0041, 0x0041, 0x0041, 0x0041, 0x0041, 0x0041,
	0x0041, 0x0041, 0x0041, 0x0041, 0x0041, 0x0041, 0x0041, 0x0041, 0x0041, 0x0041, 0x0041, 0x0041,
	0x0041, 0x0041, 0x0041, 0x0041, 0x0041, 0x0041, 0x0041, 0x0041, 0x0041, 0x0041, 0x0041, 0x0041,
	0x0041, 0x0041, 0x0041, 0x0041, 0x0041, 0x0041, 0x0041, 0x0041, 0x0041, 0x0041, 0x0041, 0x0041,
	0x0041, 0x0041, 0x0041, 0x0041, 0x0041, 0x0041, 0x0041, 0x0041, 0x0041, 0x0041, 0x0041, 0x0041,
	0x0041, 0x0041, 0x0041, 0x0041, 0x0041, 0x0041, 0x0041, 0x0041, 0x0041, 0x0041, 0x0041, 0x0041,
	0x0041, 0x0041, 0x0041, 0x0041, 0x0041, 0x0041, 0x0041, 0x0041, 0x0041, 0x0041, 0x0041, 0x0041,
	0x0041, 0x0041, 0x0041, 0x0041, 0x0041, 0x0041, 0x0041, 0x0041, 0x0041, 0x0041, 0x0041, 0x0041,
	0x0041, 0x0041, 0x0041, 0x0041, 0x0041, 0x0041, 0x0041, 0x0041, 0x0041, 0x0041, 0x0041, 0x0041,
	0x0041, 0x0041, 0x0041, 0x0041, 0x0041, 0x0041, 0x0041, 0x0041, 0x0041, 0x0041, 0x0041, 0x0041,
	0x0041, 0x0041, 0x0041, 0x0041, 0x0041, 0x0041, 0x0041, 0x0041, 0x0041, 0x0041, 0x0041, 0x0041,
	0x0041, 0x0041, 0x0041, 0x0041, 0x0041, 0x0041, 0x0041, 0x0041, 0x0041, 0x0041, 0x0041, 0x0041,
	0x0041, 0x0041, 0x0041, 0x0041, 0x0041, 0x0041, 0x0041, 0x0041, 0x0041, 0x0041, 0x0041, 0x0041,
	0x0041, 0x0041, 0x0041, 0x52EB, 0x52EB, 0x0041, 0x0041, 0x0041, 0x0041, 0x0041, 0x0041, 0x0041,
	0x0041, 0x0041, 0x0041, 0x0041, 0x0041, 0x0041, 0x0041, 0x0041, 0x0041, 0x0041, 0x0041, 0x0041,
	0x0041, 0x0041, 0x0041, 0x0041, 0x0041, 0x0041, 0x0041, 0x0041, 0x0041, 0x0041, 0x0041, 0x0041,
	0x0041, 0x0041, 0x0041, 0x0041, 0x0041, 0x0041, 0x0041, 0x0041, 0x0041, 0x0041, 0x0041, 0x0041,
	0x0041, 0x0041, 0x0041, 0x0041, 0x0041, 0x0041, 0x0041, 0x0041, 0x0041, 0x0041, 0x0041, 0x0041,
	0x0041, 0x0041, 0x0041, 0x0041, 0x0041, 0x0041, 0x0041, 0x0041, 0x0041, 0x0041, 0x0041, 0x0041,
	0x0041, 0x0041, 0x0041, 0x0041, 0x0041, 0x0041, 0x0041, 0x0041, 0x0041, 0x0041, 0x0041, 0x0041,
	0x0041, 0x0041, 0x0041, 0x0041, 0x0041, 0x0041, 0x0041, 0x0041, 0x0041, 0x0041, 0x0041, 0x0041,
	0x0041, 0x0041, 0x0041, 0x0041, 0x0041, 0x0041, 0x0041, 0x0041, 0x0041, 0x0041, 0x0041, 0x0041,
	0x0041, 0x0041, 0x0041, 0x0041, 0x0041, 0x0041, 0x0041, 0x0041, 0x0041, 0x0041, 0x0041, 0x0041,
	0x0041, 0x0041, 0x0041, 0x0041, 0x0041, 0x0041, 0x0041, 0x0041, 0x0041, 0x0041, 0x0041, 0x0041,
	0x0041, 0x0041, 0x0041, 0x0041, 0x0041, 0x0041, 0x0041, 0x0041, 0x0041, 0x0041, 0x0041, 0x0041,
	0x0041, 0x0041, 0x0041, 0x0041, 0x0041, 0x0041, 0x0041, 0x0041, 0x0041, 0x0041, 0x0041, 0x0041,
	0x0041, 0x0041, 0x0041, 0x0041, 0x0041, 0x0041, 0x0041, 0x0041, 0x0041, 0x0041, 0x0041, 0x0041,
	0x0041, 0x0041, 0x0041, 0x0041, 0x0041, 0x0041, 0x0041, 0x0041, 0x0041, 0x0041, 0x0041, 0x0041,
	0x0041, 0x0041, 0x0041, 0x0041, 0x0041, 0x0041, 0x0041, 0x0041, 0x0041, 0x0041, 0x0041, 0x0041,
	0x0041, 0x0041, 0x0041, 0x0041, 0x0041, 0x0041, 0x0041, 0x0041, 0x0041, 0x0041, 0x0041, 0x0041,
	0x0041, 0x0041, 0x0041, 0x0041, 0x0041, 0x0041, 0x0041, 0x0041, 0x0041, 0x0041, 0x0041, 0x0041,
	0x0041, 0x0041, 0x0041, 0x0041, 0x0041, 0x0041, 0x0041, 0x0041, 0x0041, 0x0041, 0x0041, 0x0041,
	0x0041, 0x0041, 0x0041, 0x0041, 0x0041, 0x0041, 0x0041, 0x0041, 0x0041, 0x0041, 0x0041, 0x0041,
	0x0041, 0x52EB, 0x52EB, 0x0041, 0x0041, 0x0041, 0x0041, 0x0041, 0x0041, 0x0041, 0x0041, 0x0041,
	0x0041, 0x0041, 0x0041, 0x0041, 0x0041, 0x0041, 0x0041, 0x0041, 0x0041, 0x0041, 0x0041, 0x0041,
	0x0041, 0x0041, 0x0041, 0x0041, 0x0041, 0x0041, 0x0041, 0x0041, 0x0041, 0x0041, 0x0041, 0x0041,
	0x0041, 0x0041, 0x0041, 0x0041, 0x0041, 0x0041, 0x0041, 0x0041, 0x0041, 0x0041, 0x0041, 0x0041,
	0x0041, 0x0041, 0x0041, 0x0041, 0x0041, 0x0041, 0x0041, 0x0041, 0x0041, 0x0041, 0x0041, 0x0041,
	0x0041, 0x0041, 0x0041, 0x0041, 0x0041, 0x0041, 0x0041, 0x0041, 0x0041, 0x0041, 0x0041, 0x0041,
	0x0041, 0x0041, 0x0041, 0x0041, 0x0041, 0x0041, 0x0041, 0x0041, 0x0041, 0x0041, 0x0041, 0x0041,
	0x0041, 0x0041, 0x0041, 0x0041, 0x0041, 0x0041, 0x0041, 0x0041, 0x0041, 0x0041, 0x0041, 0x0041,
	0x0041, 0x0041, 0x0041, 0x0041, 0x0041, 0x0041, 0x0041, 0x0041, 0x0041, 0x0041, 0x0041, 0x0041,
	0x0041, 0x0041, 0x0041, 0x0041, 0x0041, 0x0041, 0x0041, 0x0041, 0x0041, 0x0041, 0x0041, 0x0041,
	0x0041, 0x0041, 0x0041, 0x0041, 0x0041, 0x0041, 0x0041, 0x0041, 0x0041, 0x0041, 0x0041, 0x0041,
	0x0041, 0x0041, 0x0041, 0x0041, 0x0041, 0x0041, 0x0041, 0x0041, 0x0041, 0x0041, 0x0041, 0x0041,
	0x0041, 0x0041, 0x0041, 0x0041, 0x0041, 0x0041, 0x0041, 0x0041, 0x0041, 0x0041, 0x0041, 0x0041,
	0x0041, 0x0041, 0x0041, 0x0041, 0x0041, 0x0041, 0x0041, 0x0041, 0x0041, 0x0041, 0x0041, 0x0041,
	0x0041, 0x0041, 0x0041, 0x0041, 0x0041, 0x0041, 0x0041, 0x0041, 0x0041, 0x0041, 0x0041, 0x0041,
	0x0041, 0x0041, 0x0041, 0x0041, 0x0041, 0x0041, 0x0041, 0x0041, 0x0041, 0x0041, 0x0041, 0x0041,
	0x0041, 0x0041, 0x0041, 0x0041, 0x0041, 0x0041, 0x0041, 0x0041, 0x0041, 0x0041, 0x0041, 0x0041,
	0x0041, 0x0041, 0x0041, 0x0041, 0x0041, 0x0041, 0x0041, 0x0041, 0x0041, 0x0041, 0x0041, 0x0041,
	0x0041, 0x0041, 0x0041, 0x0041, 0x0041, 0x0041, 0x0041, 0x0041, 0x0041, 0x0041, 0x0041, 0x0041,
	0x0041, 0x0041, 0x0041, 0x0041, 0x0041, 0x0041, 0x0041, 0x0041, 0x0041, 0x0041, 0x0041, 0x52EB,
	0x52EB, 0x0041, 0x0041, 0x0041, 0x0041, 0x0041, 0x0041, 0x0041, 0x0041, 0x0041, 0x0041, 0x0041,
	0x0041, 0x0041, 0x0041, 0x0041, 0x0041, 0x0041, 0x0041, 0x0041, 0x0041, 0x0041, 0x0041, 0x0041,
	0x0041, 0x0041, 0x0041, 0x0041, 0x0041, 0x0041, 0x0041, 0x0041, 0x0041, 0x0041, 0x0041, 0x0041,
	0x0041, 0x0041, 0x0041, 0x0041, 0x0041, 0x0041, 0x0041, 0x0041, 0x0041, 0x0041, 0x0041, 0x0041,
	0x0041, 0x0041, 0x0041, 0x0041, 0x0041, 0x0041, 0x0041, 0x0041, 0x0041, 0x0041, 0x0041, 0x0041,
	0x0041, 0x0041, 0x0041, 0x0041, 0x0041, 0x0041, 0x0041, 0x0041, 0x0041, 0x0041, 0x0041, 0x0041,
	0x0041, 0x0041, 0x0041, 0x0041, 0x0041, 0x0041, 0x0041, 0x0041, 0x0041, 0x0041, 0x0041, 0x0041,
	0x0041, 0x0041, 0x0041, 0x0041, 0x0041, 0x0041, 0x0041, 0x0041, 0x0041, 0x0041, 0x0041, 0x0041,
	0x0041, 0x0041, 0x0041, 0x0041, 0x0041, 0x0041, 0x0041, 0x0041, 0x0041, 0x0041, 0x0041, 0x0041,
	0x0041, 0x0041, 0x0041, 0x0041, 0x0041, 0x0041, 0x0041, 0x0041, 0x0041, 0x0041, 0x0041, 0x0041,
	0x0041, 0x0041, 0x0041, 0x0041, 0x0041, 0x0041, 0x0041, 0x0041, 0x0041, 0x0041, 0x0041, 0x0041,
	0x0041, 0x0041, 0x0041, 0x0041, 0x0041, 0x0041, 0x0041, 0x0041, 0x0041, 0x0041, 0x0041, 0x0041,
	0x0041, 0x0041, 0x0041, 0x0041, 0x0041, 0x0041, 0x0041, 0x0041, 0x0041, 0x0041, 0x0041, 0x0041,
	0x0041, 0x0041, 0x0041, 0x0041, 0x0041, 0x0041, 0x0041, 0x0041, 0x0041, 0x0041, 0x0041, 0x0041,
	0x0041, 0x0041, 0x0041, 0x0041, 0x0041, 0x0041, 0x0041, 0x0041, 0x0041, 0x0041, 0x0041, 0x0041,
	0x0041, 0x0041, 0x0041, 0x0041, 0x0041, 0x0041, 0x0041, 0x0041, 0x0041, 0x0041, 0x0041, 0x0041,
	0x0041, 0x0041, 0x0041, 0x0041, 0x0041, 0x0041, 0x0041, 0x0041, 0x0041, 0x0041, 0x0041, 0x0041,
	0x0041, 0x0041, 0x0041, 0x0041, 0x0041, 0x0041, 0x0041, 0x0041, 0x0041, 0x0041, 0x0041, 0x0041,
	0x0041, 0x0041, 0x0041, 0x0041, 0x0041, 0x0041, 0x0041, 0x0041, 0x0041, 0x0041, 0x0041, 0x0041,
	0x0041, 0x0041, 0x0041, 0x0041, 0x0041, 0x0041, 0x0041, 0x0041, 0x0041, 0x52EB, 0x52EB, 0x0041,
	0x0041, 0x0041, 0x0041, 0x0041, 0x0041, 0x0041, 0x0041, 0x0041, 0x0041, 0x0041, 0x0041, 0x0041,
	0x0041, 0x0041, 0x0041, 0x0041, 0x0041, 0x0041, 0x0041, 0x0041, 0x0041, 0x0041, 0x0041, 0x0041,
	0x0041, 0x0041, 0x0041, 0x0041, 0x0041, 0x0041, 0x0041, 0x0041, 0x0041, 0x0041, 0x0041, 0x0041,
	0x0041, 0x0041, 0x0041, 0x0041, 0x0041, 0x0041, 0x0041, 0x0041, 0x0041, 0x0041, 0x0041, 0x0041,
	0x0041, 0x0041, 0x0041, 0x0041, 0x0041, 0x0041, 0x0041, 0x0041, 0x0041, 0x0041, 0x0041, 0x0041,
	0x0041, 0x0041, 0x0041, 0x0041, 0x0041, 0x0041, 0x0041, 0x0041, 0x0041, 0x0041, 0x0041, 0x0041,
	0x0041, 0x0041, 0x0041, 0x0041, 0x0041, 0x0041, 0x0041, 0x0041, 0x0041, 0x0041, 0x0041, 0x0041,
	0x0041, 0x0041, 0x0041, 0x0041, 0x0041, 0x0041, 0x0041, 0x0041, 0x0041, 0x0041, 0x0041, 0x0041,
	0x0041, 0x0041, 0x0041, 0x0041, 0x0041, 0x0041, 0x0041, 0x0041, 0x0041, 0x0041, 0x0041, 0x0041,
	0x0041, 0x0041, 0x0041, 0x0041, 0x0041, 0x0041, 0x0041, 0x0041, 0x0041, 0x0041, 0x0041, 0x0041,
	0x0041, 0x0041, 0x0041, 0x0041, 0x0041, 0x0041, 0x0041, 0x0041, 0x0041, 0x0041, 0x0041, 0x0041,
	0x0041, 0x0041, 0x0041, 0x0041, 0x0041, 0x0041, 0x0041, 0x0041, 0x0041, 0x0041, 0x0041, 0x0041,
	0x0041, 0x0041, 0x0041, 0x0041, 0x0041, 0x0041, 0x0041, 0x0041, 0x0041, 0x0041, 0x0041, 0x0041,
	0x0041, 0x0041, 0x0041, 0x0041, 0x0041, 0x0041, 0x0041, 0x0041, 0x0041, 0x0041, 0x0041, 0x0041,
	0x0041, 0x0041, 0x0041, 0x0041, 0x0041, 0x0041, 0x0041, 0x0041, 0x0041, 0x0041, 0x0041, 0x0041,
	0x0041, 0x0041, 0x0041, 0x0041, 0x0041, 0x0041, 0x0041, 0x0041, 0x0041, 0x0041, 0x0041, 0x0041,
	0x0041, 0x0041, 0x0041, 0x0041, 0x0041, 0x0041, 0x0041, 0x0041, 0x0041, 0x0041, 0x0041, 0x0041,
	0x0041, 0x0041, 0x0041, 0x0041, 0x0041, 0x0041, 0x0041, 0x0041, 0x0041, 0x0041, 0x0041, 0x0041,
	0x0041, 0x0041, 0x0041, 0x0041, 0x0041, 0x0041, 0x0041, 0x0041, 0x0041, 0x0041, 0x0041, 0x0041,
	0x0041, 0x0041, 0x0041, 0x0041, 0x0041, 0x0041, 0x0041, 0x52EB, 0x52EB, 0x0041, 0x0041, 0x0041,
	0x0041, 0x0041, 0x0041, 0x0041, 0x0041, 0x0041, 0x0041, 0x0041, 0x0041, 0x0041, 0x0041, 0x0041,
	0x0041, 0x0041, 0x0041, 0x0041, 0x0041, 0x0041, 0x0041, 0x0041, 0x0041, 0x0041, 0x0041, 0x0041,
	0x0041, 0x0041, 0x0041, 0x0041, 0x0041, 0x0041, 0x0041, 0x0041, 0x0041, 0x0041, 0x0041, 0x0041,
	0x0041, 0x0041, 0x0041, 0x0041, 0x0041, 0x0041, 0x0041, 0x0041, 0x0041, 0x0041, 0x0041, 0x0041,
	0x0041, 0x0041, 0x0041, 0x0041, 0x0041, 0x0041, 0x0041, 0x0041, 0x0041, 0x0041, 0x0041, 0x0041,
	0x0041, 0x0041, 0x0041, 0x0041, 0x0041, 0x0041, 0x0041, 0x0041, 0x0041, 0x0041, 0x0041, 0x0041,
	0x0041, 0x0041, 0x0041, 0x0041, 0x0041, 0x0041, 0x0041, 0x0041, 0x0041, 0x0041, 0x0041, 0x0041,
	0x0041, 0x0041, 0x0041, 0x0041, 0x0041, 0x0041, 0x0041, 0x0041, 0x0041, 0x0041, 0x0041, 0x0041,
	0x0041, 0x0041, 0x0041, 0x0041, 0x0041, 0x0041, 0x0041, 0x0041, 0x0041, 0x0041, 0x0041, 0x0041,
	0x0041, 0x0041, 0x0041, 0x0041, 0x0041, 0x0041, 0x0041, 0x0041, 0x0041, 0x0041, 0x0041, 0x0041,
	0x0041, 0x0041, 0x0041, 0x0041, 0x0041, 0x0041, 0x0041, 0x0041, 0x0041, 0x0041, 0x0041, 0x0041,
	0x0041, 0x0041, 0x0041, 0x0041, 0x0041, 0x0041, 0x0041, 0x0041, 0x0041, 0x0041, 0x0041, 0x0041,
	0x0041, 0x0041, 0x0041, 0x0041, 0x0041, 0x0041, 0x0041, 0x0041, 0x0041, 0x0041, 0x0041, 0x0041,
	0x0041, 0x0041, 0x0041, 0x0041, 0x0041, 0x0041, 0x0041, 0x0041, 0x0041, 0x0041, 0x0041, 0x0041,
	0x0041, 0x0041, 0x0041, 0x0041, 0x0041, 0x0041, 0x0041, 0x0041, 0x0041, 0x0041, 0x0041, 0x0041,
	0x0041, 0x0041, 0x0041, 0x0041, 0x0041, 0x0041, 0x0041, 0x0041, 0x0041, 0x0041, 0x0041, 0x0041,
	0x0041, 0x0041, 0x0041, 0x0041, 0x0041, 0x0041, 0x0041, 0x0041, 0x0041, 0x0041, 0x0041, 0x0041,
	0x0041, 0x0041, 0x0041, 0x0041, 0x0041, 0x0041, 0x0041, 0x0041, 0x0041, 0x0041, 0x0041, 0x0041,
	0x0041, 0x0041, 0x0041, 0x0041, 0x0041, 0x0041, 0x0041, 0x0041, 0x0041, 0x0041, 0x0041, 0x0041,
	0x0041, 0x0041, 0x0041, 0x0041, 0x0041, 0x52EB, 0x52EB, 0x0041, 0x0041, 0x0041, 0x0041, 0x0041,
	0x0041, 0x0041, 0x0041, 0x0041, 0x0041, 0x0041, 0x0041, 0x0041, 0x0041, 0x0041, 0x0041, 0x0041,
	0x0041, 0x0041, 0x0041, 0x0041, 0x0041, 0x0041, 0x0041, 0x0041, 0x0041, 0x0041, 0x0041, 0x0041,
	0x0041, 0x0041, 0x0041, 0x0041, 0x0041, 0x0041, 0x0041, 0x0041, 0x0041, 0x0041, 0x0041, 0x0041,
	0x0041, 0x0041, 0x0041, 0x0041, 0x0041, 0x0041, 0x0041, 0x0041, 0x0041, 0x0041, 0x0041, 0x0041,
	0x0041, 0x0041, 0x0041, 0x0041, 0x0041, 0x0041, 0x0041, 0x0041, 0x0041, 0x0041, 0x0041, 0x0041,
	0x0041, 0x0041, 0x0041, 0x0041, 0x0041, 0x0041, 0x0041, 0x0041, 0x0041, 0x0041, 0x0041, 0x0041,
	0x0041, 0x0041, 0x0041, 0x0041, 0x0041, 0x0041, 0x0041, 0x0041, 0x0041, 0x0041, 0x0041, 0x0041,
	0x0041, 0x0041, 0x0041, 0x0041, 0x0041, 0x0041, 0x0041, 0x0041, 0x0041, 0x0041, 0x0041, 0x0041,
	0x0041, 0x0041, 0x0041, 0x0041, 0x0041, 0x0041, 0x0041, 0x0041, 0x0041, 0x0041, 0x0041, 0x0041,
	0x0041, 0x0041, 0x0041, 0x0041, 0x0041, 0x0041, 0x0041, 0x0041, 0x0041, 0x0041, 0x0041, 0x0041,
	0x0041, 0x0041, 0x0041, 0x0041, 0x0041, 0x0041, 0x0041, 0x0041, 0x0041, 0x0041, 0x0041, 0x0041,
	0x0041, 0x0041, 0x0041, 0x0041, 0x0041, 0x0041, 0x0041, 0x0041, 0x0041, 0x0041, 0x0041, 0x0041,
	0x0041, 0x0041, 0x0041, 0x0041, 0x0041, 0x0041, 0x0041, 0x0041, 0x0041, 0x0041, 0x0041, 0x0041,
	0x0041, 0x0041, 0x0041, 0x0041, 0x0041, 0x0041, 0x0041, 0x0041, 0x0041, 0x0041, 0x0041, 0x0041,
	0x0041, 0x0041, 0x0041, 0x0041, 0x0041, 0x0041, 0x0041, 0x0041, 0x0041, 0x0041, 0x0041, 0x0041,
	0x0041, 0x0041, 0x0041, 0x0041, 0x0041, 0x0041, 0x0041, 0x0041, 0x0041, 0x0041, 0x0041, 0x0041,
	0x0041, 0x0041, 0x0041, 0x0041, 0x0041, 0x0041, 0x0041, 0x0041, 0x0041, 0x0041, 0x0041, 0x0041,
	0x0041, 0x0041, 0x0041, 0x0041, 0x0041, 0x0041, 0x0041, 0x0041, 0x0041, 0x0041, 0x0041, 0x0041,
	0x0041, 0x0041, 0x0041, 0x0041, 0x0041, 0x0041, 0x0041, 0x0041, 0x0041, 0x0041, 0x0041, 0x0041,
	0x0041, 0x0041, 0x0041, 0x52EB, 0x52EB, 0x0041, 0x0041, 0x0041, 0x0041, 0x0041, 0x0041, 0x0041,
	0x0041, 0x0041, 0x0041, 0x0041, 0x0041, 0x0041, 0x0041, 0x0041, 0x0041, 0x0041, 0x0041, 0x0041,
	0x0041, 0x0041, 0x0041, 0x0041, 0x0041, 0x0041, 0x0041, 0x0041, 0x0041, 0x0041, 0x0041, 0x0041,
	0x0041, 0x0041, 0x0041, 0x0041, 0x0041, 0x0041, 0x0041, 0x0041, 0x0041, 0x0041, 0x0041, 0x0041,
	0x0041, 0x0041, 0x0041, 0x0041, 0x0041, 0x0041, 0x0041, 0x0041, 0x0041, 0x0041, 0x0041, 0x0041,
	0x0041, 0x0041, 0x0041, 0x0041, 0x0041, 0x0041, 0x0041, 0x0041, 0x0041, 0x0041, 0x0041, 0x0041,
	0x0041, 0x0041, 0x0041, 0x0041, 0x0041, 0x0041, 0x0041, 0x0041, 0x0041, 0x0041, 0x0041, 0x0041,
	0x0041, 0x0041, 0x0041, 0x0041, 0x0041, 0x0041, 0x0041, 0x0041, 0x0041, 0x0041, 0x0041, 0x0041,
	0x0041, 0x0041, 0x0041, 0x0041, 0x0041, 0x0041, 0x0041, 0x0041, 0x0041, 0x0041, 0x0041, 0x0041,
	0x0041, 0x0041, 0x0041, 0x0041, 0x0041, 0x0041, 0x0041, 0x0041, 0x0041, 0x0041, 0x0041, 0x0041,
	0x0041, 0x0041, 0x0041, 0x0041, 0x0041, 0x0041, 0x0041, 0x0041, 0x0041, 0x0041, 0x0041, 0x0041,
	0x0041, 0x0041, 0x0041, 0x0041, 0x0041, 0x0041, 0x0041, 0x0041, 0x0041, 0x0041, 0x0041, 0x0041,
	0x0041, 0x0041, 0x0041, 0x0041, 0x0041, 0x0041, 0x0041, 0x0041, 0x0041, 0x0041, 0x0041, 0x0041,
	0x0041, 0x0041, 0x0041, 0x0041, 0x0041, 0x0041, 0x0041, 0x0041, 0x0041, 0x0041, 0x0041, 0x0041,
	0x0041, 0x0041, 0x0041, 0x0041, 0x0041, 0x0041, 0x0041, 0x0041, 0x0041, 0x0041, 0x0041, 0x0041,
	0x0041, 0x0041, 0x0041, 0x0041, 0x0041, 0x0041, 0x0041, 0x0041, 0x0041, 0x0041, 0x0041, 0x0041,
	0x0041, 0x0041, 0x0041, 0x0041, 0x0041, 0x0041, 0x0041, 0x0041, 0x0041, 0x0041, 0x0041, 0x0041,
	0x0041, 0x0041, 0x0041, 0x0041, 0x0041, 0x0041, 0x0041, 0x0041, 0x0041, 0x0041, 0x0041, 0x0041,
	0x0041, 0x0041, 0x0041, 0x0041, 0x0041, 0x0041, 0x0041, 0x0041, 0x0041, 0x0041, 0x0041, 0x0041,
	0x0041, 0x0041, 0x0041, 0x0041, 0x0041, 0x0041, 0x0041, 0x0041, 0x0041, 0x0041, 0x0041, 0x0041,
	0x0041, 0x52EB, 0x52EB, 0x0041, 0x0041, 0x0041, 0x0041, 0x0041, 0x0041, 0x0041, 0x0041, 0x0041,
	0x0041, 0x0041, 0x0041, 0x0041, 0x0041, 0x0041, 0x0041, 0x0041, 0x0041, 0x0041, 0x0041, 0x0041,
	0x0041, 0x0041, 0x0041, 0x0041, 0x0041, 0x0041, 0x0041, 0x0041, 0x0041, 0x0041, 0x0041, 0x0041,
	0x0041, 0x0041, 0x0041, 0x0041, 0x0041, 0x0041, 0x0041, 0x0041, 0x0041, 0x0041, 0x0041, 0x0041,
	0x0041, 0x0041, 0x0041, 0x0041, 0x0041, 0x0041, 0x0041, 0x0041, 0x0041, 0x0041, 0x0041, 0x0041,
	0x0041, 0x0041, 0x0041, 0x0041, 0x0041, 0x0041, 0x0041, 0x0041, 0x0041, 0x0041, 0x0041, 0x0041,
	0x0041, 0x0041, 0x0041, 0x0041, 0x0041, 0x0041, 0x0041, 0x0041, 0x0041, 0x0041, 0x0041, 0x0041,
	0x0041, 0x0041, 0x0041, 0x0041, 0x0041, 0x0041, 0x0041, 0x0041, 0x0041, 0x0041, 0x0041, 0x0041,
	0x0041, 0x0041, 0x0041, 0x0041, 0x0041, 0x0041, 0x0041, 0x0041, 0x0041, 0x0041, 0x0041, 0x0041,
	0x0041, 0x0041, 0x0041, 0x0041, 0x0041, 0x0041, 0x0041, 0x0041, 0x0041, 0x0041, 0x0041, 0x0041,
	0x0041, 0x0041, 0x0041, 0x0041, 0x0041, 0x0041, 0x0041, 0x0041, 0x0041, 0x0041, 0x0041, 0x0041,
	0x0041, 0x0041, 0x0041, 0x0041, 0x0041, 0x0041, 0x0041, 0x0041, 0x0041, 0x0041, 0x0041, 0x0041,
	0x0041, 0x0041, 0x0041, 0x0041, 0x0041, 0x0041, 0x0041, 0x0041, 0x0041, 0x0041, 0x0041, 0x0041,
	0x0041, 0x0041, 0x0041, 0x0041, 0x0041, 0x0041, 0x0041, 0x0041, 0x0041, 0x0041, 0x0041, 0x0041,
	0x0041, 0x0041, 0x0041, 0x0041, 0x0041, 0x0041, 0x0041, 0x0041, 0x0041, 0x0041, 0x0041, 0x0041,
	0x0041, 0x0041, 0x0041, 0x0041, 0x0041, 0x0041, 0x0041, 0x0041, 0x0041, 0x0041, 0x0041, 0x0041,
	0x0041, 0x0041, 0x0041, 0x0041, 0x0041, 0x0041, 0x0041, 0x0041, 0x0041, 0x0041, 0x0041, 0x0041,
	0x0041, 0x0041, 0x0041, 0x0041, 0x0041, 0x0041, 0x0041, 0x0041, 0x0041, 0x0041, 0x0041, 0x0041,
	0x0041, 0x0041, 0x0041, 0x0041, 0x0041, 0x0041, 0x0041, 0x0041, 0x0041, 0x0041, 0x0041, 0x0041,
	0x0041, 0x0041, 0x0041, 0x0041, 0x0041, 0x0041, 0x0041, 0x0041, 0x0041, 0x0041, 0x0041, 0x52EB,
	0x52EB, 0x0041, 0x0041, 0x0041, 0x0041, 0x0041, 0x0041, 0x0041, 0x0041, 0x0041, 0x0041, 0x0041,
	0x0041, 0x0041, 0x0041, 0x0041, 0x0041, 0x0041, 0x0041, 0x0041, 0x0041, 0x0041, 0x0041, 0x0041,
	0x0041, 0x0041, 0x0041, 0x0041, 0x0041, 0x0041, 0x0041, 0x0041, 0x0041, 0x0041, 0x0041, 0x0041,
	0x0041, 0x0041, 0x0041, 0x0041, 0x0041, 0x0041, 0x0041, 0x0041, 0x0041, 0x0041, 0x0041, 0x0041,
	0x0041, 0x0041, 0x0041, 0x0041, 0x0041, 0x0041, 0x0041, 0x0041, 0x0041, 0x0041, 0x0041, 0x0041,
	0x0041, 0x0041, 0x0041, 0x0041, 0x0041, 0x0041, 0x0041, 0x0041, 0x0041, 0x0041, 0x0041, 0x0041,
	0x0041, 0x0041, 0x0041, 0x0041, 0x0041, 0x0041, 0x0041, 0x0041, 0x0041, 0x0041, 0x0041, 0x0041,
	0x0041, 0x0041, 0x0041, 0x0041, 0x0041, 0x0041, 0x0041, 0x0041, 0x0041, 0x0041, 0x0041, 0x0041,
	0x0041, 0x0041, 0x0041, 0x0041, 0x0041, 0x0041, 0x0041, 0x0041, 0x0041, 0x0041, 0x0041, 0x0041,
	0x0041, 0x0041, 0x0041, 0x0041, 0x0041, 0x0041, 0x0041, 0x0041, 0x0041, 0x0041, 0x0041, 0x0041,
	0x0041, 0x0041, 0x0041, 0x0041, 0x0041, 0x0041, 0x0041, 0x0041, 0x0041, 0x0041, 0x0041, 0x0041,
	0x0041, 0x0041, 0x0041, 0x0041, 0x0041, 0x0041, 0x0041, 0x0041, 0x0041, 0x0041, 0x0041, 0x0041,
	0x0041, 0x0041, 0x0041, 0x0041, 0x0041, 0x0041, 0x0041, 0x0041, 0x0041, 0x0041, 0x0041, 0x0041,
	0x0041, 0x0041, 0x0041, 0x0041, 0x0041, 0x0041, 0x0041, 0x0041, 0x0041, 0x0041, 0x0041, 0x0041,
	0x0041, 0x0041, 0x0041, 0x0041, 0x0041, 0x0041, 0x0041, 0x0041, 0x0041, 0x0041, 0x0041, 0x0041,
	0x0041, 0x0041, 0x0041, 0x0041, 0x0041, 0x0041, 0x0041, 0x0041, 0x0041, 0x0041, 0x0041, 0x0041,
	0x0041, 0x0041, 0x0041, 0x0041, 0x0041, 0x0041, 0x0041, 0x0041, 0x0041, 0x0041, 0x0041, 0x0041,
	0x0041, 0x0041, 0x0041, 0x0041, 0x0041, 0x0041, 0x0041, 0x0041, 0x0041, 0x0041, 0x0041, 0x0041,
	0x0041, 0x0041, 0x0041, 0x0041, 0x0041, 0x0041, 0x0041, 0x0041, 0x0041, 0x0041, 0x0041, 0x0041,
	0x0041, 0x0041, 0x0041, 0x0041, 0x0041, 0x0041, 0x0041, 0x0041, 0x0041, 0x52EB, 0x52EB, 0x0041,
	0x0041, 0x0041, 0x0041, 0x0041, 0x0041, 0x0041, 0x0041, 0x0041, 0x0041, 0x0041, 0x0041, 0x0041,
	0x0041, 0x0041, 0x0041, 0x0041, 0x0041, 0x0041, 0x0041, 0x0041, 0x0041, 0x0041, 0x0041, 0x0041,
	0x0041, 0x0041, 0x0041, 0x0041, 0x0041, 0x0041, 0x0041, 0x0041, 0x0041, 0x0041, 0x0041, 0x0041,
	0x0041, 0x0041, 0x0041, 0x0041, 0x0041, 0x0041, 0x0041, 0x0041, 0x0041, 0x0041, 0x0041, 0x0041,
	0x0041, 0x0041, 0x0041, 0x0041, 0x0041, 0x0041, 0x0041, 0x0041, 0x0041, 0x0041, 0x0041, 0x0041,
	0x0041, 0x0041, 0x0041, 0x0041, 0x0041, 0x0041, 0x0041, 0x0041, 0x0041, 0x0041, 0x0041, 0x0041,
	0x0041, 0x0041, 0x0041, 0x0041, 0x0041, 0x0041, 0x0041, 0x0041, 0x0041, 0x0041, 0x0041, 0x0041,
	0x0041, 0x0041, 0x0041, 0x0041, 0x0041, 0x0041, 0x0041, 0x0041, 0x0041, 0x0041, 0x0041, 0x0041,
	0x0041, 0x0041, 0x0041, 0x0041, 0x0041, 0x0041, 0x0041, 0x0041, 0x0041, 0x0041, 0x0041, 0x0041,
	0x0041, 0x0041, 0x0041, 0x0041, 0x0041, 0x0041, 0x0041, 0x0041, 0x0041, 0x0041, 0x0041, 0x0041,
	0x0041, 0x0041, 0x0041, 0x0041, 0x0041, 0x0041, 0x0041, 0x0041, 0x0041, 0x0041, 0x0041, 0x0041,
	0x0041, 0x0041, 0x0041, 0x0041, 0x0041, 0x0041, 0x0041, 0x0041, 0x0041, 0x0041, 0x0041, 0x0041,
	0x0041, 0x0041, 0x0041, 0x0041, 0x0041, 0x0041, 0x0041, 0x0041, 0x0041, 0x0041, 0x0041, 0x0041,
	0x0041, 0x0041, 0x0041, 0x0041, 0x0041, 0x0041, 0x0041, 0x0041, 0x0041, 0x0041, 0x0041, 0x0041,
	0x0041, 0x0041, 0x0041, 0x0041, 0x0041, 0x0041, 0x0041, 0x0041, 0x0041, 0x0041, 0x0041, 0x0041,
	0x0041, 0x0041, 0x0041, 0x0041, 0x0041, 0x0041, 0x0041, 0x0041, 0x0041, 0x0041, 0x0041, 0x0041,
	0x0041, 0x0041, 0x0041, 0x0041, 0x0041, 0x0041, 0x0041, 0x0041, 0x0041, 0x0041, 0x0041, 0x0041,
	0x0041, 0x0041, 0x0041, 0x0041, 0x0041, 0x0041, 0x0041, 0x0041, 0x0041, 0x0041, 0x0041, 0x0041,
	0x0041, 0x0041, 0x0041, 0x0041, 0x0041, 0x0041, 0x0041, 0x0041, 0x0041, 0x0041, 0x0041, 0x0041,
	0x0041, 0x0041, 0x0041, 0x0041, 0x0041, 0x0041, 0x0041, 0x52EB, 0x52EB, 0x0041, 0x0041, 0x0041,
	0x0041, 0x0041, 0x0041, 0x0041, 0x0041, 0x0041, 0x0041, 0x0041, 0x0041, 0x0041, 0x0041, 0x0041,
	0x0041, 0x0041, 0x0041, 0x0041, 0x0041, 0x0041, 0x0041, 0x0041, 0x0041, 0x0041, 0x0041, 0x0041,
	0x0041, 0x0041, 0x0041, 0x0041, 0x0041, 0x0041, 0x0041, 0x0041, 0x0041, 0x0041, 0x0041, 0x0041,
	0x0041, 0x0041, 0x0041, 0x0041, 0x0041, 0x0041, 0x0041, 0x0041, 0x0041, 0x0041, 0x0041, 0x0041,
	0x0041, 0x0041, 0x0041, 0x0041, 0x0041, 0x0041, 0x0041, 0x0041, 0x0041, 0x0041, 0x0041, 0x0041,
	0x0041, 0x0041, 0x0041, 0x0041, 0x0041, 0x0041, 0x0041, 0x0041, 0x0041, 0x0041, 0x0041, 0x0041,
	0x0041, 0x0041, 0x0041, 0x0041, 0x0041, 0x0041, 0x0041, 0x0041, 0x0041, 0x0041, 0x0041, 0x0041,
	0x0041, 0x0041, 0x0041, 0x0041, 0x0041, 0x0041, 0x0041, 0x0041, 0x0041, 0x0041, 0x0041, 0x0041,
	0x0041, 0x0041, 0x0041, 0x0041, 0x0041, 0x0041, 0x0041, 0x0041, 0x0041, 0x0041, 0x0041, 0x0041,
	0x0041, 0x0041, 0x0041, 0x0041, 0x0041, 0x0041, 0x0041, 0x0041, 0x0041, 0x0041, 0x0041, 0x0041,
	0x0041, 0x0041, 0x0041, 0x0041, 0x0041, 0x0041, 0x0041, 0x0041, 0x0041, 0x0041, 0x0041, 0x0041,
	0x0041, 0x0041, 0x0041, 0x0041, 0x0041, 0x0041, 0x0041, 0x0041, 0x0041, 0x0041, 0x0041, 0x0041,
	0x0041, 0x0041, 0x0041, 0x0041, 0x0041, 0x0041, 0x0041, 0x0041, 0x0041, 0x0041, 0x0041, 0x0041,
	0x0041, 0x0041, 0x0041, 0x0041, 0x0041, 0x0041, 0x0041, 0x0041, 0x0041, 0x0041, 0x0041, 0x0041,
	0x0041, 0x0041, 0x0041, 0x0041, 0x0041, 0x0041, 0x0041, 0x0041, 0x0041, 0x0041, 0x0041, 0x0041,
	0x0041, 0x0041, 0x0041, 0x0041, 0x0041, 0x0041, 0x0041, 0x0041, 0x0041, 0x0041, 0x0041, 0x0041,
	0x0041, 0x0041, 0x0041, 0x0041, 0x0041, 0x0041, 0x0041, 0x0041, 0x0041, 0x0041, 0x0041, 0x0041,
	0x0041, 0x0041, 0x0041, 0x0041, 0x0041, 0x0041, 0x0041, 0x0041, 0x0041, 0x0041, 0x0041, 0x0041,
	0x0041, 0x0041, 0x0041, 0x0041, 0x0041, 0x0041, 0x0041, 0x0041, 0x0041, 0x0041, 0x0041, 0x0041,
	0x0041, 0x0041, 0x0041, 0x0041, 0x0041, 0x52EB, 0x52EB, 0x0041, 0x0041, 0x0041, 0x0041, 0x0041,
	0x0041, 0x0041, 0x0041, 0x0041, 0x0041, 0x0041, 0x0041, 0x0041, 0x0041, 0x0041, 0x0041, 0x0041,
	0x0041, 0x0041, 0x0041, 0x0041, 0x0041, 0x0041, 0x0041, 0x0041, 0x0041, 0x0041, 0x0041, 0x0041,
	0x0041, 0x0041, 0x0041, 0x0041, 0x0041, 0x0041, 0x0041, 0x0041, 0x0041, 0x0041, 0x0041, 0x0041,
	0x0041, 0x0041, 0x0041, 0x0041, 0x0041, 0x0041, 0x0041, 0x0041, 0x0041, 0x0041, 0x0041, 0x0041,
	0x0041, 0x0041, 0x0041, 0x0041, 0x0041, 0x0041, 0x0041, 0x0041, 0x0041, 0x0041, 0x0041, 0x0041,
	0x0041, 0x0041, 0x0041, 0x0041, 0x0041, 0x0041, 0x0041, 0x0041, 0x0041, 0x0041, 0x0041, 0x0041,
	0x0041, 0x0041, 0x0041, 0x0041, 0x0041, 0x0041, 0x0041, 0x0041, 0x0041, 0x0041, 0x0041, 0x0041,
	0x0041, 0x0041, 0x0041, 0x0041, 0x0041, 0x0041, 0x0041, 0x0041, 0x0041, 0x0041, 0x0041, 0x0041,
	0x0041, 0x0041, 0x0041, 0x0041, 0x0041, 0x0041, 0x0041, 0x0041, 0x0041, 0x0041, 0x0041, 0x0041,
	0x0041, 0x0041, 0x0041, 0x0041, 0x0041, 0x0041, 0x0041, 0x0041, 0x0041, 0x0041, 0x0041, 0x0041,
	0x0041, 0x0041, 0x0041, 0x0041, 0x0041, 0x0041, 0x0041, 0x0041, 0x0041, 0x0041, 0x0041, 0x0041,
	0x0041, 0x0041, 0x0041, 0x0041, 0x0041, 0x0041, 0x0041, 0x0041, 0x0041, 0x0041, 0x0041, 0x0041,
	0x0041, 0x0041, 0x0041, 0x0041, 0x0041, 0x0041, 0x0041, 0x0041, 0x0041, 0x0041, 0x0041, 0x0041,
	0x0041, 0x0041, 0x0041, 0x0041, 0x0041, 0x0041, 0x0041, 0x0041, 0x0041, 0x0041, 0x0041, 0x0041,
	0x0041, 0x0041, 0x0041, 0x0041, 0x0041, 0x0041, 0x0041, 0x0041, 0x0041, 0x0041, 0x0041, 0x0041,
	0x0041, 0x0041, 0x0041, 0x0041, 0x0041, 0x0041, 0x0041, 0x0041, 0x0041, 0x0041, 0x0041, 0x0041,
	0x0041, 0x0041, 0x0041, 0x0041, 0x0041, 0x0041, 0x0041, 0x0041, 0x0041, 0x0041, 0x0041, 0x0041,
	0x0041, 0x0041, 0x0041, 0x0041, 0x0041, 0x0041, 0x0041, 0x0041, 0x0041, 0x0041, 0x0041, 0x0041,
	0x0041, 0x0041, 0x0041, 0x0041, 0x0041, 0x0041, 0x0041, 0x0041, 0x0041, 0x0041, 0x0041, 0x0041,
	0x0041, 0x0041, 0x0041, 0x52EB, 0x52EB, 0x0041, 0x0041, 0x0041, 0x0041, 0x0041, 0x0041, 0x0041,
	0x0041, 0x0041, 0x0041, 0x0041, 0x0041, 0x0041, 0x0041, 0x0041, 0x0041, 0x0041, 0x0041, 0x0041,
	0x0041, 0x0041, 0x0041, 0x0041, 0x0041, 0x0041, 0x0041, 0x0041, 0x0041, 0x0041, 0x0041, 0x0041,
	0x0041, 0x0041, 0x0041, 0x0041, 0x0041, 0x0041, 0x0041, 0x0041, 0x0041, 0x0041, 0x0041, 0x0041,
	0x0041, 0x0041, 0x0041, 0x0041, 0x0041, 0x0041, 0x0041, 0x0041, 0x0041, 0x0041, 0x0041, 0x0041,
	0x0041, 0x0041, 0x0041, 0x0041, 0x0041, 0x0041, 0x0041, 0x0041, 0x0041, 0x0041, 0x0041, 0x0041,
	0x0041, 0x0041, 0x0041, 0x0041, 0x0041, 0x0041, 0x0041, 0x0041, 0x0041, 0x0041, 0x0041, 0x0041,
	0x0041, 0x0041, 0x0041, 0x0041, 0x0041, 0x0041, 0x0041, 0x0041, 0x0041, 0x0041, 0x0041, 0x0041,
	0x0041, 0x0041, 0x0041, 0x0041, 0x0041, 0x0041, 0x0041, 0x0041, 0x0041, 0x0041, 0x0041, 0x0041,
	0x0041, 0x0041, 0x0041, 0x0041, 0x0041, 0x0041, 0x0041, 0x0041, 0x0041, 0x0041, 0x0041, 0x0041,
	0x0041, 0x0041, 0x0041, 0x0041, 0x0041, 0x0041, 0x0041, 0x0041, 0x0041, 0x0041, 0x0041, 0x0041,
	0x0041, 0x0041, 0x0041, 0x0041, 0x0041, 0x0041, 0x0041, 0x0041, 0x0041, 0x0041, 0x0041, 0x0041,
	0x0041, 0x0041, 0x0041, 0x0041, 0x0041, 0x0041, 0x0041, 0x0041, 0x0041, 0x0041, 0x0041, 0x0041,
	0x0041, 0x0041, 0x0041, 0x0041, 0x0041, 0x0041, 0x0041, 0x0041, 0x0041, 0x0041, 0x0041, 0x0041,
	0x0041, 0x0041, 0x0041, 0x0041, 0x0041, 0x0041, 0x0041, 0x0041, 0x0041, 0x0041, 0x0041, 0x0041,
	0x0041, 0x0041, 0x0041, 0x0041, 0x0041, 0x0041, 0x0041, 0x0041, 0x0041, 0x0041, 0x0041, 0x0041,
	0x0041, 0x0041, 0x0041, 0x0041, 0x0041, 0x0041, 0x0041, 0x0041, 0x0041, 0x0041, 0x0041, 0x0041,
	0x0041, 0x0041, 0x0041, 0x0041, 0x0041, 0x0041, 0x0041, 0x0041, 0x0041, 0x0041, 0x0041, 0x0041,
	0x0041, 0x0041, 0x0041, 0x0041, 0x0041, 0x0041, 0x0041, 0x0041, 0x0041, 0x0041, 0x0041, 0x0041,
	0x0041, 0x0041, 0x0041, 0x0041, 0x0041, 0x0041, 0x0041, 0x0041, 0x0041, 0x0041, 0x0041, 0x0041,
	0x0041, 0x52EB, 0x52EB, 0x0041, 0x0041, 0x0041, 0x0041, 0x0041, 0x0041, 0x0041, 0x0041, 0x0041,
	0x0041, 0x0041, 0x0041, 0x0041, 0x0041, 0x0041, 0x0041, 0x0041, 0x0041, 0x0041, 0x0041, 0x0041,
	0x0041, 0x0041, 0x0041, 0x0041, 0x0041, 0x0041, 0x0041, 0x0041, 0x0041, 0x0041, 0x0041, 0x0041,
	0x0041, 0x0041, 0x0041, 0x0041, 0x0041, 0x0041, 0x0041, 0x0041, 0x0041, 0x0041, 0x0041, 0x0041,
	0x0041, 0x0041, 0x0041, 0x0041, 0x0041, 0x0041, 0x0041, 0x0041, 0x0041, 0x0041, 0x0041, 0x0041,
	0x0041, 0x0041, 0x0041, 0x0041, 0x0041, 0x0041, 0x0041, 0x0041, 0x0041, 0x0041, 0x0041, 0x0041,
	0x0041, 0x0041, 0x0041, 0x0041, 0x0041, 0x0041, 0x0041, 0x0041, 0x0041, 0x0041, 0x0041, 0x0041,
	0x0041, 0x0041, 0x0041, 0x0041, 0x0041, 0x0041, 0x0041, 0x0041, 0x0041, 0x0041, 0x0041, 0x0041,
	0x0041, 0x0041, 0x0041, 0x0041, 0x0041, 0x0041, 0x0041, 0x0041, 0x0041, 0x0041, 0x0041, 0x0041,
	0x0041, 0x0041, 0x0041, 0x0041, 0x0041, 0x0041, 0x0041, 0x0041, 0x0041, 0x0041, 0x0041, 0x0041,
	0x0041, 0x0041, 0x0041, 0x0041, 0x0041, 0x0041, 0x0041, 0x0041, 0x0041, 0x0041, 0x0041, 0x0041,
	0x0041, 0x0041, 0x0041, 0x0041, 0x0041, 0x0041, 0x0041, 0x0041, 0x0041, 0x0041, 0x0041, 0x0041,
	0x0041, 0x0041, 0x0041, 0x0041, 0x0041, 0x0041, 0x0041, 0x0041, 0x0041, 0x0041, 0x0041, 0x0041,
	0x0041, 0x0041, 0x0041, 0x0041, 0x0041, 0x0041, 0x0041, 0x0041, 0x0041, 0x0041, 0x0041, 0x0041,
	0x0041, 0x0041, 0x0041, 0x0041, 0x0041, 0x0041, 0x0041, 0x0041, 0x0041, 0x0041, 0x0041, 0x0041,
	0x0041, 0x0041, 0x0041, 0x0041, 0x0041, 0x0041, 0x0041, 0x0041, 0x0041, 0x0041, 0x0041, 0x0041,
	0x0041, 0x0041, 0x0041, 0x0041, 0x0041, 0x0041, 0x0041, 0x0041, 0x0041, 0x0041, 0x0041, 0x0041,
	0x0041, 0x0041, 0x0041, 0x0041, 0x0041, 0x0041, 0x0041, 0x0041, 0x0041, 0x0041, 0x0041, 0x0041,
	0x0041, 0x0041, 0x0041, 0x0041, 0x0041, 0x0041, 0x0041, 0x0041, 0x0041, 0x0041, 0x0041, 0x0041,
	0x0041, 0x0041, 0x0041, 0x0041, 0x0041, 0x0041, 0x0041, 0x0041, 0x0041, 0x0041, 0x0041, 0x52EB,
	0x52EB, 0x0041, 0x0041, 0x0041, 0x0041, 0x0041, 0x0041, 0x0041, 0x0041, 0x0041, 0x0041, 0x0041,
	0x0041, 0x0041, 0x0041, 0x0041, 0x0041, 0x0041, 0x0041, 0x0041, 0x0041, 0x0041, 0x0041, 0x0041,
	0x0041, 0x0041, 0x0041, 0x0041, 0x0041, 0x0041, 0x0041, 0x0041, 0x0041, 0x0041, 0x0041, 0x0041,
	0x0041, 0x0041, 0x0041, 0x0041, 0x0041, 0x0041, 0x0041, 0x0041, 0x0041, 0x0041, 0x0041, 0x0041,
	0x0041, 0x0041, 0x0041, 0x0041, 0x0041, 0x0041, 0x0041, 0x0041, 0x0041, 0x0041, 0x0041, 0x0041,
	0x0041, 0x0041, 0x0041, 0x0041, 0x0041, 0x0041, 0x0041, 0x0041, 0x0041, 0x0041, 0x0041, 0x0041,
	0x0041, 0x0041, 0x0041, 0x0041, 0x0041, 0x0041, 0x0041, 0x0041, 0x0041, 0x0041, 0x0041, 0x0041,
	0x0041, 0x0041, 0x0041, 0x0041, 0x0041, 0x0041, 0x0041, 0x0041, 0x0041, 0x0041, 0x0041, 0x0041,
	0x0041, 0x0041, 0x0041, 0x0041, 0x0041, 0x0041, 0x0041, 0x0041, 0x0041, 0x0041, 0x0041, 0x0041,
	0x0041, 0x0041, 0x0041, 0x0041, 0x0041, 0x0041, 0x0041, 0x0041, 0x0041, 0x0041, 0x0041, 0x0041,
	0x0041, 0x0041, 0x0041, 0x0041, 0x0041, 0x0041, 0x0041, 0x0041, 0x0041, 0x0041, 0x0041, 0x0041,
	0x0041, 0x0041, 0x0041, 0x0041, 0x0041, 0x0041, 0x0041, 0x0041, 0x0041, 0x0041, 0x0041, 0x0041,
	0x0041, 0x0041, 0x0041, 0x0041, 0x0041, 0x0041, 0x0041, 0x0041, 0x0041, 0x0041, 0x0041, 0x0041,
	0x0041, 0x0041, 0x0041, 0x0041, 0x0041, 0x0041, 0x0041, 0x0041, 0x0041, 0x0041, 0x0041, 0x0041,
	0x0041, 0x0041, 0x0041, 0x0041, 0x0041, 0x0041, 0x0041, 0x0041, 0x0041, 0x0041, 0x0041, 0x0041,
	0x0041, 0x0041, 0x0041, 0x0041, 0x0041, 0x0041, 0x0041, 0x0041, 0x0041, 0x0041, 0x0041, 0x0041,
	0x0041, 0x0041, 0x0041, 0x0041, 0x0041, 0x0041, 0x0041, 0x0041, 0x0041, 0x0041, 0x0041, 0x0041,
	0x0041, 0x0041, 0x0041, 0x0041, 0x0041, 0x0041, 0x0041, 0x0041, 0x0041, 0x0041, 0x0041, 0x0041,
	0x0041, 0x0041, 0x0041, 0x0041, 0x0041, 0x0041, 0x0041, 0x0041, 0x0041, 0x0041, 0x0041, 0x0041,
	0x0041, 0x0041, 0x0041, 0x0041, 0x0041, 0x0041, 0x0041, 0x0041, 0x0041, 0x52EB, 0x52EB, 0x0041,
	0x0041, 0x0041, 0x0041, 0x0041, 0x0041, 0x0041, 0x0041, 0x0041, 0x0041, 0x0041, 0x0041, 0x0041,
	0x0041, 0x0041, 0x0041, 0x0041, 0x0041, 0x0041, 0x0041, 0x0041, 0x0041, 0x0041, 0x0041, 0x0041,
	0x0041, 0x0041, 0x0041, 0x0041, 0x0041, 0x0041, 0x0041, 0x0041, 0x0041, 0x0041, 0x0041, 0x0041,
	0x0041, 0x0041, 0x0041, 0x0041, 0x0041, 0x0041, 0x0041, 0x0041, 0x0041, 0x0041, 0x0041, 0x0041,
	0x0041, 0x0041, 0x0041, 0x0041, 0x0041, 0x0041, 0x0041, 0x0041, 0x0041, 0x0041, 0x0041, 0x0041,
	0x0041, 0x0041, 0x0041, 0x0041, 0x0041, 0x0041, 0x0041, 0x0041, 0x0041, 0x0041, 0x0041, 0x0041,
	0x0041, 0x0041, 0x0041, 0x0041, 0x0041, 0x0041, 0x0041, 0x0041, 0x0041, 0x0041, 0x0041, 0x0041,
	0x0041, 0x0041, 0x0041, 0x0041, 0x0041, 0x0041, 0x0041, 0x0041, 0x0041, 0x0041, 0x0041, 0x0041,
	0x0041, 0x0041, 0x0041, 0x0041, 0x0041, 0x0041, 0x0041, 0x0041, 0x0041, 0x0041, 0x0041, 0x0041,
	0x0041, 0x0041, 0x0041, 0x0041, 0x0041, 0x0041, 0x0041, 0x0041, 0x0041, 0x0041, 0x0041, 0x0041,
	0x0041, 0x0041, 0x0041, 0x0041, 0x0041, 0x0041, 0x0041, 0x0041, 0x0041, 0x0041, 0x0041, 0x0041,
	0x0041, 0x0041, 0x0041, 0x0041, 0x0041, 0x0041, 0x0041, 0x0041, 0x0041, 0x0041, 0x0041, 0x0041,
	0x0041, 0x0041, 0x0041, 0x0041, 0x0041, 0x0041, 0x0041, 0x0041, 0x0041, 0x0041, 0x0041, 0x0041,
	0x0041, 0x0041, 0x0041, 0x0041, 0x0041, 0x0041, 0x0041, 0x0041, 0x0041, 0x0041, 0x0041, 0x0041,
	0x0041, 0x0041, 0x0041, 0x0041, 0x0041, 0x0041, 0x0041, 0x0041, 0x0041, 0x0041, 0x0041, 0x0041,
	0x0041, 0x0041, 0x0041, 0x0041, 0x0041, 0x0041, 0x0041, 0x0041, 0x0041, 0x0041, 0x0041, 0x0041,
	0x0041, 0x0041, 0x0041, 0x0041, 0x0041, 0x0041, 0x0041, 0x0041, 0x0041, 0x0041, 0x0041, 0x0041,
	0x0041, 0x0041, 0x0041, 0x0041, 0x0041, 0x0041, 0x0041, 0x0041, 0x0041, 0x0041, 0x0041, 0x0041,
	0x0041, 0x0041, 0x0041, 0x0041, 0x0041, 0x0041, 0x0041, 0x0041, 0x0041, 0x0041, 0x0041, 0x0041,
	0x0041, 0x0041, 0x0041, 0x0041, 0x0041, 0x0041, 0x0041, 0x52EB, 0x52EB, 0x0041, 0x0041, 0x0041,
	0x0041, 0x0041, 0x0041, 0x0041, 0x0041, 0x0041, 0x0041, 0x0041, 0x0041, 0x0041, 0x0041, 0x0041,
	0x0041, 0x0041, 0x0041, 0x0041, 0x0041, 0x0041, 0x0041, 0x0041, 0x0041, 0x0041, 0x0041, 0x0041,
	0x0041, 0x0041, 0x0041, 0x0041, 0x0041, 0x0041, 0x0041, 0x0041, 0x0041, 0x0041, 0x0041, 0x0041,
	0x0041, 0x0041, 0x0041, 0x0041, 0x0041, 0x0041, 0x0041, 0x0041, 0x0041, 0x0041, 0x0041, 0x0041,
	0x0041, 0x0041, 0x0041, 0x0041, 0x0041, 0x0041, 0x0041, 0x0041, 0x0041, 0x0041, 0x0041, 0x0041,
	0x0041, 0x0041, 0x0041, 0x0041, 0x0041, 0x0041, 0x0041, 0x0041, 0x0041, 0x0041, 0x0041, 0x0041,
	0x0041, 0x0041, 0x0041, 0x0041, 0x0041, 0x0041, 0x0041, 0x0041, 0x0041, 0x0041, 0x0041, 0x0041,
	0x0041, 0x0041, 0x0041, 0x0041, 0x0041, 0x0041, 0x0041, 0x0041, 0x0041, 0x0041, 0x0041, 0x0041,
	0x0041, 0x0041, 0x0041, 0x0041, 0x0041, 0x0041, 0x0041, 0x0041, 0x0041, 0x0041, 0x0041, 0x0041,
	0x0041, 0x0041, 0x0041, 0x0041, 0x0041, 0x0041, 0x0041, 0x0041, 0x0041, 0x0041, 0x0041, 0x0041,
	0x0041, 0x0041, 0x0041, 0x0041, 0x0041, 0x0041, 0x0041, 0x0041, 0x0041, 0x0041, 0x0041, 0x0041,
	0x0041, 0x0041, 0x0041, 0x0041, 0x0041, 0x0041, 0x0041, 0x0041, 0x0041, 0x0041, 0x0041, 0x0041,
	0x0041, 0x0041, 0x0041, 0x0041, 0x0041, 0x0041, 0x0041, 0x0041, 0x0041, 0x0041, 0x0041, 0x0041,
	0x0041, 0x0041, 0x0041, 0x0041, 0x0041, 0x0041, 0x0041, 0x0041, 0x0041, 0x0041, 0x0041, 0x0041,
	0x0041, 0x0041, 0x0041, 0x0041, 0x0041, 0x0041, 0x0041, 0x0041, 0x0041, 0x0041, 0x0041, 0x0041,
	0x0041, 0x0041, 0x0041, 0x0041, 0x0041, 0x0041, 0x0041, 0x0041, 0x0041, 0x0041, 0x0041, 0x0041,
	0x0041, 0x0041, 0x0041, 0x0041, 0x0041, 0x0041, 0x0041, 0x0041, 0x0041, 0x0041, 0x0041, 0x0041,
	0x0041, 0x0041, 0x0041, 0x0041, 0x0041, 0x0041, 0x0041, 0x0041, 0x0041, 0x0041, 0x0041, 0x0041,
	0x0041, 0x0041, 0x0041, 0x0041, 0x0041, 0x0041, 0x0041, 0x0041, 0x0041, 0x0041, 0x0041, 0x0041,
	0x0041, 0x0041, 0x0041, 0x0041, 0x0041, 0x52EB, 0x52EB, 0x0041, 0x0041, 0x0041, 0x0041, 0x0041,
	0x0041, 0x0041, 0x0041, 0x0041, 0x0041, 0x0041, 0x0041, 0x0041, 0x0041, 0x0041, 0x0041, 0x0041,
	0x0041, 0x0041, 0x0041, 0x0041, 0x0041, 0x0041, 0x0041, 0x0041, 0x0041, 0x0041, 0x0041, 0x0041,
	0x0041, 0x0041, 0x0041, 0x0041, 0x0041, 0x0041, 0x0041, 0x0041, 0x0041, 0x0041, 0x0041, 0x0041,
	0x0041, 0x0041, 0x0041, 0x0041, 0x0041, 0x0041, 0x0041, 0x0041, 0x0041, 0x0041, 0x0041, 0x0041,
	0x0041, 0x0041, 0x0041, 0x0041, 0x0041, 0x0041, 0x0041, 0x0041, 0x0041, 0x0041, 0x0041, 0x0041,
	0x0041, 0x0041, 0x0041, 0x0041, 0x0041, 0x0041, 0x0041, 0x0041, 0x0041, 0x0041, 0x0041, 0x0041,
	0x0041, 0x0041, 0x0041, 0x0041, 0x0041, 0x0041, 0x0041, 0x0041, 0x0041, 0x0041, 0x0041, 0x0041,
	0x0041, 0x0041, 0x0041, 0x0041, 0x0041, 0x0041, 0x0041, 0x0041, 0x0041, 0x0041, 0x0041, 0x0041,
	0x0041, 0x0041, 0x0041, 0x0041, 0x0041, 0x0041, 0x0041, 0x0041, 0x0041, 0x0041, 0x0041, 0x0041,
	0x0041, 0x0041, 0x0041, 0x0041, 0x0041, 0x0041, 0x0041, 0x0041, 0x0041, 0x0041, 0x0041, 0x0041,
	0x0041, 0x0041, 0x0041, 0x0041, 0x0041, 0x0041, 0x0041, 0x0041, 0x0041, 0x0041, 0x0041, 0x0041,
	0x0041, 0x0041, 0x0041, 0x0041, 0x0041, 0x0041, 0x0041, 0x0041, 0x0041, 0x0041, 0x0041, 0x0041,
	0x0041, 0x0041, 0x0041, 0x0041, 0x0041, 0x0041, 0x0041, 0x0041, 0x0041, 0x0041, 0x0041, 0x0041,
	0x0041, 0x0041, 0x0041, 0x0041, 0x0041, 0x0041, 0x0041, 0x0041, 0x0041, 0x0041, 0x0041, 0x0041,
	0x0041, 0x0041, 0x0041, 0x0041, 0x0041, 0x0041, 0x0041, 0x0041, 0x0041, 0x0041, 0x0041, 0x0041,
	0x0041, 0x0041, 0x0041, 0x0041, 0x0041, 0x0041, 0x0041, 0x0041, 0x0041, 0x0041, 0x0041, 0x0041,
	0x0041, 0x0041, 0x0041, 0x0041, 0x0041, 0x0041, 0x0041, 0x0041, 0x0041, 0x0041, 0x0041, 0x0041,
	0x0041, 0x0041, 0x0041, 0x0041, 0x0041, 0x0041, 0x0041, 0x0041, 0x0041, 0x0041, 0x0041, 0x0041,
	0x0041, 0x0041, 0x0041, 0x0041, 0x0041, 0x0041, 0x0041, 0x0041, 0x0041, 0x0041, 0x0041, 0x0041,
	0x0041, 0x0041, 0x0041, 0x52EB, 0x52EB, 0x0041, 0x0041, 0x0041, 0x0041, 0x0041, 0x0041, 0x0041,
	0x0041, 0x0041, 0x0041, 0x0041, 0x0041, 0x0041, 0x0041, 0x0041, 0x0041, 0x0041, 0x0041, 0x0041,
	0x0041, 0x0041, 0x0041, 0x0041, 0x0041, 0x0041, 0x0041, 0x0041, 0x0041, 0x0041, 0x0041, 0x0041,
	0x0041, 0x0041, 0x0041, 0x0041, 0x0041, 0x0041, 0x0041, 0x0041, 0x0041, 0x0041, 0x0041, 0x0041,
	0x0041, 0x0041, 0x0041, 0x0041, 0x0041, 0x0041, 0x0041, 0x0041, 0x0041, 0x0041, 0x0041, 0x0041,
	0x0041, 0x0041, 0x0041, 0x0041, 0x0041, 0x0041, 0x0041, 0x0041, 0x0041, 0x0041, 0x0041, 0x0041,
	0x0041, 0x0041, 0x0041, 0x0041, 0x0041, 0x0041, 0x0041, 0x0041, 0x0041, 0x0041, 0x0041, 0x0041,
	0x0041, 0x0041, 0x0041, 0x0041, 0x0041, 0x0041, 0x0041, 0x0041, 0x0041, 0x0041, 0x0041, 0x0041,
	0x0041, 0x0041, 0x0041, 0x0041, 0x0041, 0x0041, 0x0041, 0x0041, 0x0041, 0x0041, 0x0041, 0x0041,
	0x0041, 0x0041, 0x0041, 0x0041, 0x0041, 0x0041, 0x0041, 0x0041, 0x0041, 0x0041, 0x0041, 0x0041,
	0x0041, 0x0041, 0x0041, 0x0041, 0x0041, 0x0041, 0x0041, 0x0041, 0x0041, 0x0041, 0x0041, 0x0041,
	0x0041, 0x0041, 0x0041, 0x0041, 0x0041, 0x0041, 0x0041, 0x0041, 0x0041, 0x0041, 0x0041, 0x0041,
	0x0041, 0x0041, 0x0041, 0x0041, 0x0041, 0x0041, 0x0041, 0x0041, 0x0041, 0x0041, 0x0041, 0x0041,
	0x0041, 0x0041, 0x0041, 0x0041, 0x0041, 0x0041, 0x0041, 0x0041, 0x0041, 0x0041, 0x0041, 0x0041,
	0x0041, 0x0041, 0x0041, 0x0041, 0x0041, 0x0041, 0x0041, 0x0041, 0x0041, 0x0041, 0x0041, 0x0041,
	0x0041, 0x0041, 0x0041, 0x0041, 0x0041, 0x0041, 0x0041, 0x0041, 0x0041, 0x0041, 0x0041, 0x0041,
	0x0041, 0x0041, 0x0041, 0x0041, 0x0041, 0x0041, 0x0041, 0x0041, 0x0041, 0x0041, 0x0041, 0x0041,
	0x0041, 0x0041, 0x0041, 0x0041, 0x0041, 0x0041, 0x0041, 0x0041, 0x0041, 0x0041, 0x0041, 0x0041,
	0x0041, 0x0041, 0x0041, 0x0041, 0x0041, 0x0041, 0x0041, 0x0041, 0x0041, 0x0041, 0x0041, 0x0041,
	0x0041, 0x0041, 0x0041, 0x0041, 0x0041, 0x0041, 0x0041, 0x0041, 0x0041, 0x0041, 0x0041, 0x0041,
	0x0041, 0x52EB, 0x52EB, 0x0041, 0x0041, 0x0041, 0x0041, 0x0041, 0x0041, 0x0041, 0x0041, 0x0041,
	0x0041, 0x0041, 0x0041, 0x0041, 0x0041, 0x0041, 0x0041, 0x0041, 0x0041, 0x0041, 0x0041, 0x0041,
	0x0041, 0x0041, 0x0041, 0x0041, 0x0041, 0x0041, 0x0041, 0x0041, 0x0041, 0x0041, 0x0041, 0x0041,
	0x0041, 0x0041, 0x0041, 0x0041, 0x0041, 0x0041, 0x0041, 0x0041, 0x0041, 0x0041, 0x0041, 0x0041,
	0x0041, 0x0041, 0x0041, 0x0041, 0x0041, 0x0041, 0x0041, 0x0041, 0x0041, 0x0041, 0x0041, 0x0041,
	0x0041, 0x0041, 0x0041, 0x0041, 0x0041, 0x0041, 0x0041, 0x0041, 0x0041, 0x0041, 0x0041, 0x0041,
	0x0041, 0x0041, 0x0041, 0x0041, 0x0041, 0x0041, 0x0041, 0x0041, 0x0041, 0x0041, 0x0041, 0x0041,
	0x0041, 0x0041, 0x0041, 0x0041, 0x0041, 0x0041, 0x0041, 0x0041, 0x0041, 0x0041, 0x0041, 0x0041,
	0x0041, 0x0041, 0x0041, 0x0041, 0x0041, 0x0041, 0x0041, 0x0041, 0x0041, 0x0041, 0x0041, 0x0041,
	0x0041, 0x0041, 0x0041, 0x0041, 0x0041, 0x0041, 0x0041, 0x0041, 0x0041, 0x0041, 0x0041, 0x0041,
	0x0041, 0x0041, 0x0041, 0x0041, 0x0041, 0x0041, 0x0041, 0x0041, 0x0041, 0x0041, 0x0041, 0x0041,
	0x0041, 0x0041, 0x0041, 0x0041, 0x0041, 0x0041, 0x0041, 0x0041, 0x0041, 0x0041, 0x0041, 0x0041,
	0x0041, 0x0041, 0x0041, 0x0041, 0x0041, 0x0041, 0x0041, 0x0041, 0x0041, 0x0041, 0x0041, 0x0041,
	0x0041, 0x0041, 0x0041, 0x0041, 0x0041, 0x0041, 0x0041, 0x0041, 0x0041, 0x0041, 0x0041, 0x0041,
	0x0041, 0x0041, 0x0041, 0x0041, 0x0041, 0x0041, 0x0041, 0x0041, 0x0041, 0x0041, 0x0041, 0x0041,
	0x0041, 0x0041, 0x0041, 0x0041, 0x0041, 0x0041, 0x0041, 0x0041, 0x0041, 0x0041, 0x0041, 0x0041,
	0x0041, 0x0041, 0x0041, 0x0041, 0x0041, 0x0041, 0x0041, 0x0041, 0x0041, 0x0041, 0x0041, 0x0041,
	0x0041, 0x0041, 0x0041, 0x0041, 0x0041, 0x0041, 0x0041, 0x0041, 0x0041, 0x0041, 0x0041, 0x0041,
	0x0041, 0x0041, 0x0041, 0x0041, 0x0041, 0x0041, 0x0041, 0x0041, 0x0041, 0x0041, 0x0041, 0x0041,
	0x0041, 0x0041, 0x0041, 0x0041, 0x0041, 0x0041, 0x0041, 0x0041, 0x0041, 0x0041, 0x0041, 0x52EB,
	0x52EB, 0x0041, 0x0041, 0x0041, 0x0041, 0x0041, 0x0041, 0x0041, 0x0041, 0x0041, 0x0041, 0x0041,
	0x0041, 0x0041, 0x0041, 0x0041, 0x0041, 0x0041, 0x0041, 0x0041, 0x0041, 0x0041, 0x0041, 0x0041,
	0x0041, 0x0041, 0x0041, 0x0041, 0x0041, 0x0041, 0x0041, 0x0041, 0x0041, 0x0041, 0x0041, 0x0041,
	0x0041, 0x0041, 0x0041, 0x0041, 0x0041, 0x0041, 0x0041, 0x0041, 0x0041, 0x0041, 0x0041, 0x0041,
	0x0041, 0x0041, 0x0041, 0x0041, 0x0041, 0x0041, 0x0041, 0x0041, 0x0041, 0x0041, 0x0041, 0x0041,
	0x0041, 0x0041, 0x0041, 0x0041, 0x0041, 0x0041, 0x0041, 0x0041, 0x0041, 0x0041, 0x0041, 0x0041,
	0x0041, 0x0041, 0x0041, 0x0041, 0x0041, 0x0041, 0x0041, 0x0041, 0x0041, 0x0041, 0x0041, 0x0041,
	0x0041, 0x0041, 0x0041, 0x0041, 0x0041, 0x0041, 0x0041, 0x0041, 0x0041, 0x0041, 0x0041, 0x0041,
	0x0041, 0x0041, 0x0041, 0x0041, 0x0041, 0x0041, 0x0041, 0x0041, 0x0041, 0x0041, 0x0041, 0x0041,
	0x0041, 0x0041, 0x0041, 0x0041, 0x0041, 0x0041, 0x0041, 0x0041, 0x0041, 0x0041, 0x0041, 0x0041,
	0x0041, 0x0041, 0x0041, 0x0041, 0x0041, 0x0041, 0x0041, 0x0041, 0x0041, 0x0041, 0x0041, 0x0041,
	0x0041, 0x0041, 0x0041, 0x0041, 0x0041, 0x0041, 0x0041, 0x0041, 0x0041, 0x0041, 0x0041, 0x0041,
	0x0041, 0x0041, 0x0041, 0x0041, 0x0041, 0x0041, 0x0041, 0x0041, 0x0041, 0x0041, 0x0041, 0x0041,
	0x0041, 0x0041, 0x0041, 0x0041, 0x0041, 0x0041, 0x0041, 0x0041, 0x0041, 0x0041, 0x0041, 0x0041,
	0x0041, 0x0041, 0x0041, 0x0041, 0x0041, 0x0041, 0x0041, 0x0041, 0x0041, 0x0041, 0x0041, 0x0041,
	0x0041, 0x0041, 0x0041, 0x0041, 0x0041, 0x0041, 0x0041, 0x0041, 0x0041, 0x0041, 0x0041, 0x0041,
	0x0041, 0x0041, 0x0041, 0x0041, 0x0041, 0x0041, 0x0041, 0x0041, 0x0041, 0x0041, 0x0041, 0x0041,
	0x0041, 0x0041, 0x0041, 0x0041, 0x0041, 0x0041, 0x0041, 0x0041, 0x0041, 0x0041, 0x0041, 0x0041,
	0x0041, 0x0041, 0x0041, 0x0041, 0x0041, 0x0041, 0x0041, 0x0041, 0x0041, 0x0041, 0x0041, 0x0041,
	0x0041, 0x0041, 0x0041, 0x0041, 0x0041, 0x0041, 0x0041, 0x0041, 0x0041, 0x52EB, 0x52EB, 0x0041,
	0x0041, 0x0041, 0x0041, 0x0041, 0x0041, 0x0041, 0x0041, 0x0041, 0x0041, 0x0041, 0x0041, 0x0041,
	0x0041, 0x0041, 0x0041, 0x0041, 0x0041, 0x0041, 0x0041, 0x0041, 0x0041, 0x0041, 0x0041, 0x0041,
	0x0041, 0x0041, 0x0041, 0x0041, 0x0041, 0x0041, 0x0041, 0x0041, 0x0041, 0x0041, 0x0041, 0x0041,
	0x0041, 0x0041, 0x0041, 0x0041, 0x0041, 0x0041, 0x0041, 0x0041, 0x0041, 0x0041, 0x0041, 0x0041,
	0x0041, 0x0041, 0x0041, 0x0041, 0x0041, 0x0041, 0x0041, 0x0041, 0x0041, 0x0041, 0x0041, 0x0041,
	0x0041, 0x0041, 0x0041, 0x0041, 0x0041, 0x0041, 0x0041, 0x0041, 0x0041, 0x0041, 0x0041, 0x0041,
	0x0041, 0x0041, 0x0041, 0x0041, 0x0041, 0x0041, 0x0041, 0x0041, 0x0041, 0x0041, 0x0041, 0x0041,
	0x0041, 0x0041, 0x0041, 0x0041, 0x0041, 0x0041, 0x0041, 0x0041, 0x0041, 0x0041, 0x0041, 0x0041,
	0x0041, 0x0041, 0x0041, 0x0041, 0x0041, 0x0041, 0x0041, 0x0041, 0x0041, 0x0041, 0x0041, 0x0041,
	0x0041, 0x0041, 0x0041, 0x0041, 0x0041, 0x0041, 0x0041, 0x0041, 0x0041, 0x0041, 0x0041, 0x0041,
	0x0041, 0x0041, 0x0041, 0x0041, 0x0041, 0x0041, 0x0041, 0x0041, 0x0041, 0x0041, 0x0041, 0x0041,
	0x0041, 0x0041, 0x0041, 0x0041, 0x0041, 0x0041, 0x0041, 0x0041, 0x0041, 0x0041, 0x0041, 0x0041,
	0x0041, 0x0041, 0x0041, 0x0041, 0x0041, 0x0041, 0x0041, 0x0041, 0x0041, 0x0041, 0x0041, 0x0041,
	0x0041, 0x0041, 0x0041, 0x0041, 0x0041, 0x0041, 0x0041, 0x0041, 0x0041, 0x0041, 0x0041, 0x0041,
	0x0041, 0x0041, 0x0041, 0x0041, 0x0041, 0x0041, 0x0041, 0x0041, 0x0041, 0x0041, 0x0041, 0x0041,
	0x0041, 0x0041, 0x0041, 0x0041, 0x0041, 0x0041, 0x0041, 0x0041, 0x0041, 0x0041, 0x0041, 0x0041,
	0x0041, 0x0041, 0x0041, 0x0041, 0x0041, 0x0041, 0x0041, 0x0041, 0x0041, 0x0041, 0x0041, 0x0041,
	0x0041, 0x0041, 0x0041, 0x0041, 0x0041, 0x0041, 0x0041, 0x0041, 0x0041, 0x0041, 0x0041, 0x0041,
	0x0041, 0x0041, 0x0041, 0x0041, 0x0041, 0x0041, 0x0041, 0x0041, 0x0041, 0x0041, 0x0041, 0x0041,
	0x0041, 0x0041, 0x0041, 0x0041, 0x0041, 0x0041, 0x0041, 0x52EB, 0x52EB, 0x0041, 0x0041, 0x0041,
	0x0041, 0x0041, 0x0041, 0x0041, 0x0041, 0x0041, 0x0041, 0x0041, 0x0041, 0x0041, 0x0041, 0x0041,
	0x0041, 0x0041, 0x0041, 0x0041, 0x0041, 0x0041, 0x0041, 0x0041, 0x0041, 0x0041, 0x0041, 0x0041,
	0x0041, 0x0041, 0x0041, 0x0041, 0x0041, 0x0041, 0x0041, 0x0041, 0x0041, 0x0041, 0x0041, 0x0041,
	0x0041, 0x0041, 0x0041, 0x0041, 0x0041, 0x0041, 0x0041, 0x0041, 0x0041, 0x0041, 0x0041, 0x0041,
	0x0041, 0x0041, 0x0041, 0x0041, 0x0041, 0x0041, 0x0041, 0x0041, 0x0041, 0x0041, 0x0041, 0x0041,
	0x0041, 0x0041, 0x0041, 0x0041, 0x0041, 0x0041, 0x0041, 0x0041, 0x0041, 0x0041, 0x0041, 0x0041,
	0x0041, 0x0041, 0x0041, 0x0041, 0x0041, 0x0041, 0x0041, 0x0041, 0x0041, 0x0041, 0x0041, 0x0041,
	0x0041, 0x0041, 0x0041, 0x0041, 0x0041, 0x0041, 0x0041, 0x0041, 0x0041, 0x0041, 0x0041, 0x0041,
	0x0041, 0x0041, 0x0041, 0x0041, 0x0041, 0x0041, 0x0041, 0x0041, 0x0041, 0x0041, 0x0041, 0x0041,
	0x0041, 0x0041, 0x0041, 0x0041, 0x0041, 0x0041, 0x0041, 0x0041, 0x0041, 0x0041, 0x0041, 0x0041,
	0x0041, 0x0041, 0x0041, 0x0041, 0x0041, 0x0041, 0x0041, 0x0041, 0x0041, 0x0041, 0x0041, 0x0041,
	0x0041, 0x0041, 0x0041, 0x0041, 0x0041, 0x0041, 0x0041, 0x0041, 0x0041, 0x0041, 0x0041, 0x0041,
	0x0041, 0x0041, 0x0041, 0x0041, 0x0041, 0x0041, 0x0041, 0x0041, 0x0041, 0x0041, 0x0041, 0x0041,
	0x0041, 0x0041, 0x0041, 0x0041, 0x0041, 0x0041, 0x0041, 0x0041, 0x0041, 0x0041, 0x0041, 0x0041,
	0x0041, 0x0041, 0x0041, 0x0041, 0x0041, 0x0041, 0x0041, 0x0041, 0x0041, 0x0041, 0x0041, 0x0041,
	0x0041, 0x0041, 0x0041, 0x0041, 0x0041, 0x0041, 0x0041, 0x0041, 0x0041, 0x0041, 0x0041, 0x0041,
	0x0041, 0x0041, 0x0041, 0x0041, 0x0041, 0x0041, 0x0041, 0x0041, 0x0041, 0x0041, 0x0041, 0x0041,
	0x0041, 0x0041, 0x0041, 0x0041, 0x0041, 0x0041, 0x0041, 0x0041, 0x0041, 0x0041, 0x0041, 0x0041,
	0x0041, 0x0041, 0x0041, 0x0041, 0x0041, 0x0041, 0x0041, 0x0041, 0x0041, 0x0041, 0x0041, 0x0041,
	0x0041, 0x0041, 0x0041, 0x0041, 0x0041, 0x52EB, 0x52EB, 0x0041, 0x0041, 0x0041, 0x0041, 0x0041,
	0x0041, 0x0041, 0x0041, 0x0041, 0x0041, 0x0041, 0x0041, 0x0041, 0x0041, 0x0041, 0x0041, 0x0041,
	0x0041, 0x0041, 0x0041, 0x0041, 0x0041, 0x0041, 0x0041, 0x0041, 0x0041, 0x0041, 0x0041, 0x0041,
	0x0041, 0x0041, 0x0041, 0x0041, 0x0041, 0x0041, 0x0041, 0x0041, 0x0041, 0x0041, 0x0041, 0x0041,
	0x0041, 0x0041, 0x0041, 0x0041, 0x0041, 0x0041, 0x0041, 0x0041, 0x0041, 0x0041, 0x0041, 0x0041,
	0x0041, 0x0041, 0x0041, 0x0041, 0x0041, 0x0041, 0x0041, 0x0041, 0x0041, 0x0041, 0x0041, 0x0041,
	0x0041, 0x0041, 0x0041, 0x0041, 0x0041, 0x0041, 0x0041, 0x0041, 0x0041, 0x0041, 0x0041, 0x0041,
	0x0041, 0x0041, 0x0041, 0x0041, 0x0041, 0x0041, 0x0041, 0x0041, 0x0041, 0x0041, 0x0041, 0x0041,
	0x0041, 0x0041, 0x0041, 0x0041, 0x0041, 0x0041, 0x0041, 0x0041, 0x0041, 0x0041, 0x0041, 0x0041,
	0x0041, 0x0041, 0x0041, 0x0041, 0x0041, 0x0041, 0x0041, 0x0041, 0x0041, 0x0041, 0x0041, 0x0041,
	0x0041, 0x0041, 0x0041, 0x0041, 0x0041, 0x0041, 0x0041, 0x0041, 0x0041, 0x0041, 0x0041, 0x0041,
	0x0041, 0x0041, 0x0041, 0x0041, 0x0041, 0x0041, 0x0041, 0x0041, 0x0041, 0x0041, 0x0041, 0x0041,
	0x0041, 0x0041, 0x0041, 0x0041, 0x0041, 0x0041, 0x0041, 0x0041, 0x0041, 0x0041, 0x0041, 0x0041,
	0x0041, 0x0041, 0x0041, 0x0041, 0x0041, 0x0041, 0x0041, 0x0041, 0x0041, 0x0041, 0x0041, 0x0041,
	0x0041, 0x0041, 0x0041, 0x0041, 0x0041, 0x0041, 0x0041, 0x0041, 0x0041, 0x0041, 0x0041, 0x0041,
	0x0041, 0x0041, 0x0041, 0x0041, 0x0041, 0x0041, 0x0041, 0x0041, 0x0041, 0x0041, 0x0041, 0x0041,
	0x0041, 0x0041, 0x0041, 0x0041, 0x0041, 0x0041, 0x0041, 0x0041, 0x0041, 0x0041, 0x0041, 0x0041,
	0x0041, 0x0041, 0x0041, 0x0041, 0x0041, 0x0041, 0x0041, 0x0041, 0x0041, 0x0041, 0x0041, 0x0041,
	0x0041, 0x0041, 0x0041, 0x0041, 0x0041, 0x0041, 0x0041, 0x0041, 0x0041, 0x0041, 0x0041, 0x0041,
	0x0041, 0x0041, 0x0041, 0x0041, 0x0041, 0x0041, 0x0041, 0x0041, 0x0041, 0x0041, 0x0041, 0x0041,
	0x0041, 0x0041, 0x0041, 0x52EB, 0x52EB, 0x0041, 0x0041, 0x0041, 0x0041, 0x0041, 0x0041, 0x0041,
	0x0041, 0x0041, 0x0041, 0x0041, 0x0041, 0x0041, 0x0041, 0x0041, 0x0041, 0x0041, 0x0041, 0x0041,
	0x0041, 0x0041, 0x0041, 0x0041, 0x0041, 0x0041, 0x0041, 0x0041, 0x0041, 0x0041, 0x0041, 0x0041,
	0x0041, 0x0041, 0x0041, 0x0041, 0x0041, 0x0041, 0x0041, 0x0041, 0x0041, 0x0041, 0x0041, 0x0041,
	0x0041, 0x0041, 0x0041, 0x0041, 0x0041, 0x0041, 0x0041, 0x0041, 0x0041, 0x0041, 0x0041, 0x0041,
	0x0041, 0x0041, 0x0041, 0x0041, 0x0041, 0x0041, 0x0041, 0x0041, 0x0041, 0x0041, 0x0041, 0x0041,
	0x0041, 0x0041, 0x0041, 0x0041, 0x0041, 0x0041, 0x0041, 0x0041, 0x0041, 0x0041, 0x0041, 0x0041,
	0x0041, 0x0041, 0x0041, 0x0041, 0x0041, 0x0041, 0x0041, 0x0041, 0x0041, 0x0041, 0x0041, 0x0041,
	0x0041, 0x0041, 0x0041, 0x0041, 0x0041, 0x0041, 0x0041, 0x0041, 0x0041, 0x0041, 0x0041, 0x0041,
	0x0041, 0x0041, 0x0041, 0x0041, 0x0041, 0x0041, 0x0041, 0x0041, 0x0041, 0x0041, 0x0041, 0x0041,
	0x0041, 0x0041, 0x0041, 0x0041, 0x0041, 0x0041, 0x0041, 0x0041, 0x0041, 0x0041, 0x0041, 0x0041,
	0x0041, 0x0041, 0x0041, 0x0041, 0x0041, 0x0041, 0x0041, 0x0041, 0x0041, 0x0041, 0x0041, 0x0041,
	0x0041, 0x0041, 0x0041, 0x0041, 0x0041, 0x0041, 0x0041, 0x0041, 0x0041, 0x0041, 0x0041, 0x0041,
	0x0041, 0x0041, 0x0041, 0x0041, 0x0041, 0x0041, 0x0041, 0x0041, 0x0041, 0x0041, 0x0041, 0x0041,
	0x0041, 0x0041, 0x0041, 0x0041, 0x0041, 0x0041, 0x0041, 0x0041, 0x0041, 0x0041, 0x0041, 0x0041,
	0x0041, 0x0041, 0x0041, 0x0041, 0x0041, 0x0041, 0x0041, 0x0041, 0x0041, 0x0041, 0x0041, 0x0041,
	0x0041, 0x0041, 0x0041, 0x0041, 0x0041, 0x0041, 0x0041, 0x0041, 0x0041, 0x0041, 0x0041, 0x0041,
	0x0041, 0x0041, 0x0041, 0x0041, 0x0041, 0x0041, 0x0041, 0x0041, 0x0041, 0x0041, 0x0041, 0x0041,
	0x0041, 0x0041, 0x0041, 0x0041, 0x0041, 0x0041, 0x0041, 0x0041, 0x0041, 0x0041, 0x0041, 0x0041,
	0x0041, 0x0041, 0x0041, 0x0041, 0x0041, 0x0041, 0x0041, 0x0041, 0x0041, 0x0041, 0x0041, 0x0041,
	0x0041, 0x52EB, 0x52EB, 0x0041, 0x0041, 0x0041, 0x0041, 0x0041, 0x0041, 0x0041, 0x0041, 0x0041,
	0x0041, 0x0041, 0x0041, 0x0041, 0x0041, 0x0041, 0x0041, 0x0041, 0x0041, 0x0041, 0x0041, 0x0041,
	0x0041, 0x0041, 0x0041, 0x0041, 0x0041, 0x0041, 0x0041, 0x0041, 0x0041, 0x0041, 0x0041, 0x0041,
	0x0041, 0x0041, 0x0041, 0x0041, 0x0041, 0x0041, 0x0041, 0x0041, 0x0041, 0x0041, 0x0041, 0x0041,
	0x0041, 0x0041, 0x0041, 0x0041, 0x0041, 0x0041, 0x0041, 0x0041, 0x0041, 0x0041, 0x0041, 0x0041,
	0x0041, 0x0041, 0x0041, 0x0041, 0x0041, 0x0041, 0x0041, 0x0041, 0x0041, 0x0041, 0x0041, 0x0041,
	0x0041, 0x0041, 0x0041, 0x0041, 0x0041, 0x0041, 0x0041, 0x0041, 0x0041, 0x0041, 0x0041, 0x0041,
	0x0041, 0x0041, 0x0041, 0x0041, 0x0041, 0x0041, 0x0041, 0x0041, 0x0041, 0x0041, 0x0041, 0x0041,
	0x0041, 0x0041, 0x0041, 0x0041, 0x0041, 0x0041, 0x0041, 0x0041, 0x0041, 0x0041, 0x0041, 0x0041,
	0x0041, 0x0041, 0x0041, 0x0041, 0x0041, 0x0041, 0x0041, 0x0041, 0x0041, 0x0041, 0x0041, 0x0041,
	0x0041, 0x0041, 0x0041, 0x0041, 0x0041, 0x0041, 0x0041, 0x0041, 0x0041, 0x0041, 0x0041, 0x0041,
	0x0041, 0x0041, 0x0041, 0x0041, 0x0041, 0x0041, 0x0041, 0x0041, 0x0041, 0x0041, 0x0041, 0x0041,
	0x0041, 0x0041, 0x0041, 0x0041, 0x0041, 0x0041, 0x0041, 0x0041, 0x0041, 0x0041, 0x0041, 0x0041,
	0x0041, 0x0041, 0x0041, 0x0041, 0x0041, 0x0041, 0x0041, 0x0041, 0x0041, 0x0041, 0x0041, 0x0041,
	0x0041, 0x0041, 0x0041, 0x0041, 0x0041, 0x0041, 0x0041, 0x0041, 0x0041, 0x0041, 0x0041, 0x0041,
	0x0041, 0x0041, 0x0041, 0x0041, 0x0041, 0x0041, 0x0041, 0x0041, 0x0041, 0x0041, 0x0041, 0x0041,
	0x0041, 0x0041, 0x0041, 0x0041, 0x0041, 0x0041, 0x0041, 0x0041, 0x0041, 0x0041, 0x0041, 0x0041,
	0x0041, 0x0041, 0x0041, 0x0041, 0x0041, 0x0041, 0x0041, 0x0041, 0x0041, 0x0041, 0x0041, 0x0041,
	0x0041, 0x0041, 0x0041, 0x0041, 0x0041, 0x0041, 0x0041, 0x0041, 0x0041, 0x0041, 0x0041, 0x0041,
	0x0041, 0x0041, 0x0041, 0x0041, 0x0041, 0x0041, 0x0041, 0x0041, 0x0041, 0x0041, 0x0041, 0x52EB,
	0x52EB, 0x0041, 0x0041, 0x0041, 0x0041, 0x0041, 0x0041, 0x0041, 0x0041, 0x0041, 0x0041, 0x0041,
	0x0041, 0x0041, 0x0041, 0x0041, 0x0041, 0x0041, 0x0041, 0x0041, 0x0041, 0x0041, 0x0041, 0x0041,
	0x0041, 0x0041, 0x0041, 0x0041, 0x0041, 0x0041, 0x0041, 0x0041, 0x0041, 0x0041, 0x0041, 0x0041,
	0x0041, 0x0041, 0x0041, 0x0041, 0x0041, 0x0041, 0x0041, 0x0041, 0x0041, 0x0041, 0x0041, 0x0041,
	0x0041, 0x0041, 0x0041, 0x0041, 0x0041, 0x0041, 0x0041, 0x0041, 0x0041, 0x0041, 0x0041, 0x0041,
	0x0041, 0x0041, 0x0041, 0x0041, 0x0041, 0x0041, 0x0041, 0x0041, 0x0041, 0x0041, 0x0041, 0x0041,
	0x0041, 0x0041, 0x0041, 0x0041, 0x0041, 0x0041, 0x0041, 0x0041, 0x0041, 0x0041, 0x0041, 0x0041,
	0x0041, 0x0041, 0x0041, 0x0041, 0x0041, 0x0041, 0x0041, 0x0041, 0x0041, 0x0041, 0x0041, 0x0041,
	0x0041, 0x0041, 0x0041, 0x0041, 0x0041, 0x0041, 0x0041, 0x0041, 0x0041, 0x0041, 0x0041, 0x0041,
	0x0041, 0x0041, 0x0041, 0x0041, 0x0041, 0x0041, 0x0041, 0x0041, 0x0041, 0x0041, 0x0041, 0x0041,
	0x0041, 0x0041, 0x0041, 0x0041, 0x0041, 0x0041, 0x0041, 0x0041, 0x0041, 0x0041, 0x0041, 0x0041,
	0x0041, 0x0041, 0x0041, 0x0041, 0x0041, 0x0041, 0x0041, 0x0041, 0x0041, 0x0041, 0x0041, 0x0041,
	0x0041, 0x0041, 0x0041, 0x0041, 0x0041, 0x0041, 0x0041, 0x0041, 0x0041, 0x0041, 0x0041, 0x0041,
	0x0041, 0x0041, 0x0041, 0x0041, 0x0041, 0x0041, 0x0041, 0x0041, 0x0041, 0x0041, 0x0041, 0x0041,
	0x0041, 0x0041, 0x0041, 0x0041, 0x0041, 0x0041, 0x0041, 0x0041, 0x0041, 0x0041, 0x0041, 0x0041,
	0x0041, 0x0041, 0x0041, 0x0041, 0x0041, 0x0041, 0x0041, 0x0041, 0x0041, 0x0041, 0x0041, 0x0041,
	0x0041, 0x0041, 0x0041, 0x0041, 0x0041, 0x0041, 0x0041, 0x0041, 0x0041, 0x0041, 0x0041, 0x0041,
	0x0041, 0x0041, 0x0041, 0x0041, 0x0041, 0x0041, 0x0041, 0x0041, 0x0041, 0x0041, 0x0041, 0x0041,
	0x0041, 0x0041, 0x0041, 0x0041, 0x0041, 0x0041, 0x0041, 0x0041, 0x0041, 0x0041, 0x0041, 0x0041,
	0x0041, 0x0041, 0x0041, 0x0041, 0x0041, 0x0041, 0x0041, 0x0041, 0x0041, 0x52EB, 0x52EB, 0x0041,
	0x0041, 0x0041, 0x0041, 0x0041, 0x0041, 0x0041, 0x0041, 0x0041, 0x0041, 0x0041, 0x0041, 0x0041,
	0x0041, 0x0041, 0x0041, 0x0041, 0x0041, 0x0041, 0x0041, 0x0041, 0x0041, 0x0041, 0x0041, 0x0041,
	0x0041, 0x0041, 0x0041, 0x0041, 0x0041, 0x0041, 0x0041, 0x0041, 0x0041, 0x0041, 0x0041, 0x0041,
	0x0041, 0x0041, 0x0041, 0x0041, 0x0041, 0x0041, 0x0041, 0x0041, 0x0041, 0x0041, 0x0041, 0x0041,
	0x0041, 0x0041, 0x0041, 0x0041, 0x0041, 0x0041, 0x0041, 0x0041, 0x0041, 0x0041, 0x0041, 0x0041,
	0x0041, 0x0041, 0x0041, 0x0041, 0x0041, 0x0041, 0x0041, 0x0041, 0x0041, 0x0041, 0x0041, 0x0041,
	0x0041, 0x0041, 0x0041, 0x0041, 0x0041, 0x0041, 0x0041, 0x0041, 0x0041, 0x0041, 0x0041, 0x0041,
	0x0041, 0x0041, 0x0041, 0x0041, 0x0041, 0x0041, 0x0041, 0x0041, 0x0041, 0x0041, 0x0041, 0x0041,
	0x0041, 0x0041, 0x0041, 0x0041, 0x0041, 0x0041, 0x0041, 0x0041, 0x0041, 0x0041, 0x0041, 0x0041,
	0x0041, 0x0041, 0x0041, 0x0041, 0x0041, 0x0041, 0x0041, 0x0041, 0x0041, 0x0041, 0x0041, 0x0041,
	0x0041, 0x0041, 0x0041, 0x0041, 0x0041, 0x0041, 0x0041, 0x0041, 0x0041, 0x0041, 0x0041, 0x0041,
	0x0041, 0x0041, 0x0041, 0x0041, 0x0041, 0x0041, 0x0041, 0x0041, 0x0041, 0x0041, 0x0041, 0x0041,
	0x0041, 0x0041, 0x0041, 0x0041, 0x0041, 0x0041, 0x0041, 0x0041, 0x0041, 0x0041, 0x0041, 0x0041,
	0x0041, 0x0041, 0x0041, 0x0041, 0x0041, 0x0041, 0x0041, 0x0041, 0x0041, 0x0041, 0x0041, 0x0041,
	0x0041, 0x0041, 0x0041, 0x0041, 0x0041, 0x0041, 0x0041, 0x0041, 0x0041, 0x0041, 0x0041, 0x0041,
	0x0041, 0x0041, 0x0041, 0x0041, 0x0041, 0x0041, 0x0041, 0x0041, 0x0041, 0x0041, 0x0041, 0x0041,
	0x0041, 0x0041, 0x0041, 0x0041, 0x0041, 0x0041, 0x0041, 0x0041, 0x0041, 0x0041, 0x0041, 0x0041,
	0x0041, 0x0041, 0x0041, 0x0041, 0x0041, 0x0041, 0x0041, 0x0041, 0x0041, 0x0041, 0x0041, 0x0041,
	0x0041, 0x0041, 0x0041, 0x0041, 0x0041, 0x0041, 0x0041, 0x0041, 0x0041, 0x0041, 0x0041, 0x0041,
	0x0041, 0x0041, 0x0041, 0x0041, 0x0041, 0x0041, 0x0041, 0x52EB, 0x52EB, 0x0041, 0x0041, 0x0041,
	0x0041, 0x0041, 0x0041, 0x0041, 0x0041, 0x0041, 0x0041, 0x0041, 0x0041, 0x0041, 0x0041, 0x0041,
	0x0041, 0x0041, 0x0041, 0x0041, 0x0041, 0x0041, 0x0041, 0x0041, 0x0041, 0x0041, 0x0041, 0x0041,
	0x0041, 0x0041, 0x0041, 0x0041, 0x0041, 0x0041, 0x0041, 0x0041, 0x0041, 0x0041, 0x0041, 0x0041,
	0x0041, 0x0041, 0x0041, 0x0041, 0x0041, 0x0041, 0x0041, 0x0041, 0x0041, 0x0041, 0x0041, 0x0041,
	0x0041, 0x0041, 0x0041, 0x0041, 0x0041, 0x0041, 0x0041, 0x0041, 0x0041, 0x0041, 0x0041, 0x0041,
	0x0041, 0x0041, 0x0041, 0x0041, 0x0041, 0x0041, 0x0041, 0x0041, 0x0041, 0x0041, 0x0041, 0x0041,
	0x0041, 0x0041, 0x0041, 0x0041, 0x0041, 0x0041, 0x0041, 0x0041, 0x0041, 0x0041, 0x0041, 0x0041,
	0x0041, 0x0041, 0x0041, 0x0041, 0x0041, 0x0041, 0x0041, 0x0041, 0x0041, 0x0041, 0x0041, 0x0041,
	0x0041, 0x0041, 0x0041, 0x0041, 0x0041, 0x0041, 0x0041, 0x0041, 0x0041, 0x0041, 0x0041, 0x0041,
	0x0041, 0x0041, 0x0041, 0x0041, 0x0041, 0x0041, 0x0041, 0x0041, 0x0041, 0x0041, 0x0041, 0x0041,
	0x0041, 0x0041, 0x0041, 0x0041, 0x0041, 0x0041, 0x0041, 0x0041, 0x0041, 0x0041, 0x0041, 0x0041,
	0x0041, 0x0041, 0x0041, 0x0041, 0x0041, 0x0041, 0x0041, 0x0041, 0x0041, 0x0041, 0x0041, 0x0041,
	0x0041, 0x0041, 0x0041, 0x0041, 0x0041, 0x0041, 0x0041, 0x0041, 0x0041, 0x0041, 0x0041, 0x0041,
	0x0041, 0x0041, 0x0041, 0x0041, 0x0041, 0x0041, 0x0041, 0x0041, 0x0041, 0x0041, 0x0041, 0x0041,
	0x0041, 0x0041, 0x0041, 0x0041, 0x0041, 0x0041, 0x0041, 0x0041, 0x0041, 0x0041, 0x0041, 0x0041,
	0x0041, 0x0041, 0x0041, 0x0041, 0x0041, 0x0041, 0x0041, 0x0041, 0x0041, 0x0041, 0x0041, 0x0041,
	0x0041, 0x0041, 0x0041, 0x0041, 0x0041, 0x0041, 0x0041, 0x0041, 0x0041, 0x0041, 0x0041, 0x0041,
	0x0041, 0x0041, 0x0041, 0x0041, 0x0041, 0x0041, 0x0041, 0x0041, 0x0041, 0x0041, 0x0041, 0x0041,
	0x0041, 0x0041, 0x0041, 0x0041, 0x0041, 0x0041, 0x0041, 0x0041, 0x0041, 0x0041, 0x0041, 0x0041,
	0x0041, 0x0041, 0x0041, 0x0041, 0x0041, 0x52EB, 0x52EB, 0x0041, 0x0041, 0x0041, 0x0041, 0x0041,
	0x0041, 0x0041, 0x0041, 0x0041, 0x0041, 0x0041, 0x0041, 0x0041, 0x0041, 0x0041, 0x0041, 0x0041,
	0x0041, 0x0041, 0x0041, 0x0041, 0x0041, 0x0041, 0x0041, 0x0041, 0x0041, 0x0041, 0x0041, 0x0041,
	0x0041, 0x0041, 0x0041, 0x0041, 0x0041, 0x0041, 0x0041, 0x0041, 0x0041, 0x0041, 0x0041, 0x0041,
	0x0041, 0x0041, 0x0041, 0x0041, 0x0041, 0x0041, 0x0041, 0x0041, 0x0041, 0x0041, 0x0041, 0x0041,
	0x0041, 0x0041, 0x0041, 0x0041, 0x0041, 0x0041, 0x0041, 0x0041, 0x0041, 0x0041, 0x0041, 0x0041,
	0x0041, 0x0041, 0x0041, 0x0041, 0x0041, 0x0041, 0x0041, 0x0041, 0x0041, 0x0041, 0x0041, 0x0041,
	0x0041, 0x0041, 0x0041, 0x0041, 0x0041, 0x0041, 0x0041, 0x0041, 0x0041, 0x0041, 0x0041, 0x0041,
	0x0041, 0x0041, 0x0041, 0x0041, 0x0041, 0x0041, 0x0041, 0x0041, 0x0041, 0x0041, 0x0041, 0x0041,
	0x0041, 0x0041, 0x0041, 0x0041, 0x0041, 0x0041, 0x0041, 0x0041, 0x0041, 0x0041, 0x0041, 0x0041,
	0x0041, 0x0041, 0x0041, 0x0041, 0x0041, 0x0041, 0x0041, 0x0041, 0x0041, 0x0041, 0x0041, 0x0041,
	0x0041, 0x0041, 0x0041, 0x0041, 0x0041, 0x0041, 0x0041, 0x0041, 0x0041, 0x0041, 0x0041, 0x0041,
	0x0041, 0x0041, 0x0041, 0x0041, 0x0041, 0x0041, 0x0041, 0x0041, 0x0041, 0x0041, 0x0041, 0x0041,
	0x0041, 0x0041, 0x0041, 0x0041, 0x0041, 0x0041, 0x0041, 0x0041, 0x0041, 0x0041, 0x0041, 0x0041,
	0x0041, 0x0041, 0x0041, 0x0041, 0x0041, 0x0041, 0x0041, 0x0041, 0x0041, 0x0041, 0x0041, 0x0041,
	0x0041, 0x0041, 0x0041, 0x0041, 0x0041, 0x0041, 0x0041, 0x0041, 0x0041, 0x0041, 0x0041, 0x0041,
	0x0041, 0x0041, 0x0041, 0x0041, 0x0041, 0x0041, 0x0041, 0x0041, 0x0041, 0x0041, 0x0041, 0x0041,
	0x0041, 0x0041, 0x0041, 0x0041, 0x0041, 0x0041, 0x0041, 0x0041, 0x0041, 0x0041, 0x0041, 0x0041,
	0x0041, 0x0041, 0x0041, 0x0041, 0x0041, 0x0041, 0x0041, 0x0041, 0x0041, 0x0041, 0x0041, 0x0041,
	0x0041, 0x0041, 0x0041, 0x0041, 0x0041, 0x0041, 0x0041, 0x0041, 0x0041, 0x0041, 0x0041, 0x0041,
	0x0041, 0x0041, 0x0041, 0x52EB, 0x52EB, 0x0041, 0x0041, 0x0041, 0x0041, 0x0041, 0x0041, 0x0041,
	0x0041, 0x0041, 0x0041, 0x0041, 0x0041, 0x0041, 0x0041, 0x0041, 0x0041, 0x0041, 0x0041, 0x0041,
	0x0041, 0x0041, 0x0041, 0x0041, 0x0041, 0x0041, 0x0041, 0x0041, 0x0041, 0x0041, 0x0041, 0x0041,
	0x0041, 0x0041, 0x0041, 0x0041, 0x0041, 0x0041, 0x0041, 0x0041, 0x0041, 0x0041, 0x0041, 0x0041,
	0x0041, 0x0041, 0x0041, 0x0041, 0x0041, 0x0041, 0x0041, 0x0041, 0x0041, 0x0041, 0x0041, 0x0041,
	0x0041, 0x0041, 0x0041, 0x0041, 0x0041, 0x0041, 0x0041, 0x0041, 0x0041, 0x0041, 0x0041, 0x0041,
	0x0041, 0x0041, 0x0041, 0x0041, 0x0041, 0x0041, 0x0041, 0x0041, 0x0041, 0x0041, 0x0041, 0x0041,
	0x0041, 0x0041, 0x0041, 0x0041, 0x0041, 0x0041, 0x0041, 0x0041, 0x0041, 0x0041, 0x0041, 0x0041,
	0x0041, 0x0041, 0x0041, 0x0041, 0x0041, 0x0041, 0x0041, 0x0041, 0x0041, 0x0041, 0x0041, 0x0041,
	0x0041, 0x0041, 0x0041, 0x0041, 0x0041, 0x0041, 0x0041, 0x0041, 0x0041, 0x0041, 0x0041, 0x0041,
	0x0041, 0x0041, 0x0041, 0x0041, 0x0041, 0x0041, 0x0041, 0x0041, 0x0041, 0x0041, 0x0041, 0x0041,
	0x0041, 0x0041, 0x0041, 0x0041, 0x0041, 0x0041, 0x0041, 0x0041, 0x0041, 0x0041, 0x0041, 0x0041,
	0x0041, 0x0041, 0x0041, 0x0041, 0x0041, 0x0041, 0x0041, 0x0041, 0x0041, 0x0041, 0x0041, 0x0041,
	0x0041, 0x0041, 0x0041, 0x0041, 0x0041, 0x0041, 0x0041, 0x0041, 0x0041, 0x0041, 0x0041, 0x0041,
	0x0041, 0x0041, 0x0041, 0x0041, 0x0041, 0x0041, 0x0041, 0x0041, 0x0041, 0x0041, 0x0041, 0x0041,
	0x0041, 0x0041, 0x0041, 0x0041, 0x0041, 0x0041, 0x0041, 0x0041, 0x0041, 0x0041, 0x0041, 0x0041,
	0x0041, 0x0041, 0x0041, 0x0041, 0x0041, 0x0041, 0x0041, 0x0041, 0x0041, 0x0041, 0x0041, 0x0041,
	0x0041, 0x0041, 0x0041, 0x0041, 0x0041, 0x0041, 0x0041, 0x0041, 0x0041, 0x0041, 0x0041, 0x0041,
	0x0041, 0x0041, 0x0041, 0x0041, 0x0041, 0x0041, 0x0041, 0x0041, 0x0041, 0x0041, 0x0041, 0x0041,
	0x0041, 0x0041, 0x0041, 0x0041, 0x0041, 0x0041, 0x0041, 0x0041, 0x0041, 0x0041, 0x0041, 0x0041,
	0x0041, 0x52EB, 0x52EB, 0x0041, 0x0041, 0x0041, 0x0041, 0x0041, 0x0041, 0x0041, 0x0041, 0x0041,
	0x0041, 0x0041, 0x0041, 0x0041, 0x0041, 0x0041, 0x0041, 0x0041, 0x0041, 0x0041, 0x0041, 0x0041,
	0x0041, 0x0041, 0x0041, 0x0041, 0x0041, 0x0041, 0x0041, 0x0041, 0x0041, 0x0041, 0x0041, 0x0041,
	0x0041, 0x0041, 0x0041, 0x0041, 0x0041, 0x0041, 0x0041, 0x0041, 0x0041, 0x0041, 0x0041, 0x0041,
	0x0041, 0x0041, 0x0041, 0x0041, 0x0041, 0x0041, 0x0041, 0x0041, 0x0041, 0x0041, 0x0041, 0x0041,
	0x0041, 0x0041, 0x0041, 0x0041, 0x0041, 0x0041, 0x0041, 0x0041, 0x0041, 0x0041, 0x0041, 0x0041,
	0x0041, 0x0041, 0x0041, 0x0041, 0x0041, 0x0041, 0x0041, 0x0041, 0x0041, 0x0041, 0x0041, 0x0041,
	0x0041, 0x0041, 0x0041, 0x0041, 0x0041, 0x0041, 0x0041, 0x0041, 0x0041, 0x0041, 0x0041, 0x0041,
	0x0041, 0x0041, 0x0041, 0x0041, 0x0041, 0x0041, 0x0041, 0x0041, 0x0041, 0x0041, 0x0041, 0x0041,
	0x0041, 0x0041, 0x0041, 0x0041, 0x0041, 0x0041, 0x0041, 0x0041, 0x0041, 0x0041, 0x0041, 0x0041,
	0x0041, 0x0041, 0x0041, 0x0041, 0x0041, 0x0041, 0x0041, 0x0041, 0x0041, 0x0041, 0x0041, 0x0041,
	0x0041, 0x0041, 0x0041, 0x0041, 0x0041, 0x0041, 0x0041, 0x0041, 0x0041, 0x0041, 0x0041, 0x0041,
	0x0041, 0x0041, 0x0041, 0x0041, 0x0041, 0x0041, 0x0041, 0x0041, 0x0041, 0x0041, 0x0041, 0x0041,
	0x0041, 0x0041, 0x0041, 0x0041, 0x0041, 0x0041, 0x0041, 0x0041, 0x0041, 0x0041, 0x0041, 0x0041,
	0x0041, 0x0041, 0x0041, 0x0041, 0x0041, 0x0041, 0x0041, 0x0041, 0x0041, 0x0041, 0x0041, 0x0041,
	0x0041, 0x0041, 0x0041, 0x0041, 0x0041, 0x0041, 0x0041, 0x0041, 0x0041, 0x0041, 0x0041, 0x0041,
	0x0041, 0x0041, 0x0041, 0x0041, 0x0041, 0x0041, 0x0041, 0x0041, 0x0041, 0x0041, 0x0041, 0x0041,
	0x0041, 0x0041, 0x0041, 0x0041, 0x0041, 0x0041, 0x0041, 0x0041, 0x0041, 0x0041, 0x0041, 0x0041,
	0x0041, 0x0041, 0x0041, 0x0041, 0x0041, 0x0041, 0x0041, 0x0041, 0x0041, 0x0041, 0x0041, 0x0041,
	0x0041, 0x0041, 0x0041, 0x0041, 0x0041, 0x0041, 0x0041, 0x0041, 0x0041, 0x0041, 0x0041, 0x52EB,
	0x52EB, 0x0041, 0x0041, 0x0041, 0x0041, 0x0041, 0x0041, 0x0041, 0x0041, 0x0041, 0x0041, 0x0041,
	0x0041, 0x0041, 0x0041, 0x0041, 0x0041, 0x0041, 0x0041, 0x0041, 0x0041, 0x0041, 0x0041, 0x0041,
	0x0041, 0x0041, 0x0041, 0x0041, 0x0041, 0x0041, 0x0041, 0x0041, 0x0041, 0x0041, 0x0041, 0x0041,
	0x0041, 0x0041, 0x0041, 0x0041, 0x0041, 0x0041, 0x0041, 0x0041, 0x0041, 0x0041, 0x0041, 0x0041,
	0x0041, 0x0041, 0x0041, 0x0041, 0x0041, 0x0041, 0x0041, 0x0041, 0x0041, 0x0041, 0x0041, 0x0041,
	0x0041, 0x0041, 0x0041, 0x0041, 0x0041, 0x0041, 0x0041, 0x0041, 0x0041, 0x0041, 0x0041, 0x0041,
	0x0041, 0x0041, 0x0041, 0x0041, 0x0041, 0x0041, 0x0041, 0x0041, 0x0041, 0x0041, 0x0041, 0x0041,
	0x0041, 0x0041, 0x0041, 0x0041, 0x0041, 0x0041, 0x0041, 0x0041, 0x0041, 0x0041, 0x0041, 0x0041,
	0x0041, 0x0041, 0x0041, 0x0041, 0x0041, 0x0041, 0x0041, 0x0041, 0x0041, 0x0041, 0x0041, 0x0041,
	0x0041, 0x0041, 0x0041, 0x0041, 0x0041, 0x0041, 0x0041, 0x0041, 0x0041, 0x0041, 0x0041, 0x0041,
	0x0041, 0x0041, 0x0041, 0x0041, 0x0041, 0x0041, 0x0041, 0x0041, 0x0041, 0x0041, 0x0041, 0x0041,
	0x0041, 0x0041, 0x0041, 0x0041, 0x0041, 0x0041, 0x0041, 0x0041, 0x0041, 0x0041, 0x0041, 0x0041,
	0x0041, 0x0041, 0x0041, 0x0041, 0x0041, 0x0041, 0x0041, 0x0041, 0x0041, 0x0041, 0x0041, 0x0041,
	0x0041, 0x0041, 0x0041, 0x0041, 0x0041, 0x0041, 0x0041, 0x0041, 0x0041, 0x0041, 0x0041, 0x0041,
	0x0041, 0x0041, 0x0041, 0x0041, 0x0041, 0x0041, 0x0041, 0x0041, 0x0041, 0x0041, 0x0041, 0x0041,
	0x0041, 0x0041, 0x0041, 0x0041, 0x0041, 0x0041, 0x0041, 0x0041, 0x0041, 0x0041, 0x0041, 0x0041,
	0x0041, 0x0041, 0x0041, 0x0041, 0x0041, 0x0041, 0x0041, 0x0041, 0x0041, 0x0041, 0x0041, 0x0041,
	0x0041, 0x0041, 0x0041, 0x0041, 0x0041, 0x0041, 0x0041, 0x0041, 0x0041, 0x0041, 0x0041, 0x0041,
	0x0041, 0x0041, 0x0041, 0x0041, 0x0041, 0x0041, 0x0041, 0x0041, 0x0041, 0x0041, 0x0041, 0x0041,
	0x0041, 0x0041, 0x0041, 0x0041, 0x0041, 0x0041, 0x0041, 0x0041, 0x0041, 0x52EB, 0x52EB, 0x0041,
	0x0041, 0x0041, 0x0041, 0x0041, 0x0041, 0x0041, 0x0041, 0x0041, 0x0041, 0x0041, 0x0041, 0x0041,
	0x0041, 0x0041, 0x0041, 0x0041, 0x0041, 0x0041, 0x0041, 0x0041, 0x0041, 0x0041, 0x0041, 0x0041,
	0x0041, 0x0041, 0x0041, 0x0041, 0x0041, 0x0041, 0x0041, 0x0041, 0x0041, 0x0041, 0x0041, 0x0041,
	0x0041, 0x0041, 0x0041, 0x0041, 0x0041, 0x0041, 0x0041, 0x0041, 0x0041, 0x0041, 0x0041, 0x0041,
	0x0041, 0x0041, 0x0041, 0x0041, 0x0041, 0x0041, 0x0041, 0x0041, 0x0041, 0x0041, 0x0041, 0x0041,
	0x0041, 0x0041, 0x0041, 0x0041, 0x0041, 0x0041, 0x0041, 0x0041, 0x0041, 0x0041, 0x0041, 0x0041,
	0x0041, 0x0041, 0x0041, 0x0041, 0x0041, 0x0041, 0x0041, 0x0041, 0x0041, 0x0041, 0x0041, 0x0041,
	0x0041, 0x0041, 0x0041, 0x0041, 0x0041, 0x0041, 0x0041, 0x0041, 0x0041, 0x0041, 0x0041, 0x0041,
	0x0041, 0x0041, 0x0041, 0x0041, 0x0041, 0x0041, 0x0041, 0x0041, 0x0041, 0x0041, 0x0041, 0x0041,
	0x0041, 0x0041, 0x0041, 0x0041, 0x0041, 0x0041, 0x0041, 0x0041, 0x0041, 0x0041, 0x0041, 0x0041,
	0x0041, 0x0041, 0x0041, 0x0041, 0x0041, 0x0041, 0x0041, 0x0041, 0x0041, 0x0041, 0x0041, 0x0041,
	0x0041, 0x0041, 0x0041, 0x0041, 0x0041, 0x0041, 0x0041, 0x0041, 0x0041, 0x0041, 0x0041, 0x0041,
	0x0041, 0x0041, 0x0041, 0x0041, 0x0041, 0x0041, 0x0041, 0x0041, 0x0041, 0x0041, 0x0041, 0x0041,
	0x0041, 0x0041, 0x0041, 0x0041, 0x0041, 0x0041, 0x0041, 0x0041, 0x0041, 0x0041, 0x0041, 0x0041,
	0x0041, 0x0041, 0x0041, 0x0041, 0x0041, 0x0041, 0x0041, 0x0041, 0x0041, 0x0041, 0x0041, 0x0041,
	0x0041, 0x0041, 0x0041, 0x0041, 0x0041, 0x0041, 0x0041, 0x0041, 0x0041, 0x0041, 0x0041, 0x0041,
	0x0041, 0x0041, 0x0041, 0x0041, 0x0041, 0x0041, 0x0041, 0x0041, 0x0041, 0x0041, 0x0041, 0x0041,
	0x0041, 0x0041, 0x0041, 0x0041, 0x0041, 0x0041, 0x0041, 0x0041, 0x0041, 0x0041, 0x0041, 0x0041,
	0x0041, 0x0041, 0x0041, 0x0041, 0x0041, 0x0041, 0x0041, 0x0041, 0x0041, 0x0041, 0x0041, 0x0041,
	0x0041, 0x0041, 0x0041, 0x0041, 0x0041, 0x0041, 0x0041, 0x52EB, 0x52EB, 0x0041, 0x0041, 0x0041,
	0x0041, 0x0041, 0x0041, 0x0041, 0x0041, 0x0041, 0x0041, 0x0041, 0x0041, 0x0041, 0x0041, 0x0041,
	0x0041, 0x0041, 0x0041, 0x0041, 0x0041, 0x0041, 0x0041, 0x0041, 0x0041, 0x0041, 0x0041, 0x0041,
	0x0041, 0x0041, 0x0041, 0x0041, 0x0041, 0x0041, 0x0041, 0x0041, 0x0041, 0x0041, 0x0041, 0x0041,
	0x0041, 0x0041, 0x0041, 0x0041, 0x0041, 0x0041, 0x0041, 0x0041, 0x0041, 0x0041, 0x0041, 0x0041,
	0x0041, 0x0041, 0x0041, 0x0041, 0x0041, 0x0041, 0x0041, 0x0041, 0x0041, 0x0041, 0x0041, 0x0041,
	0x0041, 0x0041, 0x0041, 0x0041, 0x0041, 0x0041, 0x0041, 0x0041, 0x0041, 0x0041, 0x0041, 0x0041,
	0x0041, 0x0041, 0x0041, 0x0041, 0x0041, 0x0041, 0x0041, 0x0041, 0x0041, 0x0041, 0x0041, 0x0041,
	0x0041, 0x0041, 0x0041, 0x0041, 0x0041, 0x0041, 0x0041, 0x0041, 0x0041, 0x0041, 0x0041, 0x0041,
	0x0041, 0x0041, 0x0041, 0x0041, 0x0041, 0x0041, 0x0041, 0x0041, 0x0041, 0x0041, 0x0041, 0x0041,
	0x0041, 0x0041, 0x0041, 0x0041, 0x0041, 0x0041, 0x0041, 0x0041, 0x0041, 0x0041, 0x0041, 0x0041,
	0x0041, 0x0041, 0x0041, 0x0041, 0x0041, 0x0041, 0x0041, 0x0041, 0x0041, 0x0041, 0x0041, 0x0041,
	0x0041, 0x0041, 0x0041, 0x0041, 0x0041, 0x0041, 0x0041, 0x0041, 0x0041, 0x0041, 0x0041, 0x0041,
	0x0041, 0x0041, 0x0041, 0x0041, 0x0041, 0x0041, 0x0041, 0x0041, 0x0041, 0x0041, 0x0041, 0x0041,
	0x0041, 0x0041, 0x0041, 0x0041, 0x0041, 0x0041, 0x0041, 0x0041, 0x0041, 0x0041, 0x0041, 0x0041,
	0x0041, 0x0041, 0x0041, 0x0041, 0x0041, 0x0041, 0x0041, 0x0041, 0x0041, 0x0041, 0x0041, 0x0041,
	0x0041, 0x0041, 0x0041, 0x0041, 0x0041, 0x0041, 0x0041, 0x0041, 0x0041, 0x0041, 0x0041, 0x0041,
	0x0041, 0x0041, 0x0041, 0x0041, 0x0041, 0x0041, 0x0041, 0x0041, 0x0041, 0x0041, 0x0041, 0x0041,
	0x0041, 0x0041, 0x0041, 0x0041, 0x0041, 0x0041, 0x0041, 0x0041, 0x0041, 0x0041, 0x0041, 0x0041,
	0x0041, 0x0041, 0x0041, 0x0041, 0x0041, 0x0041, 0x0041, 0x0041, 0x0041, 0x0041, 0x0041, 0x0041,
	0x0041, 0x0041, 0x0041, 0x0041, 0x0041, 0x52EB, 0x52EB, 0x0041, 0x0041, 0x0041, 0x0041, 0x0041,
	0x0041, 0x0041, 0x0041, 0x0041, 0x0041, 0x0041, 0x0041, 0x0041, 0x0041, 0x0041, 0x0041, 0x0041,
	0x0041, 0x0041, 0x0041, 0x0041, 0x0041, 0x0041, 0x0041, 0x0041, 0x0041, 0x0041, 0x0041, 0x0041,
	0x0041, 0x0041, 0x0041, 0x0041, 0x0041, 0x0041, 0x0041, 0x0041, 0x0041, 0x0041, 0x0041, 0x0041,
	0x0041, 0x0041, 0x0041, 0x0041, 0x0041, 0x0041, 0x0041, 0x0041, 0x0041, 0x0041, 0x0041, 0x0041,
	0x0041, 0x0041, 0x0041, 0x0041, 0x0041, 0x0041, 0x0041, 0x0041, 0x0041, 0x0041, 0x0041, 0x0041,
	0x0041, 0x0041, 0x0041, 0x0041, 0x0041, 0x0041, 0x0041, 0x0041, 0x0041, 0x0041, 0x0041, 0x0041,
	0x0041, 0x0041, 0x0041, 0x0041, 0x0041, 0x0041, 0x0041, 0x0041, 0x0041, 0x0041, 0x0041, 0x0041,
	0x0041, 0x0041, 0x0041, 0x0041, 0x0041, 0x0041, 0x0041, 0x0041, 0x0041, 0x0041, 0x0041, 0x0041,
	0x0041, 0x0041, 0x0041, 0x0041, 0x0041, 0x0041, 0x0041, 0x0041, 0x0041, 0x0041, 0x0041, 0x0041,
	0x0041, 0x0041, 0x0041, 0x0041, 0x0041, 0x0041, 0x0041, 0x0041, 0x0041, 0x0041, 0x0041, 0x0041,
	0x0041, 0x0041, 0x0041, 0x0041, 0x0041, 0x0041, 0x0041, 0x0041, 0x0041, 0x0041, 0x0041, 0x0041,
	0x0041, 0x0041, 0x0041, 0x0041, 0x0041, 0x0041, 0x0041, 0x0041, 0x0041, 0x0041, 0x0041, 0x0041,
	0x0041, 0x0041, 0x0041, 0x0041, 0x0041, 0x0041, 0x0041, 0x0041, 0x0041, 0x0041, 0x0041, 0x0041,
	0x0041, 0x0041, 0x0041, 0x0041, 0x0041, 0x0041, 0x0041, 0x0041, 0x0041, 0x0041, 0x0041, 0x0041,
	0x0041, 0x0041, 0x0041, 0x0041, 0x0041, 0x0041, 0x0041, 0x0041, 0x0041, 0x0041, 0x0041, 0x0041,
	0x0041, 0x0041, 0x0041, 0x0041, 0x0041, 0x0041, 0x0041, 0x0041, 0x0041, 0x0041, 0x0041, 0x0041,
	0x0041, 0x0041, 0x0041, 0x0041, 0x0041, 0x0041, 0x0041, 0x0041, 0x0041, 0x0041, 0x0041, 0x0041,
	0x0041, 0x0041, 0x0041, 0x0041, 0x0041, 0x0041, 0x0041, 0x0041, 0x0041, 0x0041, 0x0041, 0x0041,
	0x0041, 0x0041, 0x0041, 0x0041, 0x0041, 0x0041, 0x0041, 0x0041, 0x0041, 0x0041, 0x0041, 0x0041,
	0x0041, 0x0041, 0x0041, 0x52EB, 0x52EB, 0x0041, 0x0041, 0x0041, 0x0041, 0x0041, 0x0041, 0x0041,
	0x0041, 0x0041, 0x0041, 0x0041, 0x0041, 0x0041, 0x0041, 0x0041, 0x0041, 0x0041, 0x0041, 0x0041,
	0x0041, 0x0041, 0x0041, 0x0041, 0x0041, 0x0041, 0x0041, 0x0041, 0x0041, 0x0041, 0x0041, 0x0041,
	0x0041, 0x0041, 0x0041, 0x0041, 0x0041, 0x0041, 0x0041, 0x0041, 0x0041, 0x0041, 0x0041, 0x0041,
	0x0041, 0x0041, 0x0041, 0x0041, 0x0041, 0x0041, 0x0041, 0x0041, 0x0041, 0x0041, 0x0041, 0x0041,
	0x0041, 0x0041, 0x0041, 0x0041, 0x0041, 0x0041, 0x0041, 0x0041, 0x0041, 0x0041, 0x0041, 0x0041,
	0x0041, 0x0041, 0x0041, 0x0041, 0x0041, 0x0041, 0x0041, 0x0041, 0x0041, 0x0041, 0x0041, 0x0041,
	0x0041, 0x0041, 0x0041, 0x0041, 0x0041, 0x0041, 0x0041, 0x0041, 0x0041, 0x0041, 0x0041, 0x0041,
	0x0041, 0x0041, 0x0041, 0x0041, 0x0041, 0x0041, 0x0041, 0x0041, 0x0041, 0x0041, 0x0041, 0x0041,
	0x0041, 0x0041, 0x0041, 0x0041, 0x0041, 0x0041, 0x0041, 0x0041, 0x0041, 0x0041, 0x0041, 0x0041,
	0x0041, 0x0041, 0x0041, 0x0041, 0x0041, 0x0041, 0x0041, 0x0041, 0x0041, 0x0041, 0x0041, 0x0041,
	0x0041, 0x0041, 0x0041, 0x0041, 0x0041, 0x0041, 0x0041, 0x0041, 0x0041, 0x0041, 0x0041, 0x0041,
	0x0041, 0x0041, 0x0041, 0x0041, 0x0041, 0x0041, 0x0041, 0x0041, 0x0041, 0x0041, 0x0041, 0x0041,
	0x0041, 0x0041, 0x0041, 0x0041, 0x0041, 0x0041, 0x0041, 0x0041, 0x0041, 0x0041, 0x0041, 0x0041,
	0x0041, 0x0041, 0x0041, 0x0041, 0x0041, 0x0041, 0x0041, 0x0041, 0x0041, 0x0041, 0x0041, 0x0041,
	0x0041, 0x0041, 0x0041, 0x0041, 0x0041, 0x0041, 0x0041, 0x0041, 0x0041, 0x0041, 0x0041, 0x0041,
	0x0041, 0x0041, 0x0041, 0x0041, 0x0041, 0x0041, 0x0041, 0x0041, 0x0041, 0x0041, 0x0041, 0x0041,
	0x0041, 0x0041, 0x0041, 0x0041, 0x0041, 0x0041, 0x0041, 0x0041, 0x0041, 0x0041, 0x0041, 0x0041,
	0x0041, 0x0041, 0x0041, 0x0041, 0x0041, 0x0041, 0x0041, 0x0041, 0x0041, 0x0041, 0x0041, 0x0041,
	0x0041, 0x0041, 0x0041, 0x0041, 0x0041, 0x0041, 0x0041, 0x0041, 0x0041, 0x0041, 0x0041, 0x0041,
	0x0041, 0x52EB, 0x52EB, 0x0041, 0x0041, 0x0041, 0x0041, 0x0041, 0x0041, 0x0041, 0x0041, 0x0041,
	0x0041, 0x0041, 0x0041, 0x0041, 0x0041, 0x0041, 0x0041, 0x0041, 0x0041, 0x0041, 0x0041, 0x0041,
	0x0041, 0x0041, 0x0041, 0x0041, 0x0041, 0x0041, 0x0041, 0x0041, 0x0041, 0x0041, 0x0041, 0x0041,
	0x0041, 0x0041, 0x0041, 0x0041, 0x0041, 0x0041, 0x0041, 0x0041, 0x0041, 0x0041, 0x0041, 0x0041,
	0x0041, 0x0041, 0x0041, 0x0041, 0x0041, 0x0041, 0x0041, 0x0041, 0x0041, 0x0041, 0x0041, 0x0041,
	0x0041, 0x0041, 0x0041, 0x0041, 0x0041, 0x0041, 0x0041, 0x0041, 0x0041, 0x0041, 0x0041, 0x0041,
	0x0041, 0x0041, 0x0041, 0x0041, 0x0041, 0x0041, 0x0041, 0x0041, 0x0041, 0x0041, 0x0041, 0x0041,
	0x0041, 0x0041, 0x0041, 0x0041, 0x0041, 0x0041, 0x0041, 0x0041, 0x0041, 0x0041, 0x0041, 0x0041,
	0x0041, 0x0041, 0x0041, 0x0041, 0x0041, 0x0041, 0x0041, 0x0041, 0x0041, 0x0041, 0x0041, 0x0041,
	0x0041, 0x0041, 0x0041, 0x0041, 0x0041, 0x0041, 0x0041, 0x0041, 0x0041, 0x0041, 0x0041, 0x0041,
	0x0041, 0x0041, 0x0041, 0x0041, 0x0041, 0x0041, 0x0041, 0x0041, 0x0041, 0x0041, 0x0041, 0x0041,
	0x0041, 0x0041, 0x0041, 0x0041, 0x0041, 0x0041, 0x0041, 0x0041, 0x0041, 0x0041, 0x0041, 0x0041,
	0x0041, 0x0041, 0x0041, 0x0041, 0x0041, 0x0041, 0x0041, 0x0041, 0x0041, 0x0041, 0x0041, 0x0041,
	0x0041, 0x0041, 0x0041, 0x0041, 0x0041, 0x0041, 0x0041, 0x0041, 0x0041, 0x0041, 0x0041, 0x0041,
	0x0041, 0x0041, 0x0041, 0x0041, 0x0041, 0x0041, 0x0041, 0x0041, 0x0041, 0x0041, 0x0041, 0x0041,
	0x0041, 0x0041, 0x0041, 0x0041, 0x0041, 0x0041, 0x0041, 0x0041, 0x0041, 0x0041, 0x0041, 0x0041,
	0x0041, 0x0041, 0x0041, 0x0041, 0x0041, 0x0041, 0x0041, 0x0041, 0x0020, 0x0041, 0x0041, 0x0041,
	0x0041, 0x0041, 0x0041, 0x0041, 0x0041, 0x0041, 0x0041, 0x0041, 0x0041, 0x0041, 0x0041, 0x0041,
	0x0041, 0x0041, 0x0041, 0x0041, 0x0041, 0x0041, 0x0041, 0x0041, 0x0041, 0x0041, 0x0041, 0x0041,
	0x0041, 0x0041, 0x0041, 0x0041, 0x0041, 0x0041, 0x0041, 0x0041, 0x0041, 0x0041, 0x0041, 0x52EB,
	0x52EB, 0x0041, 0x0041, 0x0041, 0x0041, 0x0041, 0x0041, 0x0041, 0x0041, 0x0041, 0x0041, 0x0041,
	0x0041, 0x0041, 0x0041, 0x0041, 0x0041, 0x0041, 0x0041, 0x0041, 0x0041, 0x0041, 0x0041, 0x0041,
	0x0041, 0x0041, 0x0041, 0x0041, 0x0041, 0x0041, 0x0041, 0x0041, 0x0041, 0x0861, 0x3A05, 0x73E9,
	0x9D2B, 0x9D2B, 0x9D2B, 0x6368, 0x3A05, 0x0861, 0x0041, 0x0041, 0x0041, 0x0041, 0x0041, 0x0041,
	0x0041, 0x0041, 0x0041, 0x0041, 0x0041, 0x0041, 0x0041, 0x0041, 0x0041, 0x0041, 0x0041, 0x0041,
	0x0861, 0x29A4, 0x52E7, 0x52E7, 0x52E7, 0x3A05, 0x10A2, 0x0041, 0x0041, 0x0041, 0x0041, 0x0041,
	0x0041, 0x0041, 0x0041, 0x0041, 0x0041, 0x0041, 0x0041, 0x0041, 0x0041, 0x0041, 0x0041, 0x0041,
	0x0041, 0x0041, 0x0041, 0x0041, 0x0041, 0x0041, 0x0041, 0x0041, 0x0041, 0x0041, 0x0041, 0x0041,
	0x0041, 0x0041, 0x0041, 0x0041, 0x0041, 0x0041, 0x0041, 0x0041, 0x0041, 0x0041, 0x0041, 0x0041,
	0x0041, 0x0041, 0x0041, 0x0041, 0x0041, 0x0041, 0x0041, 0x0041, 0x0041, 0x0041, 0x0041, 0x0041,
	0x0041, 0x0041, 0x0041, 0x0041, 0x0041, 0x0041, 0x0041, 0x0041, 0x0041, 0x0041, 0x0041, 0x0041,
	0x0041, 0x0041, 0x0041, 0x0041, 0x0041, 0x0041, 0x0041, 0x0041, 0x0041, 0x0041, 0x0041, 0x0041,
	0x0041, 0x0041, 0x0041, 0x0041, 0x0041, 0x0041, 0x0041, 0x0041, 0x0041, 0x0041, 0x0041, 0x0041,
	0x0041, 0x0041, 0x0041, 0x0041, 0x0041, 0x0041, 0x0041, 0x0041, 0x0041, 0x0041, 0x0041, 0x0041,
	0x0041, 0x0041, 0x0041, 0x0041, 0x0041, 0x2143, 0x52E7, 0xA52B, 0x9D2B, 0x9D2B, 0x73E9, 0x4266,
	0x10A2, 0x0041, 0x0041, 0x0041, 0x0041, 0x0041, 0x0041, 0x0041, 0x0041, 0x0041, 0x0041, 0x0041,
	0x0041, 0x0041, 0x0041, 0x0041, 0x0041, 0x0041, 0x0041, 0x0041, 0x2143, 0x4A66, 0x52E7, 0x52E7,
	0x52E7, 0x2143, 0x0041, 0x0041, 0x0041, 0x0041, 0x0041, 0x0041, 0x0041, 0x0041, 0x0041, 0x0041,
	0x0041, 0x0041, 0x0041, 0x0041, 0x0041, 0x0041, 0x0041, 0x0041, 0x0041, 0x0041, 0x0041, 0x0041,
	0x0041, 0x0041, 0x0041, 0x0041, 0x0041, 0x0041, 0x0041, 0x0041, 0x0041, 0x52EB, 0x52EB, 0x0041,
	0x0041, 0x0041, 0x0041, 0x0041, 0x0041, 0x0041, 0x0041, 0x0041, 0x0041, 0x0041, 0x0041, 0x0041,
	0x0041, 0x0041, 0x0041, 0x0041, 0x0041, 0x0041, 0x0041, 0x0041, 0x0041, 0x0041, 0x0041, 0x0041,
	0x0041, 0x0041, 0x0041, 0x0041, 0x0041, 0x0861, 0x52E7, 0xDF4E, 0xFFF0, 0xFFEF, 0xFFEF, 0xFFEF,
	0xF7EF, 0xFFEF, 0xF7EF, 0xFFEF, 0x7BE9, 0x2143, 0x0041, 0x0041, 0x0041, 0x0041, 0x0041, 0x0041,
	0x0041, 0x0041, 0x0041, 0x0041, 0x0041, 0x0041, 0x0041, 0x0041, 0x3A05, 0x9D0B, 0xFFF0, 0xFFEF,
	0xFFF0, 0xFFEF, 0xFFEF, 0xFFEF, 0xFFEF, 0xB5CC, 0x3A05, 0x0041, 0x0041, 0x0041, 0x0041, 0x0041,
	0x0041, 0x0041, 0x0041, 0x0041, 0x0041, 0x0041, 0x0041, 0x0041, 0x0041, 0x0041, 0x0041, 0x0041,
	0x0041, 0x0041, 0x0041, 0x0041, 0x0041, 0x0041, 0x0041, 0x0041, 0x0041, 0x0041, 0x0041, 0x0041,
	0x0041, 0x0041, 0x0041, 0x0041, 0x0041, 0x0041, 0x0041, 0x0041, 0x0041, 0x0041, 0x0041, 0x0041,
	0x0041, 0x0041, 0x0041, 0x0041, 0x0041, 0x0041, 0x0041, 0x0041, 0x0041, 0x0041, 0x0041, 0x0041,
	0x0041, 0x0041, 0x0041, 0x0041, 0x0041, 0x0041, 0x0041, 0x0041, 0x0041, 0x0041, 0x0041, 0x0041,
	0x0041, 0x0041, 0x0041, 0x0041, 0x0041, 0x0041, 0x0041, 0x0041, 0x0041, 0x0041, 0x0041, 0x0041,
	0x0041, 0x0041, 0x0041, 0x0041, 0x0041, 0x0041, 0x0041, 0x0041, 0x0041, 0x0041, 0x0041, 0x0041,
	0x0041, 0x0041, 0x0041, 0x0041, 0x0041, 0x0041, 0x0041, 0x0041, 0x0041, 0x0041, 0x0041, 0x0041,
	0x0041, 0x2984, 0xCE8D, 0xFFEF, 0xFFF0, 0xF7EF, 0xFFEF, 0xFFF0, 0xF7EF, 0xFFEF, 0xFFEF, 0xB5CC,
	0x3A05, 0x0041, 0x0041, 0x0041, 0x0041, 0x0041, 0x0041, 0x0041, 0x0041, 0x0041, 0x0041, 0x0041,
	0x0041, 0x0041, 0x0041, 0x10A2, 0x73E9, 0xE72E, 0xFFF0, 0xF7EF, 0xFFF0, 0xFFEF, 0xFFEF, 0xF7EF,
	0xDF4E, 0x52E7, 0x0861, 0x0041, 0x0041, 0x0041, 0x0041, 0x0041, 0x0041, 0x0041, 0x0041, 0x0041,
	0x0041, 0x0041, 0x0041, 0x0041, 0x0041, 0x0041, 0x0041, 0x0041, 0x0041, 0x0041, 0x0041, 0x0041,
	0x0041, 0x0041, 0x0041, 0x0041, 0x0041, 0x0041, 0x0041, 0x52EB, 0x52EB, 0x0041, 0x0041, 0x0041,
	0x0041, 0x0041, 0x0041, 0x0041, 0x0041, 0x0041, 0x0041, 0x0041, 0x0041, 0x0041, 0x0041, 0x0041,
	0x0041, 0x0041, 0x0041, 0x0041, 0x0041, 0x0041, 0x0041, 0x0041, 0x0041, 0x0041, 0x0041, 0x0041,
	0x0041, 0x0041, 0x18E3, 0xC68D, 0xFFEF, 0xFFEF, 0xF7EF, 0xF7EF, 0xFFF0, 0xF7EF, 0xFFEF, 0xFFEF,
	0xF7EF, 0xFFF0, 0xFFF0, 0xFFEF, 0x73E9, 0x0861, 0x0041, 0x0041, 0x0041, 0x0041, 0x0041, 0x0041,
	0x0041, 0x0041, 0x0041, 0x0041, 0x18E3, 0x9D2B, 0xFFEF, 0xFFEF, 0xF7F0, 0xF7EF, 0xFFEF, 0xFFF0,
	0xF7F0, 0xF7EF, 0xF7EF, 0xFFEF, 0xF7F0, 0x9D2B, 0x0861, 0x0041, 0x0041, 0x0041, 0x0041, 0x0041,
	0x0041, 0x0041, 0x0041, 0x0041, 0x0041, 0x0041, 0x0041, 0x0041, 0x0041, 0x0041, 0x0041, 0x0041,
	0x0041, 0x0041, 0x0041, 0x0041, 0x0041, 0x0041, 0x0041, 0x0041, 0x0041, 0x0041, 0x0041, 0x0041,
	0x0041, 0x0041, 0x0041, 0x0041, 0x0041, 0x0041, 0x0041, 0x0041, 0x0041, 0x0041, 0x0041, 0x0041,
	0x0041, 0x0041, 0x0041, 0x0041, 0x0041, 0x0041, 0x0041, 0x0041, 0x0041, 0x0041, 0x0041, 0x0041,
	0x0041, 0x0041, 0x0041, 0x0041, 0x0041, 0x0041, 0x0041, 0x0041, 0x0041, 0x0041, 0x0041, 0x0041,
	0x0041, 0x0041, 0x0041, 0x0041, 0x0041, 0x0041, 0x0041, 0x0041, 0x0041, 0x0041, 0x0041, 0x0041,
	0x0041, 0x0041, 0x0041, 0x0041, 0x0041, 0x0041, 0x0041, 0x0041, 0x0041, 0x0041, 0x0041, 0x0041,
	0x0041, 0x0041, 0x0041, 0x0041, 0x0041, 0x0041, 0x0041, 0x0041, 0x0041, 0x0861, 0x8C8A, 0xFFEF,
	0xF7EF, 0xFFEF, 0xFFEF, 0xFFF0, 0xFFEF, 0xFFF0, 0xF7F0, 0xF7EF, 0xFFF0, 0xF7EF, 0xF7F0, 0xB5CC,
	0x2143, 0x0041, 0x0041, 0x0041, 0x0041, 0x0041, 0x0041, 0x0041, 0x0041, 0x0041, 0x0041, 0x0861,
	0x73E9, 0xF7EF, 0xF7F0, 0xFFEF, 0xF7EF, 0xFFEF, 0xFFF0, 0xFFEF, 0xFFF0, 0xF7EF, 0xF7EF, 0xFFF0,
	0xDF4E, 0x2143, 0x0041, 0x0041, 0x0041, 0x0041, 0x0041, 0x0041, 0x0041, 0x0041, 0x0041, 0x0041,
	0x0041, 0x0041, 0x0041, 0x0041, 0x0041, 0x0041, 0x0041, 0x0041, 0x0041, 0x0041, 0x0041, 0x0041,
	0x0041, 0x0041, 0x0041, 0x0041, 0x0041, 0x52EB, 0x52EB, 0x0041, 0x0041, 0x0041, 0x0041, 0x0041,
	0x0041, 0x0041, 0x0041, 0x0041, 0x0041, 0x0041, 0x0041, 0x0041, 0x0041, 0x0041, 0x0041, 0x0041,
	0x0041, 0x0041, 0x0041, 0x0041, 0x0041, 0x0041, 0x0041, 0x0041, 0x0041, 0x0041, 0x0041, 0x2143,
	0xE72E, 0xF7EF, 0xFFF0, 0xFFEF, 0xFFEF, 0xFFEF, 0xFFEF, 0xFFF0, 0xFFEF, 0xFFF0, 0xFFEF, 0xF7EF,
	0xFFEF, 0xF7EF, 0xF7EF, 0xE74E, 0x2143, 0x0041, 0x0041, 0x0041, 0x0041, 0x0041, 0x0041, 0x0041,
	0x0041, 0x52E7, 0xF7EF, 0xF7F0, 0xFFEF, 0xFFEF, 0xF7EF, 0xF7EF, 0xFFEF, 0xFFEF, 0xF7EF, 0xFFEF,
	0xFFF0, 0xFFF0, 0xFFEF, 0xFFEF, 0xDF4E, 0x18E3, 0x0041, 0x0041, 0x0041, 0x0041, 0x0041, 0x0041,
	0x0041, 0x0041, 0x0041, 0x0041, 0x0041, 0x0041, 0x0041, 0x0041, 0x0041, 0x0041, 0x0041, 0x0041,
	0x0041, 0x0041, 0x0041, 0x0041, 0x0041, 0x0041, 0x0041, 0x0041, 0x0041, 0x0041, 0x0041, 0x0041,
	0x0041, 0x0041, 0x0041, 0x0041, 0x0041, 0x0041, 0x0041, 0x0041, 0x0041, 0x0041, 0x0041, 0x0041,
	0x0041, 0x0041, 0x0041, 0x0041, 0x0041, 0x0041, 0x0041, 0x0041, 0x0041, 0x0041, 0x0041, 0x0041,
	0x0041, 0x0041, 0x0041, 0x0041, 0x0041, 0x0041, 0x0041, 0x0041, 0x0041, 0x0041, 0x0041, 0x0041,
	0x0041, 0x0041, 0x0041, 0x0041, 0x0041, 0x0041, 0x0041, 0x0041, 0x0041, 0x0041, 0x0041, 0x0041,
	0x0041, 0x0041, 0x0041, 0x0041, 0x0041, 0x0041, 0x0041, 0x0041, 0x0041, 0x0041, 0x0041, 0x0041,
	0x0041, 0x0041, 0x0041, 0x0041, 0x0041, 0x0041, 0x0861, 0xB5CC, 0xFFF0, 0xF7EF, 0xF7EF, 0xFFEF,
	0xFFEF, 0xF7F0, 0xF7EF, 0xF7F0, 0xFFEF, 0xFFF0, 0xFFF0, 0xFFEF, 0xFFEF, 0xF7EF, 0xF7EF, 0x52E7,
	0x0041, 0x0041, 0x0041, 0x0041, 0x0041, 0x0041, 0x0041, 0x0041, 0x18E3, 0xDF2E, 0xFFF0, 0xFFF0,
	0xF7F0, 0xFFEF, 0xFFF0, 0xF7EF, 0xF7EF, 0xF7EF, 0xFFEF, 0xFFF0, 0xFFEF, 0xF7EF, 0xFFEF, 0xFFF0,
	0x3A05, 0x0041, 0x0041, 0x0041, 0x0041, 0x0041, 0x0041, 0x0041, 0x0041, 0x0041, 0x0041, 0x0041,
	0x0041, 0x0041, 0x0041, 0x0041, 0x0041, 0x0041, 0x0041, 0x0041, 0x0041, 0x0041, 0x0041, 0x0041,
	0x0041, 0x0041, 0x0041, 0x52EB, 0x52EB, 0x0041, 0x0041, 0x0041, 0x0041, 0x0041, 0x0041, 0x0041,
	0x0041, 0x0041, 0x0041, 0x0041, 0x0041, 0x0041, 0x0041, 0x0041, 0x0041, 0x0041, 0x0041, 0x0041,
	0x0041, 0x0041, 0x0041, 0x0041, 0x0041, 0x0041, 0x0041, 0x0041, 0x18E3, 0xE74E, 0xFFEF, 0xFFEF,
	0xFFEF, 0xF7F0, 0xF7EF, 0xF7EF, 0xFFEF, 0xFFF0, 0xFFEF, 0xFFF0, 0xF7EF, 0xFFEF, 0xFFF0, 0xFFEF,
	0xFFEF, 0xFFEF, 0xF7EF, 0x3A05, 0x0041, 0x0041, 0x0041, 0x0041, 0x0041, 0x0041, 0x73E9, 0xF7EF,
	0xFFF0, 0xF7F0, 0xF7EF, 0xF7EF, 0xFFEF, 0xFFEF, 0xFFF0, 0xFFEF, 0xF7EF, 0xFFF0, 0xFFEF, 0xFFEF,
	0xFFF0, 0xFFEF, 0xF7F0, 0xE74E, 0x0861, 0x0041, 0x0041, 0x0041, 0x0041, 0x0041, 0x0041, 0x0041,
	0x0041, 0x0041, 0x0041, 0x0041, 0x0041, 0x0041, 0x0041, 0x0041, 0x0041, 0x0041, 0x0041, 0x0041,
	0x0041, 0x0041, 0x0041, 0x0041, 0x0041, 0x0041, 0x0041, 0x0041, 0x0041, 0x0041, 0x0041, 0x0041,
	0x0041, 0x0041, 0x0041, 0x0041, 0x0041, 0x0041, 0x0041, 0x0041, 0x0041, 0x0041, 0x0041, 0x0041,
	0x0041, 0x0041, 0x0041, 0x0041, 0x0041, 0x0041, 0x0041, 0x0041, 0x0041, 0x0041, 0x0041, 0x0041,
	0x0041, 0x0041, 0x0041, 0x0041, 0x0041, 0x0041, 0x0041, 0x0041, 0x0041, 0x0041, 0x0041, 0x0041,
	0x0041, 0x0041, 0x0041, 0x0041, 0x0041, 0x0041, 0x0041, 0x0041, 0x0041, 0x0041, 0x0041, 0x0041,
	0x0041, 0x0041, 0x0041, 0x0041, 0x0041, 0x0041, 0x0041, 0x0041, 0x0041, 0x0041, 0x0041, 0x0041,
	0x0041, 0x0041, 0x0041, 0x0041, 0xB5CC, 0xF7F0, 0xF7EF, 0xFFF0, 0xFFEF, 0xFFEF, 0xFFF0, 0xFFEF,
	0xFFEF, 0xFFEF, 0xFFEF, 0xFFEF, 0xFFF0, 0xFFF0, 0xFFEF, 0xF7EF, 0xFFEF, 0xFFEF, 0x8C8A, 0x0861,
	0x0041, 0x0041, 0x0041, 0x0041, 0x0041, 0x3A05, 0xFFEF, 0xFFF0, 0xFFEF, 0xFFEF, 0xFFEF, 0xFFF0,
	0xFFEF, 0xFFF0, 0xFFF0, 0xFFF0, 0xFFF0, 0xFFEF, 0xFFEF, 0xFFF0, 0xFFEF, 0xFFF0, 0xFFEF, 0x29A4,
	0x0041, 0x0041, 0x0041, 0x0041, 0x0041, 0x0041, 0x0041, 0x0041, 0x0041, 0x0041, 0x0041, 0x0041,
	0x0041, 0x0041, 0x0041, 0x0041, 0x0041, 0x0041, 0x0041, 0x0041, 0x0041, 0x0041, 0x0041, 0x0041,
	0x0041, 0x52EB, 0x52EB, 0x0041, 0x0041, 0x0041, 0x0041, 0x0041, 0x0041, 0x0041, 0x0041, 0x0041,
	0x0041, 0x0041, 0x0041, 0x0041, 0x0041, 0x0041, 0x0041, 0x0041, 0x0041, 0x0041, 0x0041, 0x0041,
	0x0041, 0x0041, 0x0041, 0x0041, 0x0041, 0x0041, 0xCE8D, 0xFFF0, 0xFFF0, 0xF7F0, 0xF7EF, 0xFFEF,
	0xFFEF, 0xFFEF, 0xFFF0, 0xF7EF, 0xF7EF, 0xFFEF, 0xFFEF, 0xFFF0, 0xFFEF, 0xF7F0, 0xFFEF, 0xFFF0,
	0xFFEF, 0xFFF0, 0x3A05, 0x0041, 0x0041, 0x0041, 0x0041, 0x73E9, 0xFFF0, 0xFFEF, 0xFFEF, 0xFFEF,
	0xFFF0, 0xFFF0, 0xFFEF, 0xFFEF, 0xFFEF, 0xFFEF, 0xFFEF, 0xF7EF, 0xF7F0, 0xFFEF, 0xFFEF, 0xF7EF,
	0xFFEF, 0xF7EF, 0x9D2B, 0x0041, 0x0041, 0x0041, 0x0041, 0x0041, 0x0041, 0x0041, 0x0041, 0x0041,
	0x0041, 0x0041, 0x0041, 0x0041, 0x0041, 0x0041, 0x0041, 0x0041, 0x0041, 0x0041, 0x0041, 0x0041,
	0x0041, 0x0041, 0x0041, 0x0041, 0x0041, 0x0041, 0x0041, 0x0041, 0x0041, 0x0041, 0x0041, 0x0041,
	0x0041, 0x0041, 0x0041, 0x0041, 0x0041, 0x0041, 0x0041, 0x0041, 0x0041, 0x0041, 0x0041, 0x0041,
	0x0041, 0x0041, 0x0041, 0x0041, 0x0041, 0x0041, 0x0041, 0x0041, 0x0041, 0x0041, 0x0041, 0x0041,
	0x0041, 0x0041, 0x0041, 0x0041, 0x0041, 0x0041, 0x0041, 0x0041, 0x0041, 0x0041, 0x0041, 0x0041,
	0x0041, 0x0041, 0x0041, 0x0041, 0x0041, 0x0041, 0x0041, 0x0041, 0x0041, 0x0041, 0x0041, 0x0041,
	0x0041, 0x0041, 0x0041, 0x0041, 0x0041, 0x0041, 0x0041, 0x0041, 0x0041, 0x0041, 0x0041, 0x0041,
	0x0041, 0x6368, 0xFFEF, 0xF7EF, 0xFFEF, 0xFFF0, 0xFFEF, 0xFFEF, 0xFFEF, 0xFFEF, 0xF7EF, 0xFFEF,
	0xFFEF, 0xF7EF, 0xFFEF, 0xFFEF, 0xFFEF, 0xFFEF, 0xF7F0, 0xFFEF, 0xFFF0, 0xB5CC, 0x0861, 0x0041,
	0x0041, 0x0041, 0x3A05, 0xF7EF, 0xFFF0, 0xFFF0, 0xF7EF, 0xFFEF, 0xFFEF, 0xF7F0, 0xFFF0, 0xFFEF,
	0xFFEF, 0xFFF0, 0xFFEF, 0xFFEF, 0xFFF0, 0xF7EF, 0xF7EF, 0xFFEF, 0xFFF0, 0xDF4E, 0x10A2, 0x0041,
	0x0041, 0x0041, 0x0041, 0x0041, 0x0041, 0x0041, 0x0041, 0x0041, 0x0041, 0x0041, 0x0041, 0x0041,
	0x0041, 0x0041, 0x0041, 0x0041, 0x0041, 0x0041, 0x0041, 0x0041, 0x0041, 0x0041, 0x0041, 0x52EB,
	0x52EB, 0x0041, 0x0041, 0x0041, 0x0041, 0x0041, 0x0041, 0x0041, 0x0041, 0x0041, 0x0041, 0x0041,
	0x0041, 0x0041, 0x0041, 0x0041, 0x0041, 0x0041, 0x0041, 0x0041, 0x0041, 0x0041, 0x0041, 0x0041,
	0x0041, 0x0041, 0x0041, 0x52E7, 0xFFEF, 0xFFEF, 0xFFEF, 0xFFF0, 0xFFEF, 0xFFEF, 0xFFEF, 0xFFEF,
	0xFFEF, 0xFFEF, 0xFFEF, 0xFFEF, 0xFFEF, 0xFFEF, 0xFFEF, 0xFFEF, 0xFFEF, 0xFFEF, 0xFFEF, 0xFFEF,
	0xF7F0, 0x4A66, 0x2144, 0x2143, 0x73E9, 0xFFEF, 0xFFF0, 0xFFEF, 0xFFEF, 0xFFEF, 0xFFEF, 0xFFEF,
	0xFFEF, 0xFFEF, 0xFFEF, 0xFFEF, 0xFFEF, 0xFFEF, 0xFFEF, 0xFFEF, 0xFFEF, 0xFFEF, 0xFFEF, 0xFFEF,
	0xF7F0, 0x2143, 0x0041, 0x0041, 0x0041, 0x0041, 0x0041, 0x0041, 0x0041, 0x0041, 0x0041, 0x0041,
	0x0041, 0x0041, 0x0041, 0x0041, 0x0041, 0x0041, 0x0041, 0x0041, 0x0041, 0x0041, 0x0041, 0x0041,
	0x0041, 0x0041, 0x0041, 0x0041, 0x0041, 0x0041, 0x0041, 0x0041, 0x0041, 0x0041, 0x0041, 0x0041,
	0x0041, 0x0041, 0x0041, 0x0041, 0x0041, 0x0041, 0x0041, 0x0041, 0x0041, 0x0041, 0x0041, 0x0041,
	0x0041, 0x0041, 0x0041, 0x0041, 0x0041, 0x0041, 0x0041, 0x0041, 0x0041, 0x0041, 0x0041, 0x0041,
	0x0041, 0x0041, 0x0041, 0x0041, 0x0041, 0x0041, 0x0041, 0x0041, 0x0041, 0x0041, 0x0041, 0x0041,
	0x0041, 0x0041, 0x0041, 0x0041, 0x0041, 0x0041, 0x0041, 0x0041, 0x0041, 0x0041, 0x0041, 0x0041,
	0x0041, 0x0041, 0x0041, 0x0041, 0x0041, 0x0041, 0x0041, 0x0041, 0x0041, 0x0041, 0x10A2, 0xFFF0,
	0xFFEF, 0xFFEF, 0xFFEF, 0xFFEF, 0xFFEF, 0xFFEF, 0xFFEF, 0xFFEF, 0xFFEF, 0xFFEF, 0xFFEF, 0xFFEF,
	0xFFEF, 0xFFEF, 0xFFEF, 0xFFEF, 0xFFEF, 0xFFF0, 0xFFEF, 0xFFF0, 0x8C8A, 0x2143, 0x2144, 0x4A66,
	0xFFEF, 0xFFEF, 0xFFEF, 0xFFEF, 0xFFEF, 0xFFEF, 0xFFEF, 0xFFEF, 0xFFEF, 0xFFEF, 0xFFEF, 0xFFEF,
	0xFFEF, 0xFFEF, 0xFFEF, 0xFFEF, 0xFFF0, 0xF7F0, 0xFFEF, 0xFFF0, 0x7BE9, 0x0041, 0x0041, 0x0041,
	0x0041, 0x0041, 0x0041, 0x0041, 0x0041, 0x0041, 0x0041, 0x0041, 0x0041, 0x0041, 0x0041, 0x0041,
	0x0041, 0x0041, 0x0041, 0x0041, 0x0041, 0x0041, 0x0041, 0x0041, 0x0041, 0x52EB, 0x52EB, 0x0041,
	0x0041, 0x0041, 0x0041, 0x0041, 0x0041, 0x0041, 0x0041, 0x0041, 0x0041, 0x0041, 0x0041, 0x0041,
	0x0041, 0x0041, 0x0041, 0x0041, 0x0041, 0x0041, 0x0041, 0x0041, 0x0041, 0x0041, 0x0041, 0x0041,
	0x0041, 0xC68D, 0xFFF0, 0xFFF0, 0xF7EF, 0xFFEF, 0xFFEF, 0xFFEF, 0xFFEF, 0xFFEF, 0xFFEF, 0xFFEF,
	0xFFEF, 0xFFEF, 0xFFEF, 0xFFEF, 0xFFEF, 0xFFEF, 0xFFEF, 0xFFEF, 0xFFEF, 0xFFEF, 0xF7EF, 0xF7EF,
	0xFFF0, 0xFFF0, 0xFFEF, 0xF7EF, 0xFFF0, 0xFFEF, 0xFFEF, 0xFFEF, 0xFFEF, 0xFFEF, 0xFFEF, 0xFFEF,
	0xFFEF, 0xFFEF, 0xFFEF, 0xFFEF, 0xFFEF, 0xFFEF, 0xFFEF, 0xFFEF, 0xFFEF, 0xFFEF, 0xFFEF, 0x9D2B,
	0x0041, 0x0041, 0x0041, 0x0041, 0x0041, 0x0041, 0x0041, 0x0041, 0x0041, 0x0041, 0x0041, 0x0041,
	0x0041, 0x0041, 0x0041, 0x0041, 0x0041, 0x0041, 0x0041, 0x0041, 0x0041, 0x0041, 0x0041, 0x0041,
	0x0041, 0x0041, 0x0041, 0x0041, 0x0041, 0x0041, 0x0041, 0x0041, 0x0041, 0x0041, 0x0041, 0x0041,
	0x0041, 0x0041, 0x0041, 0x0041, 0x0041, 0x0041, 0x0041, 0x0041, 0x0041, 0x0041, 0x0041, 0x0041,
	0x0041, 0x0041, 0x0041, 0x0041, 0x0041, 0x0041, 0x0041, 0x0041, 0x0041, 0x0041, 0x0041, 0x0041,
	0x0041, 0x0041, 0x0041, 0x0041, 0x0041, 0x0041, 0x0041, 0x0041, 0x0041, 0x0041, 0x0041, 0x0041,
	0x0041, 0x0041, 0x0041, 0x0041, 0x0041, 0x0041, 0x0041, 0x0041, 0x0041, 0x0041, 0x0041, 0x0041,
	0x0041, 0x0041, 0x0041, 0x0041, 0x0041, 0x0041, 0x0041, 0x0041, 0x6368, 0xFFEF, 0xFFEF, 0xFFEF,
	0xFFEF, 0xFFEF, 0xFFEF, 0xFFEF, 0xFFEF, 0xFFEF, 0xFFEF, 0xFFEF, 0xFFEF, 0xFFEF, 0xFFEF, 0xFFEF,
	0xFFEF, 0xFFEF, 0xF7EF, 0xF7F0, 0xF7EF, 0xFFEF, 0xFFEF, 0xF7EF, 0xF7EF, 0xFFEF, 0xFFEF, 0xFFEF,
	0xFFEF, 0xFFEF, 0xFFEF, 0xFFEF, 0xFFEF, 0xFFEF, 0xFFEF, 0xFFEF, 0xFFEF, 0xFFEF, 0xFFEF, 0xFFEF,
	0xFFEF, 0xFFEF, 0xFFF0, 0xF7EF, 0xFFEF, 0xFFEF, 0xF7EF, 0x10A2, 0x0041, 0x0041, 0x0041, 0x0041,
	0x0041, 0x0041, 0x0041, 0x0041, 0x0041, 0x0041, 0x0041, 0x0041, 0x0041, 0x0041, 0x0041, 0x0041,
	0x0041, 0x0041, 0x0041, 0x0041, 0x0041, 0x0041, 0x0041, 0x52EB, 0x52EB, 0x0041, 0x0041, 0x0041,
	0x0041, 0x0041, 0x0041, 0x0041, 0x0041, 0x0041, 0x0041, 0x0041, 0x0041, 0x0041, 0x0041, 0x0041,
	0x0041, 0x0041, 0x0041, 0x0041, 0x0041, 0x0041, 0x0041, 0x0041, 0x0041, 0x0041, 0x18E2, 0xFFEF,
	0xFFF0, 0xF7F0, 0xFFEF, 0xFFEF, 0xFFEF, 0xFFEF, 0xFFEF, 0xFFEF, 0xFFEF, 0xFFEF, 0xFFEF, 0xFFEF,
	0xFFEF, 0xFFEF, 0xFFEF, 0xFFEF, 0xFFEF, 0xFFEF, 0xFFEF, 0xFFEF, 0xFFF0, 0xFFEF, 0xFFEF, 0xFFF0,
	0xFFF0, 0xFFEF, 0xFFEF, 0xF7F0, 0xFFEF, 0xFFEF, 0xFFEF, 0xFFEF, 0xFFEF, 0xFFEF, 0xFFEF, 0xFFEF,
	0xFFEF, 0xFFEF, 0xFFEF, 0xFFEF, 0xFFEF, 0xFFEF, 0xFFEF, 0xFFEF, 0xFFEF, 0xF7EF, 0x10A2, 0x0041,
	0x0041, 0x0041, 0x0041, 0x0041, 0x0041, 0x0041, 0x0041, 0x0041, 0x0041, 0x0041, 0x0041, 0x0041,
	0x0041, 0x0041, 0x0041, 0x0041, 0x0041, 0x0041, 0x0041, 0x0041, 0x0041, 0x0041, 0x0041, 0x0041,
	0x0041, 0x0041, 0x0041, 0x0041, 0x0041, 0x0041, 0x0041, 0x0041, 0x0041, 0x0041, 0x0041, 0x0041,
	0x0041, 0x0041, 0x0041, 0x0041, 0x0041, 0x0041, 0x0041, 0x0041, 0x0041, 0x0041, 0x0041, 0x0041,
	0x0041, 0x0041, 0x0041, 0x0041, 0x0041, 0x0041, 0x0041, 0x0041, 0x0041, 0x0041, 0x0041, 0x0041,
	0x0041, 0x0041, 0x0041, 0x0041, 0x0041, 0x0041, 0x0041, 0x0041, 0x0041, 0x0041, 0x0041, 0x0041,
	0x0041, 0x0041, 0x0041, 0x0041, 0x0041, 0x0041, 0x0041, 0x0041, 0x0041, 0x0041, 0x0041, 0x0041,
	0x0041, 0x0041, 0x0041, 0x0041, 0x0041, 0x0041, 0xCE8D, 0xFFF0, 0xFFEF, 0xFFEF, 0xFFEF, 0xFFEF,
	0xFFEF, 0xFFEF, 0xFFEF, 0xFFEF, 0xFFEF, 0xFFEF, 0xFFEF, 0xFFEF, 0xFFEF, 0xFFEF, 0xFFEF, 0xFFEF,
	0xFFEF, 0xF7EF, 0xF7EF, 0xFFF0, 0xFFF0, 0xFFF0, 0xFFEF, 0xFFEF, 0xFFEF, 0xFFEF, 0xFFEF, 0xFFEF,
	0xFFEF, 0xFFEF, 0xFFEF, 0xFFEF, 0xFFEF, 0xFFEF, 0xFFEF, 0xFFEF, 0xFFEF, 0xFFEF, 0xFFEF, 0xFFEF,
	0xFFEF, 0xF7EF, 0xFFEF, 0xFFEF, 0xF7EF, 0x4A66, 0x0041, 0x0041, 0x0041, 0x0041, 0x0041, 0x0041,
	0x0041, 0x0041, 0x0041, 0x0041, 0x0041, 0x0041, 0x0041, 0x0041, 0x0041, 0x0041, 0x0041, 0x0041,
	0x0041, 0x0041, 0x0041, 0x0041, 0x0041, 0x52EB, 0x52EB, 0x0041, 0x0041, 0x0041, 0x0041, 0x0041,
	0x0041, 0x0041, 0x0041, 0x0041, 0x0041, 0x0041, 0x0041, 0x0041, 0x0041, 0x0041, 0x0041, 0x0041,
	0x0041, 0x0041, 0x0041, 0x0041, 0x0041, 0x0041, 0x0041, 0x0041, 0x52E7, 0xFFF0, 0xFFEF, 0xF7F0,
	0xFFEF, 0xFFEF, 0xFFEF, 0xFFEF, 0xFFEF, 0xFFEF, 0xFFEF, 0xFFEF, 0xFFEF, 0xFFEF, 0xFFEF, 0xFFEF,
	0xFFEF, 0xFFEF, 0xFFEF, 0xFFEF, 0xFFEF, 0xFFEF, 0xFFF0, 0xF7EF, 0xF7EF, 0xF7EF, 0xFFEF, 0xF7EF,
	0xFFEF, 0xF7EF, 0xFFEF, 0xFFEF, 0xFFEF, 0xFFEF, 0xFFEF, 0xFFEF, 0xFFEF, 0xFFEF, 0xFFEF, 0xFFEF,
	0xFFEF, 0xFFEF, 0xFFEF, 0xFFEF, 0xFFEF, 0xFFEF, 0xFFF0, 0xFFEF, 0x3A05, 0x0041, 0x0041, 0x0041,
	0x0041, 0x0041, 0x0041, 0x0041, 0x0041, 0x0041, 0x0041, 0x0041, 0x0041, 0x0041, 0x0041, 0x0041,
	0x0041, 0x0041, 0x0041, 0x0041, 0x0041, 0x0041, 0x0041, 0x0041, 0x0041, 0x0041, 0x0041, 0x0041,
	0x0041, 0x0041, 0x0041, 0x0041, 0x0041, 0x0041, 0x0041, 0x0041, 0x0041, 0x0041, 0x0041, 0x0041,
	0x0041, 0x0041, 0x0041, 0x0041, 0x0041, 0x0041, 0x0041, 0x0041, 0x0041, 0x0041, 0x0041, 0x0041,
	0x0041, 0x0041, 0x0041, 0x0041, 0x0041, 0x0041, 0x0041, 0x0041, 0x0041, 0x0041, 0x0041, 0x0041,
	0x0041, 0x0041, 0x0041, 0x0041, 0x0041, 0x0041, 0x0041, 0x0041, 0x0041, 0x0041, 0x0041, 0x0041,
	0x0041, 0x0041, 0x0041, 0x0041, 0x0041, 0x0041, 0x0041, 0x0041, 0x0041, 0x0041, 0x0041, 0x0041,
	0x0041, 0x0041, 0x0041, 0x10A2, 0xFFEF, 0xFFF0, 0xFFEF, 0xFFEF, 0xFFEF, 0xFFEF, 0xFFEF, 0xFFEF,
	0xFFEF, 0xFFEF, 0xFFEF, 0xFFEF, 0xFFEF, 0xFFEF, 0xFFEF, 0xFFEF, 0xFFEF, 0xFFEF, 0xF7EF, 0xFFEF,
	0xFFEF, 0xFFEF, 0xFFEF, 0xFFEF, 0xFFEF, 0xF7EF, 0xFFEF, 0xFFEF, 0xFFEF, 0xFFEF, 0xFFEF, 0xFFEF,
	0xFFEF, 0xFFEF, 0xFFEF, 0xFFEF, 0xFFEF, 0xFFEF, 0xFFEF, 0xFFEF, 0xFFEF, 0xFFEF, 0xFFEF, 0xF7F0,
	0xFFEF, 0xFFF0, 0xFFF0, 0x8C8A, 0x0041, 0x0041, 0x0041, 0x0041, 0x0041, 0x0041, 0x0041, 0x0041,
	0x0041, 0x0041, 0x0041, 0x0041, 0x0041, 0x0041, 0x0041, 0x0041, 0x0041, 0x0041, 0x0041, 0x0041,
	0x0041, 0x0041, 0x0041, 0x52EB, 0x52EB, 0x0041, 0x0041, 0x0041, 0x0041, 0x0041, 0x0041, 0x0041,
	0x0041, 0x0041, 0x0041, 0x0041, 0x0041, 0x0041, 0x0041, 0x0041, 0x0041, 0x0041, 0x0041, 0x0041,
	0x0041, 0x0041, 0x0041, 0x0041, 0x0041, 0x0041, 0x7BE9, 0xFFEF, 0xFFF0, 0xFFEF, 0xFFF0, 0xF7EF,
	0xFFEF, 0xFFEF, 0xFFEF, 0xFFEF, 0xFFEF, 0xFFEF, 0xFFEF, 0xFFEF, 0xFFEF, 0xFFEF, 0xFFEF, 0xFFEF,
	0xFFEF, 0xFFEF, 0xFFEF, 0xFFEF, 0xF7EF, 0xFFEF, 0xFFF0, 0xFFEF, 0xFFEF, 0xFFF0, 0xFFEF, 0xFFEF,
	0xFFEF, 0xFFEF, 0xFFEF, 0xFFEF, 0xFFEF, 0xFFEF, 0xFFEF, 0xFFEF, 0xFFEF, 0xFFEF, 0xFFEF, 0xFFEF,
	0xFFEF, 0xFFEF, 0xFFEF, 0xFFEF, 0xFFEF, 0xFFF0, 0x52E7, 0x0041, 0x0041, 0x0041, 0x0041, 0x0041,
	0x0041, 0x0041, 0x0041, 0x0041, 0x0041, 0x0041, 0x0041, 0x0041, 0x0041, 0x0041, 0x0041, 0x0041,
	0x0041, 0x0041, 0x0041, 0x0041, 0x0041, 0x0041, 0x0041, 0x0041, 0x0041, 0x0041, 0x0041, 0x0041,
	0x0041, 0x0041, 0x0041, 0x0041, 0x0041, 0x0041, 0x0041, 0x0041, 0x0041, 0x0041, 0x0041, 0x0041,
	0x0041, 0x0041, 0x0041, 0x0041, 0x0041, 0x0041, 0x0041, 0x0041, 0x0041, 0x0041, 0x0041, 0x0041,
	0x0041, 0x0041, 0x0041, 0x0041, 0x0041, 0x0041, 0x0041, 0x0041, 0x0041, 0x0041, 0x0041, 0x0041,
	0x0041, 0x0041, 0x0041, 0x0041, 0x0041, 0x0041, 0x0041, 0x0041, 0x0041, 0x0041, 0x0041, 0x0041,
	0x0041, 0x0041, 0x0041, 0x0041, 0x0041, 0x0041, 0x0041, 0x0041, 0x0041, 0x0041, 0x0041, 0x0041,
	0x0041, 0x2144, 0xFFF0, 0xFFEF, 0xFFEF, 0xFFEF, 0xFFEF, 0xFFEF, 0xFFEF, 0xFFEF, 0xFFEF, 0xFFEF,
	0xFFEF, 0xFFEF, 0xFFEF, 0xFFEF, 0xFFEF, 0xFFEF, 0xFFEF, 0xFFEF, 0xFFEF, 0xFFEF, 0xFFEF, 0xFFEF,
	0xF7F0, 0xFFF0, 0xF7EF, 0xFFEF, 0xFFEF, 0xFFEF, 0xFFEF, 0xFFEF, 0xFFEF, 0xFFEF, 0xFFEF, 0xFFEF,
	0xFFEF, 0xFFEF, 0xFFEF, 0xFFEF, 0xFFEF, 0xFFEF, 0xFFEF, 0xFFEF, 0xFFEF, 0xF7EF, 0xFFF0, 0xFFEF,
	0xFFEF, 0xCE8D, 0x0021, 0x0041, 0x0041, 0x0041, 0x0041, 0x0041, 0x0041, 0x0041, 0x0041, 0x0041,
	0x0041, 0x0041, 0x0041, 0x0041, 0x0041, 0x0041, 0x0041, 0x0041, 0x0041, 0x0041, 0x0041, 0x0041,
	0x0041, 0x52EB, 0x52EB, 0x0041, 0x0041, 0x0041, 0x0041, 0x0041, 0x0041, 0x0041, 0x0041, 0x0041,
	0x0041, 0x0041, 0x0041, 0x0041, 0x0041, 0x0041, 0x0041, 0x0041, 0x0041, 0x0041, 0x0041, 0x0041,
	0x0041, 0x0041, 0x0041, 0x0041, 0x9D0B, 0xF7EF, 0xFFF0, 0xFFEF, 0xF7EF, 0xF7EF, 0xFFEF, 0xFFEF,
	0xFFEF, 0xFFEF, 0xFFEF, 0xFFEF, 0xFFEF, 0xFFEF, 0xFFEF, 0xFFEF, 0xFFEF, 0xFFEF, 0xFFEF, 0xFFEF,
	0xFFEF, 0xFFEF, 0xFFEF, 0xFFF0, 0xF7EF, 0xF7F0, 0xF7EF, 0xF7EF, 0xFFF0, 0xFFEF, 0xFFEF, 0xFFEF,
	0xFFEF, 0xFFEF, 0xFFEF, 0xFFEF, 0xFFEF, 0xFFEF, 0xFFEF, 0xFFEF, 0xFFEF, 0xFFEF, 0xFFEF, 0xFFEF,
	0xFFEF, 0xFFEF, 0xFFEF, 0xF7EF, 0x8C8A, 0x0041, 0x0041, 0x0041, 0x0041, 0x0041, 0x0041, 0x0041,
	0x0041, 0x0041, 0x0041, 0x0041, 0x0041, 0x0041, 0x0041, 0x0041, 0x0041, 0x0041, 0x0041, 0x0041,
	0x0041, 0x0041, 0x0041, 0x0041, 0x0041, 0x0041, 0x0041, 0x0041, 0x0041, 0x0041, 0x0041, 0x0041,
	0x0041, 0x0041, 0x0041, 0x0041, 0x0041, 0x0041, 0x0041, 0x0041, 0x0041, 0x0041, 0x0041, 0x0041,
	0x0041, 0x0041, 0x0041, 0x0041, 0x0041, 0x0041, 0x0041, 0x0041, 0x0041, 0x0041, 0x0041, 0x0041,
	0x0041, 0x0041, 0x0041, 0x0041, 0x0041, 0x0041, 0x0041, 0x0041, 0x0041, 0x0041, 0x0041, 0x0041,
	0x0041, 0x0041, 0x0041, 0x0041, 0x0041, 0x0041, 0x0041, 0x0041, 0x0041, 0x0041, 0x0041, 0x0041,
	0x0041, 0x0041, 0x0041, 0x0041, 0x0041, 0x0041, 0x0041, 0x0041, 0x0041, 0x0041, 0x0041, 0x2143,
	0xF7EF, 0xFFEF, 0xFFEF, 0xFFEF, 0xFFEF, 0xFFEF, 0xFFEF, 0xFFEF, 0xFFEF, 0xFFEF, 0xFFEF, 0xFFEF,
	0xFFEF, 0xFFEF, 0xFFEF, 0xFFEF, 0xFFEF, 0xFFEF, 0xF7EF, 0xFFF0, 0xFFF0, 0xF7EF, 0xF7EF, 0xFFF0,
	0xF7EF, 0xF7EF, 0xFFEF, 0xFFEF, 0xFFEF, 0xFFEF, 0xFFEF, 0xFFEF, 0xFFEF, 0xFFEF, 0xFFEF, 0xFFEF,
	0xFFEF, 0xFFEF, 0xFFEF, 0xFFEF, 0xFFEF, 0xFFEF, 0xFFEF, 0xFFEF, 0xF7EF, 0xFFF0, 0xFFF0, 0xFFEF,
	0x0041, 0x0041, 0x0041, 0x0041, 0x0041, 0x0041, 0x0041, 0x0041, 0x0041, 0x0041, 0x0041, 0x0041,
	0x0041, 0x0041, 0x0041, 0x0041, 0x0041, 0x0041, 0x0041, 0x0041, 0x0041, 0x0041, 0x0041, 0x52EB,
	0x52EB, 0x0041, 0x0041, 0x0041, 0x0041, 0x0041, 0x0041, 0x0041, 0x0041, 0x0041, 0x0041, 0x0041,
	0x0041, 0x0041, 0x0041, 0x0041, 0x0041, 0x0041, 0x0041, 0x0041, 0x0041, 0x0041, 0x0041, 0x0041,
	0x0041, 0x0041, 0x9D2B, 0xF7F0, 0xFFEF, 0xFFEF, 0xFFEF, 0xFFEF, 0xFFEF, 0xFFEF, 0xFFEF, 0xFFEF,
	0xFFEF, 0xFFEF, 0xFFEF, 0xFFEF, 0xFFEF, 0xFFEF, 0xFFEF, 0xFFEF, 0xFFEF, 0xFFEF, 0xFFEF, 0xFFEF,
	0xF7EF, 0xFFEF, 0xFFEF, 0xFFEF, 0xFFEF, 0xFFEF, 0xFFEF, 0xFFEF, 0xFFEF, 0xFFEF, 0xFFEF, 0xFFEF,
	0xFFEF, 0xFFEF, 0xFFEF, 0xFFEF, 0xFFEF, 0xFFEF, 0xFFEF, 0xFFEF, 0xFFEF, 0xFFEF, 0xFFEF, 0xFFEF,
	0xFFEF, 0xF7F0, 0x9D2B, 0x0041, 0x0041, 0x0041, 0x0041, 0x0041, 0x0041, 0x0041, 0x0041, 0x0041,
	0x0041, 0x0041, 0x0041, 0x0041, 0x0041, 0x0041, 0x0041, 0x0041, 0x0041, 0x0041, 0x0041, 0x0041,
	0x0041, 0x0041, 0x0041, 0x0041, 0x0041, 0x0041, 0x0041, 0x0041, 0x0041, 0x0041, 0x0041, 0x0041,
	0x0041, 0x0041, 0x0041, 0x0041, 0x0041, 0x0041, 0x0041, 0x0041, 0x0041, 0x0041, 0x0041, 0x0041,
	0x0041, 0x0041, 0x0041, 0x0041, 0x0041, 0x0041, 0x0041, 0x0041, 0x0041, 0x0041, 0x0041, 0x0041,
	0x0041, 0x0041, 0x0041, 0x0041, 0x0041, 0x0041, 0x0041, 0x0041, 0x0041, 0x0041, 0x0041, 0x0041,
	0x0041, 0x0041, 0x0041, 0x0041, 0x0041, 0x0041, 0x0041, 0x0041, 0x0041, 0x0041, 0x0041, 0x0041,
	0x0041, 0x0041, 0x0041, 0x0041, 0x0041, 0x0041, 0x0041, 0x0041, 0x0041, 0x2143, 0xFFEF, 0xF7EF,
	0xFFEF, 0xFFEF, 0xFFEF, 0xFFEF, 0xFFEF, 0xFFEF, 0xFFEF, 0xFFEF, 0xFFEF, 0xFFEF, 0xFFEF, 0xFFEF,
	0xFFEF, 0xFFEF, 0xFFEF, 0xFFEF, 0xFFF0, 0xFFEF, 0xFFEF, 0xFFEF, 0xFFEF, 0xFFEF, 0xFFEF, 0xFFEF,
	0xFFEF, 0xFFEF, 0xFFEF, 0xFFEF, 0xFFEF, 0xFFEF, 0xFFEF, 0xFFEF, 0xFFEF, 0xFFEF, 0xFFEF, 0xFFEF,
	0xFFEF, 0xFFEF, 0xFFEF, 0xFFEF, 0xFFF0, 0xFFEF, 0xFFF0, 0xFFEF, 0xFFEF, 0xFFEF, 0x0041, 0x0041,
	0x0041, 0x0041, 0x0041, 0x0041, 0x0041, 0x0041, 0x0041, 0x0041, 0x0041, 0x0041, 0x0041, 0x0041,
	0x0041, 0x0041, 0x0041, 0x0041, 0x0041, 0x0041, 0x0041, 0x0041, 0x0041, 0x52EB, 0x52EB, 0x0041,
	0x0041, 0x0041, 0x0041, 0x0041, 0x0041, 0x0041, 0x0041, 0x0041, 0x0041, 0x0041, 0x0041, 0x0041,
	0x0041, 0x0041, 0x0041, 0x0041, 0x0041, 0x0041, 0x0041, 0x0041, 0x0041, 0x0041, 0x0041, 0x0041,
	0x73E9, 0xFFEF, 0xFFEF, 0xFFEF, 0xF7EF, 0xFFEF, 0xFFEF, 0xFFEF, 0xFFEF, 0xFFEF, 0xFFEF, 0xFFEF,
	0xFFEF, 0xFFEF, 0xFFEF, 0xFFEF, 0xFFEF, 0xFFEF, 0xFFEF, 0xFFEF, 0xFFEF, 0xFFEF, 0xFFF0, 0xFFF0,
	0xFFEF, 0xFFEF, 0xFFF0, 0xFFF0, 0xFFF0, 0xFFEF, 0xFFEF, 0xFFEF, 0xFFEF, 0xFFEF, 0xFFEF, 0xFFEF,
	0xFFEF, 0xFFEF, 0xFFEF, 0xFFEF, 0xFFEF, 0xFFEF, 0xFFEF, 0xFFEF, 0xFFEF, 0xFFEF, 0xF7F0, 0xFFF0,
	0x8C8A, 0x0041, 0x0041, 0x0041, 0x0041, 0x0041, 0x0041, 0x0041, 0x0041, 0x0041, 0x0041, 0x0041,
	0x0041, 0x0041, 0x0041, 0x0041, 0x0041, 0x0041, 0x0041, 0x0041, 0x0041, 0x0041, 0x0041, 0x0041,
	0x0041, 0x0041, 0x0041, 0x0041, 0x0041, 0x0041, 0x0041, 0x0041, 0x0041, 0x0041, 0x0041, 0x0041,
	0x0041, 0x0041, 0x0041, 0x0041, 0x0041, 0x0041, 0x0041, 0x0041, 0x0041, 0x0041, 0x0041, 0x0041,
	0x0041, 0x0041, 0x0041, 0x0041, 0x0041, 0x0041, 0x0041, 0x0041, 0x0041, 0x0041, 0x0041, 0x0041,
	0x0041, 0x0041, 0x0041, 0x0041, 0x0041, 0x0041, 0x0041, 0x0041, 0x0041, 0x0041, 0x0041, 0x0041,
	0x0041, 0x0041, 0x0041, 0x0041, 0x0041, 0x0041, 0x0041, 0x0041, 0x0041, 0x0041, 0x0041, 0x0041,
	0x0041, 0x0041, 0x0041, 0x0041, 0x0041, 0x0041, 0x0041, 0x2143, 0xFFF0, 0xF7EF, 0xFFEF, 0xFFEF,
	0xFFEF, 0xFFEF, 0xFFEF, 0xFFEF, 0xFFEF, 0xFFEF, 0xFFEF, 0xFFEF, 0xFFEF, 0xFFEF, 0xFFEF, 0xFFEF,
	0xFFEF, 0xFFEF, 0xFFEF, 0xFFEF, 0xFFF0, 0xFFEF, 0xFFEF, 0xF7F0, 0xF7F0, 0xFFF0, 0xFFEF, 0xFFEF,
	0xFFEF, 0xFFEF, 0xFFEF, 0xFFEF, 0xFFEF, 0xFFEF, 0xFFEF, 0xFFEF, 0xFFEF, 0xFFEF, 0xFFEF, 0xFFEF,
	0xFFEF, 0xFFEF, 0xFFF0, 0xFFEF, 0xF7EF, 0xFFEF, 0xF7EF, 0xFFEF, 0x0041, 0x0041, 0x0041, 0x0041,
	0x0041, 0x0041, 0x0041, 0x0041, 0x0041, 0x0041, 0x0041, 0x0041, 0x0041, 0x0041, 0x0041, 0x0041,
	0x0041, 0x0041, 0x0041, 0x0041, 0x0041, 0x0041, 0x0041, 0x52EB, 0x52EB, 0x0041, 0x0041, 0x0041,
	0x0041, 0x0041, 0x0041, 0x0041, 0x0041, 0x0041, 0x0041, 0x0041, 0x0041, 0x0041, 0x0041, 0x0041,
	0x0041, 0x0041, 0x0041, 0x0041, 0x0041, 0x0041, 0x0041, 0x0041, 0x0041, 0x0041, 0x52E7, 0xFFF0,
	0xFFF0, 0xFFF0, 0xF7F0, 0xFFEF, 0xFFEF, 0xFFEF, 0xFFEF, 0xFFEF, 0xFFEF, 0xFFEF, 0xFFEF, 0xFFEF,
	0xFFEF, 0xFFEF, 0xFFEF, 0xFFEF, 0xFFEF, 0xFFEF, 0xFFEF, 0xFFEF, 0xFFEF, 0xFFEF, 0xFFEF, 0xFFEF,
	0xFFEF, 0xFFEF, 0xFFEF, 0xFFEF, 0xFFEF, 0xFFEF, 0xFFEF, 0xFFEF, 0xFFEF, 0xFFEF, 0xFFEF, 0xFFEF,
	0xFFEF, 0xFFEF, 0xFFEF, 0xFFEF, 0xFFEF, 0xFFEF, 0xFFEF, 0xFFEF, 0xFFEF, 0xFFEF, 0x52E7, 0x0041,
	0x0041, 0x0041, 0x0041, 0x0041, 0x0041, 0x0041, 0x0041, 0x0041, 0x0041, 0x0041, 0x0041, 0x0041,
	0x0041, 0x0041, 0x0041, 0x0041, 0x0041, 0x0041, 0x0041, 0x0041, 0x0041, 0x0041, 0x0041, 0x0041,
	0x0041, 0x0041, 0x0041, 0x0041, 0x0041, 0x0041, 0x0041, 0x0041, 0x0041, 0x0041, 0x0041, 0x0041,
	0x0041, 0x0041, 0x0041, 0x0041, 0x0041, 0x0041, 0x0041, 0x0041, 0x0041, 0x0041, 0x0041, 0x0041,
	0x0041, 0x0041, 0x0041, 0x0041, 0x0041, 0x0041, 0x0041, 0x0041, 0x0041, 0x0041, 0x0041, 0x0041,
	0x0041, 0x0041, 0x0041, 0x0041, 0x0041, 0x0041, 0x0041, 0x0041, 0x0041, 0x0041, 0x0041, 0x0041,
	0x0041, 0x0041, 0x0041, 0x0041, 0x0041, 0x0041, 0x0041, 0x0041, 0x0041, 0x0041, 0x0041, 0x0041,
	0x0041, 0x0041, 0x0041, 0x0041, 0x0041, 0x18E3, 0xFFEF, 0xFFF0, 0xFFEF, 0xFFF0, 0xFFEF, 0xF7F0,
	0xF7EF, 0xFFF0, 0xFFEF, 0xFFEF, 0xFFEF, 0xFFEF, 0xFFEF, 0xFFEF, 0xFFEF, 0xFFEF, 0xFFEF, 0xFFEF,
	0xFFEF, 0xFFEF, 0xFFEF, 0xFFEF, 0xFFEF, 0xFFEF, 0xFFEF, 0xFFEF, 0xFFEF, 0xFFEF, 0xFFEF, 0xFFEF,
	0xFFEF, 0xFFEF, 0xFFEF, 0xFFEF, 0xFFEF, 0xFFEF, 0xFFEF, 0xFFEF, 0xFFEF, 0xFFEF, 0xFFEF, 0xFFEF,
	0xFFEF, 0xFFEF, 0xFFF0, 0xFFEF, 0xF7EF, 0xE74E, 0x0041, 0x0041, 0x0041, 0x0041, 0x0041, 0x0041,
	0x0041, 0x0041, 0x0041, 0x0041, 0x0041, 0x0041, 0x0041, 0x0041, 0x0041, 0x0041, 0x0041, 0x0041,
	0x0041, 0x0041, 0x0041, 0x0041, 0x0041, 0x52EB, 0x52EB, 0x0041, 0x0041, 0x0041, 0x0041, 0x0041,
	0x0041, 0x0041, 0x0041, 0x0041, 0x0041, 0x0041, 0x0041, 0x0041, 0x0041, 0x0041, 0x0041, 0x0041,
	0x0041, 0x0041, 0x0041, 0x0041, 0x0041, 0x0041, 0x0041, 0x0041, 0x2143, 0xFFEF, 0xFFEF, 0xF7EF,
	0xFFEF, 0xFFEF, 0xFFEF, 0xFFEF, 0xFFEF, 0xFFEF, 0xFFEF, 0xFFEF, 0xFFEF, 0xFFEF, 0xFFEF, 0xFFEF,
	0xFFEF, 0xFFEF, 0xFFEF, 0xFFEF, 0xFFEF, 0xFFEF, 0xFFEF, 0xFFEF, 0xFFEF, 0xFFEF, 0xFFEF, 0xFFEF,
	0xFFEF, 0xFFEF, 0xFFEF, 0xFFEF, 0xFFEF, 0xFFEF, 0xFFEF, 0xFFEF, 0xFFEF, 0xFFEF, 0xFFEF, 0xFFEF,
	0xFFEF, 0xFFEF, 0xFFEF, 0xFFEF, 0xFFEF, 0xFFEF, 0xFFF0, 0xFFEF, 0x4266, 0x0041, 0x0041, 0x0041,
	0x0041, 0x0041, 0x0041, 0x0041, 0x0041, 0x0041, 0x0041, 0x0041, 0x0041, 0x0041, 0x0041, 0x0041,
	0x0041, 0x0041, 0x0041, 0x0041, 0x0041, 0x0041, 0x0041, 0x0041, 0x0041, 0x0041, 0x0041, 0x0041,
	0x0041, 0x0041, 0x0041, 0x0041, 0x0041, 0x0041, 0x0041, 0x0041, 0x0041, 0x0041, 0x0041, 0x0041,
	0x0041, 0x0041, 0x0041, 0x0041, 0x0041, 0x0041, 0x0041, 0x0041, 0x0041, 0x0041, 0x0041, 0x0041,
	0x0041, 0x0041, 0x0041, 0x0041, 0x0041, 0x0041, 0x0041, 0x0041, 0x0041, 0x0041, 0x0041, 0x0041,
	0x0041, 0x0041, 0x0041, 0x0041, 0x0041, 0x0041, 0x0041, 0x0041, 0x0041, 0x0041, 0x0041, 0x0041,
	0x0041, 0x0041, 0x0041, 0x0041, 0x0041, 0x0041, 0x0041, 0x0041, 0x0041, 0x0041, 0x0041, 0x0041,
	0x0041, 0x0041, 0x0041, 0x0041, 0xDF2E, 0xFFEF, 0xF7EF, 0xFFF0, 0xFFF0, 0xFFEF, 0xFFEF, 0xF7EF,
	0xF7EF, 0xFFEF, 0xFFEF, 0xFFEF, 0xFFEF, 0xFFEF, 0xFFEF, 0xFFEF, 0xFFEF, 0xFFEF, 0xFFEF, 0xFFEF,
	0xFFEF, 0xFFEF, 0xFFEF, 0xFFEF, 0xFFEF, 0xFFEF, 0xFFEF, 0xFFEF, 0xFFEF, 0xFFEF, 0xFFEF, 0xFFEF,
	0xFFEF, 0xFFEF, 0xFFEF, 0xFFEF, 0xFFEF, 0xFFEF, 0xFFEF, 0xFFEF, 0xFFEF, 0xFFEF, 0xFFF0, 0xFFEF,
	0xF7EF, 0xFFF0, 0xFFF0, 0x9D2B, 0x0041, 0x0041, 0x0041, 0x0041, 0x0041, 0x0041, 0x0041, 0x0041,
	0x0041, 0x0041, 0x0041, 0x0041, 0x0041, 0x0041, 0x0041, 0x0041, 0x0041, 0x0041, 0x0041, 0x0041,
	0x0041, 0x0041, 0x0041, 0x52EB, 0x52EB, 0x0041, 0x0041, 0x0041, 0x0041, 0x0041, 0x0041, 0x0041,
	0x0041, 0x0041, 0x0041, 0x0041, 0x0041, 0x0041, 0x0041, 0x0041, 0x0041, 0x0041, 0x0041, 0x0041,
	0x0041, 0x0041, 0x0041, 0x0041, 0x0041, 0x0041, 0x0861, 0xF7EF, 0xF7EF, 0xFFF0, 0xFFF0, 0xFFEF,
	0xFFEF, 0xFFEF, 0xFFEF, 0xFFEF, 0xFFEF, 0xFFEF, 0xFFEF, 0xFFEF, 0xFFEF, 0xFFEF, 0xFFEF, 0xFFEF,
	0xFFEF, 0xFFEF, 0xFFEF, 0xFFEF, 0xFFEF, 0xFFEF, 0xFFEF, 0xFFEF, 0xFFEF, 0xFFEF, 0xFFEF, 0xFFEF,
	0xFFEF, 0xFFEF, 0xFFEF, 0xFFEF, 0xFFEF, 0xFFEF, 0xFFEF, 0xFFEF, 0xFFEF, 0xFFEF, 0xFFEF, 0xFFEF,
	0xFFEF, 0xFFEF, 0xFFEF, 0xFFEF, 0xF7EF, 0xFFEF, 0x18E3, 0x0041, 0x0041, 0x0041, 0x0041, 0x0041,
	0x0041, 0x0041, 0x0041, 0x0041, 0x0041, 0x0041, 0x0041, 0x0041, 0x0041, 0x0041, 0x0041, 0x0041,
	0x0041, 0x0041, 0x0041, 0x0041, 0x0041, 0x0041, 0x0041, 0x0041, 0x0041, 0x0041, 0x0041, 0x0041,
	0x0041, 0x0041, 0x0041, 0x0041, 0x0041, 0x0041, 0x0041, 0x0041, 0x0041, 0x0041, 0x0041, 0x0041,
	0x0041, 0x0041, 0x0041, 0x0041, 0x0041, 0x0041, 0x0041, 0x0041, 0x0041, 0x0041, 0x0041, 0x0041,
	0x0041, 0x0041, 0x0041, 0x0041, 0x0041, 0x0041, 0x0041, 0x0041, 0x0041, 0x0041, 0x0041, 0x0041,
	0x0041, 0x0041, 0x0041, 0x0041, 0x0041, 0x0041, 0x0041, 0x0041, 0x0041, 0x0041, 0x0041, 0x0041,
	0x0041, 0x0041, 0x0041, 0x0041, 0x0041, 0x0041, 0x0041, 0x0041, 0x0041, 0x0041, 0x0041, 0x0041,
	0x0041, 0x0041, 0x8C8A, 0xFFF0, 0xFFF0, 0xFFEF, 0xFFEF, 0xFFF0, 0xF7EF, 0xF7EF, 0xF7F0, 0xF7EF,
	0xFFEF, 0xFFEF, 0xFFEF, 0xFFEF, 0xFFEF, 0xFFEF, 0xFFEF, 0xFFEF, 0xFFEF, 0xFFEF, 0xFFEF, 0xFFEF,
	0xFFEF, 0xFFEF, 0xFFEF, 0xFFEF, 0xFFEF, 0xFFEF, 0xFFEF, 0xFFEF, 0xFFEF, 0xFFEF, 0xFFEF, 0xFFEF,
	0xFFEF, 0xFFEF, 0xFFEF, 0xFFEF, 0xFFEF, 0xFFEF, 0xFFEF, 0xFFEF, 0xFFEF, 0xFFEF, 0xF7EF, 0xF7EF,
	0xF7EF, 0x52E7, 0x0041, 0x0041, 0x0041, 0x0041, 0x0041, 0x0041, 0x0041, 0x0041, 0x0041, 0x0041,
	0x0041, 0x0041, 0x0041, 0x0041, 0x0041, 0x0041, 0x0041, 0x0041, 0x0041, 0x0041, 0x0041, 0x0041,
	0x0041, 0x52EB, 0x52EB, 0x0041, 0x0041, 0x0041, 0x0041, 0x0041, 0x0041, 0x0041, 0x0041, 0x0041,
	0x0041, 0x0041, 0x0041, 0x0041, 0x0041, 0x0041, 0x0041, 0x0041, 0x0041, 0x0041, 0x0041, 0x0041,
	0x0041, 0x0041, 0x0041, 0x0041, 0x0041, 0x8C8A, 0xF7EF, 0xFFEF, 0xFFEF, 0xFFF0, 0xFFEF, 0xFFEF,
	0xFFEF, 0xFFEF, 0xFFEF, 0xFFEF, 0xFFEF, 0xFFEF, 0xFFEF, 0xFFEF, 0xFFEF, 0xFFEF, 0xFFEF, 0xFFEF,
	0xFFEF, 0xFFEF, 0xFFEF, 0xFFEF, 0xFFEF, 0xFFEF, 0xFFEF, 0xFFEF, 0xFFEF, 0xFFEF, 0xFFEF, 0xFFEF,
	0xFFEF, 0xFFEF, 0xFFEF, 0xFFEF, 0xFFEF, 0xFFEF, 0xFFEF, 0xFFEF, 0xFFEF, 0xFFEF, 0xFFEF, 0xFFEF,
	0xFFEF, 0xFFEF, 0xF7EF, 0xE74E, 0x0041, 0x0041, 0x0041, 0x0041, 0x0041, 0x0041, 0x0041, 0x0041,
	0x0041, 0x0041, 0x0041, 0x0041, 0x0041, 0x0041, 0x0041, 0x0041, 0x0041, 0x0041, 0x0041, 0x0041,
	0x0041, 0x0041, 0x0041, 0x0041, 0x0041, 0x0041, 0x0041, 0x0041, 0x0041, 0x0041, 0x0041, 0x0041,
	0x0041, 0x0041, 0x0041, 0x0041, 0x0041, 0x0041, 0x0041, 0x0041, 0x0041, 0x0041, 0x0041, 0x0041,
	0x0041, 0x0041, 0x0041, 0x0041, 0x0041, 0x0041, 0x0041, 0x0041, 0x0041, 0x0041, 0x0041, 0x0041,
	0x0041, 0x0041, 0x0041, 0x0041, 0x0041, 0x0041, 0x0041, 0x0041, 0x0041, 0x0041, 0x0041, 0x0041,
	0x0041, 0x0041, 0x0041, 0x0041, 0x0041, 0x0041, 0x0041, 0x0041, 0x0041, 0x0041, 0x0041, 0x0041,
	0x0041, 0x0041, 0x0041, 0x0041, 0x0041, 0x0041, 0x0041, 0x0041, 0x0041, 0x0041, 0x0041, 0x0041,
	0x3A05, 0xFFEF, 0xF7EF, 0xF7F0, 0xF7EF, 0xFFF0, 0xFFEF, 0xFFEF, 0xFFEF, 0xFFEF, 0xFFEF, 0xFFEF,
	0xFFEF, 0xFFEF, 0xFFEF, 0xFFEF, 0xFFEF, 0xFFEF, 0xFFEF, 0xFFEF, 0xFFEF, 0xFFEF, 0xFFEF, 0xFFEF,
	0xFFEF, 0xFFEF, 0xFFEF, 0xFFEF, 0xFFEF, 0xFFEF, 0xFFEF, 0xFFEF, 0xFFEF, 0xFFEF, 0xFFEF, 0xFFEF,
	0xFFEF, 0xFFEF, 0xFFEF, 0xFFEF, 0xFFEF, 0xFFEF, 0xFFEF, 0xFFF0, 0xF7EF, 0xF7EF, 0xF7D0, 0x29A4,
	0x0041, 0x0041, 0x0041, 0x0041, 0x0041, 0x0041, 0x0041, 0x0041, 0x0041, 0x0041, 0x0041, 0x0041,
	0x0041, 0x0041, 0x0041, 0x0041, 0x0041, 0x0041, 0x0041, 0x0041, 0x0041, 0x0041, 0x0041, 0x52EB,
	0x52EB, 0x0041, 0x0041, 0x0041, 0x0041, 0x0041, 0x0041, 0x0041, 0x0041, 0x0041, 0x0041, 0x0041,
	0x0041, 0x0041, 0x0041, 0x0041, 0x0041, 0x0041, 0x0041, 0x0041, 0x0041, 0x0041, 0x0041, 0x0041,
	0x0041, 0x0041, 0x0041, 0x29A4, 0xFFF0, 0xFFF0, 0xFFEF, 0xFFEF, 0xFFEF, 0xFFEF, 0xFFEF, 0xFFEF,
	0xFFEF, 0xFFEF, 0xFFEF, 0xFFEF, 0xFFEF, 0xFFEF, 0xFFEF, 0xFFEF, 0xFFEF, 0xFFEF, 0xFFEF, 0xFFEF,
	0xFFEF, 0xFFEF, 0xFFEF, 0xFFEF, 0xFFEF, 0xFFEF, 0xFFEF, 0xFFEF, 0xFFEF, 0xFFEF, 0xFFEF, 0xFFEF,
	0xFFEF, 0xFFEF, 0xFFEF, 0xFFEF, 0xFFEF, 0xFFEF, 0xFFEF, 0xFFEF, 0xFFEF, 0xFFEF, 0xFFEF, 0xFFEF,
	0xFFF0, 0x73E9, 0x0041, 0x0041, 0x0041, 0x0041, 0x0041, 0x0041, 0x0041, 0x0041, 0x0041, 0x0041,
	0x0041, 0x0041, 0x0041, 0x0041, 0x0041, 0x0041, 0x0041, 0x0041, 0x0041, 0x0041, 0x0041, 0x0041,
	0x0041, 0x0041, 0x0041, 0x0041, 0x0041, 0x0041, 0x0041, 0x0041, 0x0041, 0x0041, 0x0041, 0x0041,
	0x0041, 0x0041, 0x0041, 0x0041, 0x0041, 0x0041, 0x0041, 0x0041, 0x0041, 0x0041, 0x0041, 0x0041,
	0x0041, 0x0041, 0x0041, 0x0041, 0x0041, 0x0041, 0x0041, 0x0041, 0x0041, 0x0041, 0x0041, 0x0041,
	0x0041, 0x0041, 0x0041, 0x0041, 0x0041, 0x0041, 0x0041, 0x0041, 0x0041, 0x0041, 0x0041, 0x0041,
	0x0041, 0x0041, 0x0041, 0x0041, 0x0041, 0x0041, 0x0041, 0x0041, 0x0041, 0x0041, 0x0041, 0x0041,
	0x0041, 0x0041, 0x0041, 0x0041, 0x0041, 0x0041, 0x0041, 0x0041, 0x0041, 0x0041, 0x0041, 0xDF4E,
	0xFFF0, 0xF7EF, 0xF7EF, 0xF7EF, 0xFFEF, 0xFFF0, 0xFFEF, 0xFFF0, 0xFFEF, 0xFFEF, 0xFFEF, 0xFFEF,
	0xFFEF, 0xFFEF, 0xFFEF, 0xFFEF, 0xFFEF, 0xFFEF, 0xFFEF, 0xFFEF, 0xFFEF, 0xFFEF, 0xFFEF, 0xFFEF,
	0xFFEF, 0xFFEF, 0xFFEF, 0xFFEF, 0xFFEF, 0xFFEF, 0xFFEF, 0xFFEF, 0xFFEF, 0xFFEF, 0xFFEF, 0xFFEF,
	0xFFEF, 0xFFEF, 0xFFEF, 0xFFEF, 0xFFF0, 0xF7EF, 0xFFEF, 0xF7F0, 0xE74E, 0x0041, 0x0041, 0x0041,
	0x0041, 0x0041, 0x0041, 0x0041, 0x0041, 0x0041, 0x0041, 0x0041, 0x0041, 0x0041, 0x0041, 0x0041,
	0x0041, 0x0041, 0x0041, 0x0041, 0x0041, 0x0041, 0x0041, 0x0041, 0x0041, 0x52EB, 0x52EB, 0x0041,
	0x0041, 0x0041, 0x0041, 0x0041, 0x0041, 0x0041, 0x0041, 0x0041, 0x0041, 0x0041, 0x0041, 0x0041,
	0x0041, 0x0041, 0x0041, 0x0041, 0x0041, 0x0041, 0x0041, 0x0041, 0x0041, 0x0041, 0x0041, 0x0041,
	0x0041, 0x0041, 0xCE8D, 0xF7EF, 0xFFF0, 0xFFF0, 0xFFEF, 0xFFEF, 0xFFEF, 0xFFEF, 0xFFEF, 0xFFEF,
	0xFFEF, 0xFFEF, 0xFFEF, 0xFFEF, 0xFFEF, 0xFFEF, 0xFFEF, 0xFFEF, 0xFFEF, 0xFFEF, 0xFFEF, 0xFFEF,
	0xFFEF, 0xFFEF, 0xFFEF, 0xFFEF, 0xFFEF, 0xFFEF, 0xFFEF, 0xFFEF, 0xFFEF, 0xFFEF, 0xFFEF, 0xFFEF,
	0xFFEF, 0xFFEF, 0xFFEF, 0xFFEF, 0xFFEF, 0xFFEF, 0xFFEF, 0xFFEF, 0xFFEF, 0xFFEF, 0xFFEF, 0x2143,
	0x0041, 0x0041, 0x0041, 0x0041, 0x0041, 0x0041, 0x0041, 0x0041, 0x0041, 0x0041, 0x0041, 0x0041,
	0x0041, 0x0041, 0x0041, 0x0041, 0x0041, 0x0041, 0x0041, 0x0041, 0x0041, 0x0041, 0x0041, 0x0041,
	0x0041, 0x0041, 0x0041, 0x0041, 0x0041, 0x0041, 0x0041, 0x0041, 0x0041, 0x0041, 0x0041, 0x0041,
	0x0041, 0x0041, 0x0041, 0x0041, 0x0041, 0x0041, 0x0041, 0x0041, 0x0041, 0x0041, 0x0041, 0x0041,
	0x0041, 0x0041, 0x0041, 0x0041, 0x0041, 0x0041, 0x0041, 0x0041, 0x0041, 0x0041, 0x0041, 0x0041,
	0x0041, 0x0041, 0x0041, 0x0041, 0x0041, 0x0041, 0x0041, 0x0041, 0x0041, 0x0041, 0x0041, 0x0041,
	0x0041, 0x0041, 0x0041, 0x0041, 0x0041, 0x0041, 0x0041, 0x0041, 0x0041, 0x0041, 0x0041, 0x0041,
	0x0041, 0x0041, 0x0041, 0x0041, 0x0041, 0x0041, 0x0041, 0x0041, 0x0041, 0x52E7, 0xFFEF, 0xFFF0,
	0xFFEF, 0xFFF0, 0xFFEF, 0xFFEF, 0xF7EF, 0xF7EF, 0xFFEF, 0xFFEF, 0xFFEF, 0xFFEF, 0xFFEF, 0xFFEF,
	0xFFEF, 0xFFEF, 0xFFEF, 0xFFEF, 0xFFEF, 0xFFEF, 0xFFEF, 0xFFEF, 0xFFEF, 0xFFEF, 0xFFEF, 0xFFEF,
	0xFFEF, 0xFFEF, 0xFFEF, 0xFFEF, 0xFFEF, 0xFFEF, 0xFFEF, 0xFFEF, 0xFFEF, 0xFFEF, 0xFFEF, 0xFFEF,
	0xFFEF, 0xFFEF, 0xFFEF, 0xFFEF, 0xFFEF, 0xFFF0, 0x6368, 0x0041, 0x0041, 0x0041, 0x0041, 0x0041,
	0x0041, 0x0041, 0x0041, 0x0041, 0x0041, 0x0041, 0x0041, 0x0041, 0x0041, 0x0041, 0x0041, 0x0041,
	0x0041, 0x0041, 0x0041, 0x0041, 0x0041, 0x0041, 0x0041, 0x52EB, 0x52EB, 0x0041, 0x0041, 0x0041,
	0x0041, 0x0041, 0x0041, 0x0041, 0x0041, 0x0041, 0x0041, 0x0041, 0x0041, 0x0041, 0x0041, 0x0041,
	0x0041, 0x0041, 0x0041, 0x0041, 0x0041, 0x0041, 0x0041, 0x0041, 0x0041, 0x0041, 0x0041, 0x0041,
	0x2143, 0xF7EF, 0xF7EF, 0xFFEF, 0xFFEF, 0xFFEF, 0xFFEF, 0xFFEF, 0xFFEF, 0xFFEF, 0xFFEF, 0xFFEF,
	0xFFEF, 0xFFEF, 0xFFEF, 0xFFEF, 0xFFEF, 0xFFEF, 0xFFEF, 0xFFEF, 0xFFEF, 0xFFEF, 0xFFEF, 0xFFEF,
	0xFFEF, 0xFFEF, 0xFFEF, 0xFFEF, 0xFFEF, 0xFFEF, 0xFFEF, 0xFFEF, 0xFFEF, 0xFFEF, 0xFFEF, 0xFFEF,
	0xFFEF, 0xFFEF, 0xFFEF, 0xFFEF, 0xFFEF, 0xFFEF, 0xFFEF, 0xFFEF, 0x9D2B, 0x0041, 0x0041, 0x0041,
	0x0041, 0x0041, 0x0041, 0x0041, 0x0041, 0x0041, 0x0041, 0x0041, 0x0041, 0x0041, 0x0041, 0x0041,
	0x0041, 0x0041, 0x0041, 0x0041, 0x0041, 0x0041, 0x0041, 0x0041, 0x0041, 0x0041, 0x0041, 0x0041,
	0x0041, 0x0041, 0x0041, 0x0041, 0x0041, 0x0041, 0x0041, 0x0041, 0x0041, 0x0041, 0x0041, 0x0041,
	0x0041, 0x0041, 0x0041, 0x0041, 0x0041, 0x0041, 0x0041, 0x0041, 0x0041, 0x0041, 0x0041, 0x0041,
	0x0041, 0x0041, 0x0041, 0x0041, 0x0041, 0x0041, 0x0041, 0x0041, 0x0041, 0x0041, 0x0041, 0x0041,
	0x0041, 0x0041, 0x0041, 0x0041, 0x0041, 0x0041, 0x0041, 0x0041, 0x0041, 0x0041, 0x0041, 0x0041,
	0x0041, 0x0041, 0x0041, 0x0041, 0x0041, 0x0041, 0x0041, 0x0041, 0x0041, 0x0041, 0x0041, 0x0041,
	0x0041, 0x0041, 0x0041, 0x0041, 0x0041, 0x0041, 0x0041, 0x0861, 0xDF4E, 0xF7EF, 0xFFEF, 0xF7EF,
	0xF7F0, 0xF7EF, 0xFFF0, 0xF7EF, 0xFFEF, 0xFFEF, 0xFFEF, 0xFFEF, 0xFFEF, 0xFFEF, 0xFFEF, 0xFFEF,
	0xFFEF, 0xFFEF, 0xFFEF, 0xFFEF, 0xFFEF, 0xFFEF, 0xFFEF, 0xFFEF, 0xFFEF, 0xFFEF, 0xFFEF, 0xFFEF,
	0xFFEF, 0xFFEF, 0xFFEF, 0xFFEF, 0xFFEF, 0xFFEF, 0xFFEF, 0xFFEF, 0xFFEF, 0xFFEF, 0xFFEF, 0xFFEF,
	0xFFF0, 0xFFEF, 0xF7EF, 0xF7F0, 0x10A2, 0x0041, 0x0041, 0x0041, 0x0041, 0x0041, 0x0041, 0x0041,
	0x0041, 0x0041, 0x0041, 0x0041, 0x0041, 0x0041, 0x0041, 0x0041, 0x0041, 0x0041, 0x0041, 0x0041,
	0x0041, 0x0041, 0x0041, 0x0041, 0x0041, 0x52EB, 0x52EB, 0x0041, 0x0041, 0x0041, 0x0041, 0x0041,
	0x0041, 0x0041, 0x0041, 0x0041, 0x0041, 0x0041, 0x0041, 0x0041, 0x0041, 0x0041, 0x0041, 0x0041,
	0x0041, 0x0041, 0x0041, 0x0041, 0x0041, 0x0041, 0x0041, 0x0041, 0x0041, 0x0041, 0x0041, 0xA52B,
	0xF7EF, 0xFFEF, 0xFFEF, 0xFFEF, 0xFFEF, 0xFFEF, 0xFFEF, 0xFFEF, 0xFFEF, 0xFFEF, 0xFFEF, 0xFFEF,
	0xFFEF, 0xFFEF, 0xFFEF, 0xFFEF, 0xFFEF, 0xFFEF, 0xFFEF, 0xFFEF, 0xFFEF, 0xFFEF, 0xFFEF, 0xFFEF,
	0xFFEF, 0xFFEF, 0xFFEF, 0xFFEF, 0xFFEF, 0xFFEF, 0xFFEF, 0xFFEF, 0xFFEF, 0xFFEF, 0xFFEF, 0xFFEF,
	0xFFEF, 0xFFEF, 0xFFEF, 0xFFEF, 0xFFEF, 0xFFEF, 0x2143, 0x0041, 0x0041, 0x0041, 0x0041, 0x0041,
	0x0041, 0x0041, 0x0041, 0x0041, 0x0041, 0x0041, 0x0041, 0x0041, 0x0041, 0x0041, 0x0041, 0x0041,
	0x0041, 0x0041, 0x0041, 0x0041, 0x0041, 0x0041, 0x0041, 0x0041, 0x0041, 0x0041, 0x0041, 0x0041,
	0x0041, 0x0041, 0x0041, 0x0041, 0x0041, 0x0041, 0x0041, 0x0041, 0x0041, 0x0041, 0x0041, 0x0041,
	0x0041, 0x0041, 0x0041, 0x0041, 0x0041, 0x0041, 0x0041, 0x0041, 0x0041, 0x0041, 0x0041, 0x0041,
	0x0041, 0x0041, 0x0041, 0x0041, 0x0041, 0x0041, 0x0041, 0x0041, 0x0041, 0x0041, 0x0041, 0x0041,
	0x0041, 0x0041, 0x0041, 0x0041, 0x0041, 0x0041, 0x0041, 0x0041, 0x0041, 0x0041, 0x0041, 0x0041,
	0x0041, 0x0041, 0x0041, 0x0041, 0x0041, 0x0041, 0x0041, 0x0041, 0x0041, 0x0041, 0x0041, 0x0041,
	0x0041, 0x0041, 0x0041, 0x0041, 0x0041, 0x0041, 0x3A05, 0xF7EF, 0xFFEF, 0xFFEF, 0xF7EF, 0xFFEF,
	0xFFEF, 0xFFEF, 0xFFEF, 0xFFEF, 0xFFEF, 0xFFEF, 0xFFEF, 0xFFEF, 0xFFEF, 0xFFEF, 0xFFEF, 0xFFEF,
	0xFFEF, 0xFFEF, 0xFFEF, 0xFFEF, 0xFFEF, 0xFFEF, 0xFFEF, 0xFFEF, 0xFFEF, 0xFFEF, 0xFFEF, 0xFFEF,
	0xFFEF, 0xFFEF, 0xFFEF, 0xFFEF, 0xFFEF, 0xFFEF, 0xFFEF, 0xFFEF, 0xFFEF, 0xFFEF, 0xFFF0, 0xFFEF,
	0xFFF0, 0x73E9, 0x0041, 0x0041, 0x0041, 0x0041, 0x0041, 0x0041, 0x0041, 0x0041, 0x0041, 0x0041,
	0x0041, 0x0041, 0x0041, 0x0041, 0x0041, 0x0041, 0x0041, 0x0041, 0x0041, 0x0041, 0x0041, 0x0041,
	0x0041, 0x0041, 0x0041, 0x52EB, 0x52EB, 0x0041, 0x0041, 0x0041, 0x0041, 0x0041, 0x0041, 0x0041,
	0x0041, 0x0041, 0x0041, 0x0041, 0x0041, 0x0041, 0x0041, 0x0041, 0x0041, 0x0041, 0x0041, 0x0041,
	0x0041, 0x0041, 0x0041, 0x0041, 0x0041, 0x0041, 0x0041, 0x0041, 0x0041, 0x0861, 0xE74E, 0xFFEF,
	0xF7EF, 0xFFEF, 0xFFF0, 0xF7EF, 0xFFF0, 0xFFEF, 0xFFEF, 0xFFF0, 0xFFEF, 0xFFEF, 0xFFEF, 0xFFEF,
	0xFFEF, 0xFFEF, 0xFFEF, 0xFFEF, 0xFFEF, 0xFFEF, 0xFFEF, 0xFFEF, 0xFFEF, 0xFFEF, 0xFFEF, 0xFFEF,
	0xFFEF, 0xFFEF, 0xFFEF, 0xFFEF, 0xFFEF, 0xFFEF, 0xFFEF, 0xFFEF, 0xF7EF, 0xFFEF, 0xFFEF, 0xFFEF,
	0xFFEF, 0xF7EF, 0xF7F0, 0x8C8A, 0x0041, 0x0041, 0x0041, 0x0041, 0x0041, 0x0041, 0x0041, 0x0041,
	0x0041, 0x0041, 0x0041, 0x0041, 0x0041, 0x0041, 0x0041, 0x0041, 0x0041, 0x0041, 0x0041, 0x0041,
	0x0041, 0x0041, 0x0041, 0x0041, 0x0041, 0x0041, 0x0041, 0x0041, 0x0041, 0x0041, 0x0041, 0x0041,
	0x0041, 0x0041, 0x0041, 0x0041, 0x0041, 0x0041, 0x0041, 0x0041, 0x0041, 0x0041, 0x0041, 0x0041,
	0x0041, 0x0041, 0x0041, 0x0041, 0x0041, 0x0041, 0x0041, 0x0041, 0x0041, 0x0041, 0x0041, 0x0041,
	0x0041, 0x0041, 0x0041, 0x0041, 0x0041, 0x0041, 0x0041, 0x0041, 0x0041, 0x0041, 0x0041, 0x0041,
	0x0041, 0x0041, 0x0041, 0x0041, 0x0041, 0x0041, 0x0041, 0x0041, 0x0041, 0x0041, 0x0041, 0x0041,
	0x0041, 0x0041, 0x0041, 0x0041, 0x0041, 0x0041, 0x0041, 0x0041, 0x0041, 0x0041, 0x0041, 0x0041,
	0x0041, 0x0041, 0x0041, 0x0041, 0x0041, 0x8C8A, 0xF7EF, 0xF7F0, 0xF7EF, 0xFFEF, 0xFFEF, 0xFFEF,
	0xFFEF, 0xF7EF, 0xF7EF, 0xFFF0, 0xFFEF, 0xF7EF, 0xFFEF, 0xFFEF, 0xFFEF, 0xFFEF, 0xFFEF, 0xFFEF,
	0xFFEF, 0xFFEF, 0xFFEF, 0xFFEF, 0xFFEF, 0xFFEF, 0xFFEF, 0xFFEF, 0xFFEF, 0xFFEF, 0xFFEF, 0xFFEF,
	0xFFEF, 0xF7F0, 0xFFEF, 0xFFEF, 0xFFEF, 0xFFF0, 0xF7EF, 0xFFEF, 0xF7EF, 0xFFEF, 0xDF2E, 0x0861,
	0x0041, 0x0041, 0x0041, 0x0041, 0x0041, 0x0041, 0x0041, 0x0041, 0x0041, 0x0041, 0x0041, 0x0041,
	0x0041, 0x0041, 0x0041, 0x0041, 0x0041, 0x0041, 0x0041, 0x0041, 0x0041, 0x0041, 0x0041, 0x0041,
	0x0041, 0x52EB, 0x52EB, 0x0041, 0x0041, 0x0041, 0x0041, 0x0041, 0x0041, 0x0041, 0x0041, 0x0041,
	0x0041, 0x0041, 0x0041, 0x0041, 0x0041, 0x0041, 0x0041, 0x0041, 0x0041, 0x0041, 0x0041, 0x0041,
	0x0041, 0x0041, 0x0041, 0x0041, 0x0041, 0x0041, 0x0041, 0x0041, 0x2143, 0xF7F0, 0xFFF0, 0xFFF0,
	0xFFF0, 0xFFF0, 0xFFF0, 0xFFEF, 0xFFF0, 0xFFF0, 0xFFEF, 0xFFEF, 0xFFEF, 0xFFEF, 0xFFEF, 0xFFEF,
	0xFFEF, 0xFFEF, 0xFFEF, 0xFFEF, 0xFFEF, 0xFFEF, 0xFFEF, 0xFFEF, 0xFFEF, 0xFFEF, 0xFFEF, 0xFFEF,
	0xFFEF, 0xFFEF, 0xFFEF, 0xFFEF, 0xFFEF, 0xFFEF, 0xFFEF, 0xF7F0, 0xFFEF, 0xFFF0, 0xFFEF, 0xFFEF,
	0xDF4E, 0x0861, 0x0041, 0x0041, 0x0041, 0x0041, 0x0041, 0x0041, 0x0041, 0x0041, 0x0041, 0x0041,
	0x0041, 0x0041, 0x0041, 0x0041, 0x0041, 0x0041, 0x0041, 0x0041, 0x0041, 0x0041, 0x0041, 0x0041,
	0x0041, 0x0041, 0x0041, 0x0041, 0x0041, 0x0041, 0x0041, 0x0041, 0x0041, 0x0041, 0x0041, 0x0041,
	0x0041, 0x0041, 0x0041, 0x0041, 0x0041, 0x0041, 0x0041, 0x0041, 0x0041, 0x0041, 0x0041, 0x0041,
	0x0041, 0x0041, 0x0041, 0x0041, 0x0041, 0x0041, 0x0041, 0x0041, 0x0041, 0x0041, 0x0041, 0x0041,
	0x0041, 0x0041, 0x0041, 0x0041, 0x0041, 0x0041, 0x0041, 0x0041, 0x0041, 0x0041, 0x0041, 0x0041,
	0x0041, 0x0041, 0x0041, 0x0041, 0x0041, 0x0041, 0x0041, 0x0041, 0x0041, 0x0041, 0x0041, 0x0041,
	0x0041, 0x0041, 0x0041, 0x0041, 0x0041, 0x0041, 0x0041, 0x0041, 0x0041, 0x0041, 0x0041, 0x0041,
	0x0041, 0x0041, 0x0041, 0x0861, 0xB5CC, 0xFFEF, 0xFFF0, 0xFFF0, 0xFFEF, 0xF7F0, 0xFFEF, 0xFFF0,
	0xF7EF, 0xFFEF, 0xFFEF, 0xF7F0, 0xF7EF, 0xFFEF, 0xFFEF, 0xFFEF, 0xFFEF, 0xFFEF, 0xFFEF, 0xFFEF,
	0xFFEF, 0xFFEF, 0xFFEF, 0xFFEF, 0xFFEF, 0xFFEF, 0xFFEF, 0xFFEF, 0xFFEF, 0xFFEF, 0xFFEF, 0xFFEF,
	0xF7EF, 0xF7EF, 0xFFF0, 0xF7EF, 0xF7EF, 0xFFEF, 0xFFF0, 0xFFF0, 0x3A05, 0x0041, 0x0041, 0x0041,
	0x0041, 0x0041, 0x0041, 0x0041, 0x0041, 0x0041, 0x0041, 0x0041, 0x0041, 0x0041, 0x0041, 0x0041,
	0x0041, 0x0041, 0x0041, 0x0041, 0x0041, 0x0041, 0x0041, 0x0041, 0x0041, 0x0041, 0x0041, 0x52EB,
	0x52EB, 0x0041, 0x0041, 0x0041, 0x0041, 0x0041, 0x0041, 0x0041, 0x0041, 0x0041, 0x0041, 0x0041,
	0x0041, 0x0041, 0x0041, 0x0041, 0x0041, 0x0041, 0x0041, 0x0041, 0x0041, 0x0041, 0x0041, 0x0041,
	0x0041, 0x0041, 0x0041, 0x0041, 0x0041, 0x0041, 0x0041, 0x3A05, 0xFFF0, 0xF7EF, 0xF7EF, 0xFFEF,
	0xFFF0, 0xFFEF, 0xF7EF, 0xFFEF, 0xFFEF, 0xFFEF, 0xFFEF, 0xFFEF, 0xFFEF, 0xFFEF, 0xFFEF, 0xFFEF,
	0xFFEF, 0xFFEF, 0xFFEF, 0xFFEF, 0xFFEF, 0xFFEF, 0xFFEF, 0xFFEF, 0xFFEF, 0xFFEF, 0xFFEF, 0xFFEF,
	0xFFEF, 0xFFEF, 0xFFEF, 0xFFEF, 0xFFEF, 0xF7EF, 0xFFF0, 0xFFEF, 0xF7EF, 0xF7EF, 0x2143, 0x0041,
	0x0041, 0x0041, 0x0041, 0x0041, 0x0041, 0x0041, 0x0041, 0x0041, 0x0041, 0x0041, 0x0041, 0x0041,
	0x0041, 0x0041, 0x0041, 0x0041, 0x0041, 0x0041, 0x0041, 0x0041, 0x0041, 0x0041, 0x0041, 0x0041,
	0x0041, 0x0041, 0x0041, 0x0041, 0x0041, 0x0041, 0x0041, 0x0041, 0x0041, 0x0041, 0x0041, 0x0041,
	0x0041, 0x0041, 0x0041, 0x0041, 0x0041, 0x0041, 0x0041, 0x0041, 0x0041, 0x0041, 0x0041, 0x0041,
	0x0041, 0x0041, 0x0041, 0x0041, 0x0041, 0x0041, 0x0041, 0x0041, 0x0041, 0x0041, 0x0041, 0x0041,
	0x0041, 0x0041, 0x0041, 0x0041, 0x0041, 0x0041, 0x0041, 0x0041, 0x0041, 0x0041, 0x0041, 0x0041,
	0x0041, 0x0041, 0x0041, 0x0041, 0x0041, 0x0041, 0x0041, 0x0041, 0x0041, 0x0041, 0x0041, 0x0041,
	0x0041, 0x0041, 0x0041, 0x0041, 0x0041, 0x0041, 0x0041, 0x0041, 0x0041, 0x0041, 0x0041, 0x0041,
	0x0041, 0x0041, 0x10A2, 0xDF4E, 0xFFEF, 0xFFEF, 0xFFEF, 0xF7F0, 0xFFEF, 0xF7EF, 0xFFEF, 0xFFF0,
	0xFFEF, 0xF7EF, 0xF7EF, 0xFFF0, 0xFFEF, 0xFFEF, 0xFFEF, 0xFFEF, 0xFFEF, 0xFFEF, 0xFFEF, 0xFFEF,
	0xFFEF, 0xFFEF, 0xFFEF, 0xFFEF, 0xFFEF, 0xFFEF, 0xFFEF, 0xFFEF, 0xF7F0, 0xF7F0, 0xFFEF, 0xF7EF,
	0xFFEF, 0xF7F0, 0xFFEF, 0xF7EF, 0xF7F0, 0x73E9, 0x0041, 0x0041, 0x0041, 0x0041, 0x0041, 0x0041,
	0x0041, 0x0041, 0x0041, 0x0041, 0x0041, 0x0041, 0x0041, 0x0041, 0x0041, 0x0041, 0x0041, 0x0041,
	0x0041, 0x0041, 0x0041, 0x0041, 0x0041, 0x0041, 0x0041, 0x0041, 0x0041, 0x52EB, 0x52EB, 0x0041,
	0x0041, 0x0041, 0x0041, 0x0041, 0x0041, 0x0041, 0x0041, 0x0041, 0x0041, 0x0041, 0x0041, 0x0041,
	0x0041, 0x0041, 0x0041, 0x0041, 0x0041, 0x0041, 0x0041, 0x0041, 0x0041, 0x0041, 0x0041, 0x0041,
	0x0041, 0x0041, 0x0041, 0x0041, 0x0041, 0x0041, 0x3A05, 0xF7EF, 0xFFF0, 0xFFEF, 0xF7F0, 0xF7EF,
	0xFFEF, 0xF7F0, 0xFFEF, 0xFFEF, 0xFFEF, 0xFFEF, 0xFFEF, 0xFFEF, 0xFFEF, 0xFFEF, 0xFFEF, 0xFFEF,
	0xFFEF, 0xFFEF, 0xFFEF, 0xFFEF, 0xFFEF, 0xFFEF, 0xFFEF, 0xFFEF, 0xFFEF, 0xFFEF, 0xFFEF, 0xFFEF,
	0xFFEF, 0xFFEF, 0xFFEF, 0xFFF0, 0xF7EF, 0xF7EF, 0xFFEF, 0x3A05, 0x0041, 0x0041, 0x0041, 0x0041,
	0x0041, 0x0041, 0x0041, 0x0041, 0x0041, 0x0041, 0x0041, 0x0041, 0x0041, 0x0041, 0x0041, 0x0041,
	0x0041, 0x0041, 0x0041, 0x0041, 0x0041, 0x0041, 0x0041, 0x0041, 0x0041, 0x0041, 0x0041, 0x0041,
	0x0041, 0x0041, 0x0041, 0x0041, 0x0041, 0x0041, 0x0041, 0x0041, 0x0041, 0x0041, 0x0041, 0x0041,
	0x0041, 0x0041, 0x0041, 0x0041, 0x0041, 0x0041, 0x0041, 0x0041, 0x0041, 0x0041, 0x0041, 0x0041,
	0x0041, 0x0041, 0x0041, 0x0041, 0x0041, 0x0041, 0x0041, 0x0041, 0x0041, 0x0041, 0x0041, 0x0041,
	0x0041, 0x0041, 0x0041, 0x0041, 0x0041, 0x0041, 0x0041, 0x0041, 0x0041, 0x0041, 0x0041, 0x0041,
	0x0041, 0x0041, 0x0041, 0x0041, 0x0041, 0x0041, 0x0041, 0x0041, 0x0041, 0x0041, 0x0041, 0x0041,
	0x0041, 0x0041, 0x0041, 0x0041, 0x0041, 0x0041, 0x0041, 0x0041, 0x0041, 0x0041, 0x0041, 0x0041,
	0x0041, 0x18E3, 0xE74E, 0xFFEF, 0xFFEF, 0xFFF0, 0xF7EF, 0xF7F0, 0xFFEF, 0xFFEF, 0xFFEF, 0xF7EF,
	0xFFEF, 0xF7EF, 0xFFEF, 0xFFEF, 0xFFEF, 0xFFEF, 0xFFEF, 0xFFEF, 0xFFEF, 0xFFEF, 0xFFEF, 0xFFEF,
	0xFFEF, 0xFFEF, 0xFFEF, 0xFFEF, 0xFFEF, 0xFFEF, 0xFFF0, 0xF7EF, 0xF7EF, 0xF7EF, 0xFFEF, 0xFFEF,
	0xF7EF, 0xFFF0, 0x73E9, 0x0041, 0x0041, 0x0041, 0x0041, 0x0041, 0x0041, 0x0041, 0x0041, 0x0041,
	0x0041, 0x0041, 0x0041, 0x0041, 0x0041, 0x0041, 0x0041, 0x0041, 0x0041, 0x0041, 0x0041, 0x0041,
	0x0041, 0x0041, 0x0041, 0x0041, 0x0041, 0x0041, 0x0041, 0x52EB, 0x52EB, 0x0041, 0x0041, 0x0041,
	0x0041, 0x0041, 0x0041, 0x0041, 0x0041, 0x0041, 0x0041, 0x0041, 0x0041, 0x0041, 0x0041, 0x0041,
	0x0041, 0x0041, 0x0041, 0x0041, 0x0041, 0x0041, 0x0041, 0x0041, 0x0041, 0x0041, 0x0041, 0x0041,
	0x0041, 0x0041, 0x0041, 0x0041, 0x0041, 0x3A05, 0xFFEF, 0xF7EF, 0xF7EF, 0xF7EF, 0xFFEF, 0xFFF0,
	0xFFEF, 0xFFEF, 0xFFEF, 0xFFEF, 0xFFEF, 0xFFEF, 0xFFEF, 0xFFEF, 0xFFEF, 0xFFEF, 0xFFEF, 0xFFEF,
	0xFFEF, 0xFFEF, 0xFFEF, 0xFFEF, 0xFFEF, 0xFFEF, 0xFFEF, 0xFFEF, 0xFFEF, 0xFFEF, 0xFFEF, 0xFFEF,
	0xFFF0, 0xFFEF, 0xFFF0, 0xFFEF, 0x3A05, 0x0041, 0x0041, 0x0041, 0x0041, 0x0041, 0x0041, 0x0041,
	0x0041, 0x0041, 0x0041, 0x0041, 0x0041, 0x0041, 0x0041, 0x0041, 0x0041, 0x0041, 0x0041, 0x0041,
	0x0041, 0x0041, 0x0041, 0x0041, 0x0041, 0x0041, 0x0041, 0x0041, 0x0041, 0x0041, 0x0041, 0x0041,
	0x0041, 0x0041, 0x0041, 0x0041, 0x0041, 0x0041, 0x0041, 0x0041, 0x0041, 0x0041, 0x0041, 0x0041,
	0x0041, 0x0041, 0x0041, 0x0041, 0x0041, 0x0041, 0x0041, 0x0041, 0x0041, 0x0041, 0x0041, 0x0041,
	0x0041, 0x0041, 0x0041, 0x0041, 0x0041, 0x0041, 0x0041, 0x0041, 0x0041, 0x0041, 0x0041, 0x0041,
	0x0041, 0x0041, 0x0041, 0x0041, 0x0041, 0x0041, 0x0041, 0x0041, 0x0041, 0x0041, 0x0041, 0x0041,
	0x0041, 0x0041, 0x0041, 0x0041, 0x0041, 0x0041, 0x0041, 0x0041, 0x0041, 0x0041, 0x0041, 0x0041,
	0x0041, 0x0041, 0x0041, 0x0041, 0x0041, 0x0041, 0x0041, 0x0041, 0x0041, 0x0041, 0x0041, 0x0041,
	0x18E3, 0xB5CC, 0xFFEF, 0xFFEF, 0xFFEF, 0xF7EF, 0xFFF0, 0xF7EF, 0xFFF0, 0xFFF0, 0xFFEF, 0xF7F0,
	0xFFEF, 0xFFEF, 0xFFEF, 0xFFEF, 0xFFEF, 0xFFEF, 0xFFEF, 0xFFEF, 0xFFEF, 0xFFEF, 0xFFEF, 0xFFEF,
	0xFFEF, 0xFFEF, 0xFFEF, 0xFFEF, 0xFFEF, 0xF7F0, 0xFFF0, 0xF7EF, 0xFFF0, 0xFFF0, 0xFFEF, 0x7409,
	0x0041, 0x0041, 0x0041, 0x0041, 0x0041, 0x0041, 0x0041, 0x0041, 0x0041, 0x0041, 0x0041, 0x0041,
	0x0041, 0x0041, 0x0041, 0x0041, 0x0041, 0x0041, 0x0041, 0x0041, 0x0041, 0x0041, 0x0041, 0x0041,
	0x0041, 0x0041, 0x0041, 0x0041, 0x0041, 0x52EB, 0x52EB, 0x0041, 0x0041, 0x0041, 0x0041, 0x0041,
	0x0041, 0x0041, 0x0041, 0x0041, 0x0041, 0x0041, 0x0041, 0x0041, 0x0041, 0x0041, 0x0041, 0x0041,
	0x0041, 0x0041, 0x0041, 0x0041, 0x0041, 0x0041, 0x0041, 0x0041, 0x0041, 0x0041, 0x0041, 0x0041,
	0x0041, 0x0041, 0x0041, 0x0041, 0x2144, 0xE72E, 0xFFF0, 0xFFEF, 0xFFEF, 0xFFF0, 0xFFEF, 0xFFEF,
	0xFFEF, 0xFFEF, 0xFFEF, 0xFFEF, 0xFFEF, 0xFFEF, 0xFFEF, 0xFFEF, 0xFFEF, 0xFFEF, 0xFFEF, 0xFFEF,
	0xFFEF, 0xFFEF, 0xFFEF, 0xFFEF, 0xFFEF, 0xFFEF, 0xFFEF, 0xFFEF, 0xFFEF, 0xFFEF, 0xFFEF, 0xFFEF,
	0xDF2E, 0x3A05, 0x0041, 0x0041, 0x0041, 0x0041, 0x0041, 0x0041, 0x0041, 0x0041, 0x0041, 0x0041,
	0x0041, 0x0041, 0x0041, 0x0041, 0x0041, 0x0041, 0x0041, 0x0041, 0x0041, 0x0041, 0x0041, 0x0041,
	0x0041, 0x0041, 0x0041, 0x0041, 0x0041, 0x0041, 0x0041, 0x0041, 0x0041, 0x0041, 0x0041, 0x0041,
	0x0041, 0x0041, 0x0041, 0x0041, 0x0041, 0x0041, 0x0041, 0x0041, 0x0041, 0x0041, 0x0041, 0x0041,
	0x0041, 0x0041, 0x0041, 0x0041, 0x0041, 0x0041, 0x0041, 0x0041, 0x0041, 0x0041, 0x0041, 0x0041,
	0x0041, 0x0041, 0x0041, 0x0041, 0x0041, 0x0041, 0x0041, 0x0041, 0x0041, 0x0041, 0x0041, 0x0041,
	0x0041, 0x0041, 0x0041, 0x0041, 0x0041, 0x0041, 0x0041, 0x0041, 0x0041, 0x0041, 0x0041, 0x0041,
	0x0041, 0x0041, 0x0041, 0x0041, 0x0041, 0x0041, 0x0041, 0x0041, 0x0041, 0x0041, 0x0041, 0x0041,
	0x0041, 0x0041, 0x0041, 0x0041, 0x0041, 0x0041, 0x0041, 0x0041, 0x0041, 0x0041, 0x0041, 0x0861,
	0xB5CC, 0xF7EF, 0xFFEF, 0xFFEF, 0xFFEF, 0xF7EF, 0xF7EF, 0xFFEF, 0xFFF0, 0xFFEF, 0xFFEF, 0xFFEF,
	0xFFEF, 0xFFEF, 0xFFEF, 0xFFEF, 0xFFEF, 0xFFEF, 0xFFEF, 0xFFEF, 0xFFEF, 0xFFEF, 0xFFEF, 0xFFEF,
	0xFFEF, 0xFFEF, 0xFFEF, 0xFFF0, 0xFFEF, 0xFFEF, 0xFFEF, 0xFFEF, 0x73E9, 0x0041, 0x0041, 0x0041,
	0x0041, 0x0041, 0x0041, 0x0041, 0x0041, 0x0041, 0x0041, 0x0041, 0x0041, 0x0041, 0x0041, 0x0041,
	0x0041, 0x0041, 0x0041, 0x0041, 0x0041, 0x0041, 0x0041, 0x0041, 0x0041, 0x0041, 0x0041, 0x0041,
	0x0041, 0x0041, 0x0041, 0x52EB, 0x52EB, 0x0041, 0x0041, 0x0041, 0x0041, 0x0041, 0x0041, 0x0041,
	0x0041, 0x0041, 0x0041, 0x0041, 0x0041, 0x0041, 0x0041, 0x0041, 0x0041, 0x0041, 0x0041, 0x0041,
	0x0041, 0x0041, 0x0041, 0x0041, 0x0041, 0x0041, 0x0041, 0x0041, 0x0041, 0x0021, 0x0041, 0x0041,
	0x0041, 0x0041, 0x0021, 0x1903, 0xB5CC, 0xF7EF, 0xF7EF, 0xFFEF, 0xFFEF, 0xFFEF, 0xFFEF, 0xFFEF,
	0xFFEF, 0xFFEF, 0xFFEF, 0xFFEF, 0xFFEF, 0xFFEF, 0xFFEF, 0xFFEF, 0xFFEF, 0xFFEF, 0xFFEF, 0xFFEF,
	0xFFEF, 0xFFEF, 0xFFEF, 0xFFEF, 0xFFEF, 0xFFEF, 0xFFEF, 0xFFEF, 0xF7F0, 0xE74E, 0x18E3, 0x0041,
	0x0041, 0x0041, 0x0041, 0x0041, 0x0041, 0x0041, 0x0041, 0x0041, 0x0041, 0x0041, 0x0041, 0x0041,
	0x0041, 0x0041, 0x0041, 0x0041, 0x0041, 0x0041, 0x0041, 0x0041, 0x0041, 0x0041, 0x0041, 0x0041,
	0x0041, 0x0041, 0x0041, 0x0041, 0x0041, 0x0041, 0x0041, 0x0041, 0x0041, 0x0041, 0x0041, 0x0041,
	0x0041, 0x0041, 0x0041, 0x0041, 0x0041, 0x0041, 0x0041, 0x0041, 0x0041, 0x0041, 0x0041, 0x0041,
	0x0041, 0x0041, 0x0041, 0x0041, 0x0041, 0x0041, 0x0041, 0x0041, 0x0041, 0x0041, 0x0041, 0x0041,
	0x0041, 0x0041, 0x0041, 0x0041, 0x0041, 0x0041, 0x0041, 0x0041, 0x0041, 0x0041, 0x0041, 0x0041,
	0x0041, 0x0041, 0x0041, 0x0041, 0x0041, 0x0041, 0x0041, 0x0041, 0x0041, 0x0041, 0x0041, 0x0041,
	0x0041, 0x0041, 0x0041, 0x0041, 0x0041, 0x0041, 0x0041, 0x0041, 0x0041, 0x0041, 0x0041, 0x0041,
	0x0041, 0x0041, 0x0041, 0x0041, 0x0041, 0x0041, 0x0041, 0x0041, 0x0041, 0x0041, 0x0041, 0x73E9,
	0xF7EF, 0xF7EF, 0xFFF0, 0xFFEF, 0xF7EF, 0xFFEF, 0xFFF0, 0xFFEF, 0xFFEF, 0xFFEF, 0xFFEF, 0xFFEF,
	0xFFEF, 0xFFEF, 0xFFEF, 0xFFEF, 0xFFEF, 0xFFEF, 0xFFEF, 0xFFEF, 0xFFEF, 0xFFEF, 0xFFEF, 0xFFEF,
	0xF7EF, 0xFFEF, 0xF7EF, 0xFFEF, 0xFFF0, 0x4A66, 0x0041, 0x0041, 0x0041, 0x0041, 0x0041, 0x0041,
	0x0041, 0x0041, 0x0041, 0x0041, 0x0041, 0x0041, 0x0041, 0x0041, 0x0041, 0x0041, 0x0041, 0x0041,
	0x0041, 0x0041, 0x0041, 0x0041, 0x0041, 0x0041, 0x0041, 0x0041, 0x0041, 0x0041, 0x0041, 0x0041,
	0x0041, 0x52EB, 0x52EB, 0x0041, 0x0041, 0x0041, 0x0041, 0x0041, 0x0041, 0x0041, 0x0041, 0x0041,
	0x0041, 0x0041, 0x0041, 0x0041, 0x0041, 0x0041, 0x0041, 0x0041, 0x0041, 0x0041, 0x0041, 0x0041,
	0x0041, 0x0041, 0x0041, 0x0041, 0x0041, 0x0041, 0x0041, 0x0041, 0x0041, 0x0041, 0x0041, 0x0041,
	0x0041, 0x0041, 0x0861, 0x7BE9, 0xFFEF, 0xFFEF, 0xFFEF, 0xFFEF, 0xFFEF, 0xFFEF, 0xFFEF, 0xFFEF,
	0xFFEF, 0xFFEF, 0xFFEF, 0xFFEF, 0xFFEF, 0xFFEF, 0xFFEF, 0xFFEF, 0xFFEF, 0xFFEF, 0xFFEF, 0xFFEF,
	0xFFEF, 0xFFEF, 0xFFEF, 0xFFEF, 0xFFEF, 0xFFEF, 0x9D2B, 0x0861, 0x0041, 0x0041, 0x0041, 0x0041,
	0x0041, 0x0041, 0x0041, 0x0041, 0x0041, 0x0041, 0x0041, 0x0041, 0x0041, 0x0041, 0x0041, 0x0041,
	0x0041, 0x0041, 0x0041, 0x0041, 0x0041, 0x0041, 0x0041, 0x0041, 0x0041, 0x0041, 0x0041, 0x0041,
	0x0041, 0x0041, 0x0041, 0x0041, 0x0041, 0x0041, 0x0041, 0x0041, 0x0041, 0x0041, 0x0041, 0x0041,
	0x0041, 0x0041, 0x0041, 0x0041, 0x0041, 0x0041, 0x0041, 0x0041, 0x0041, 0x0041, 0x0041, 0x0041,
	0x0041, 0x0041, 0x0041, 0x0041, 0x0041, 0x0041, 0x0041, 0x0041, 0x0041, 0x0041, 0x0041, 0x0041,
	0x0041, 0x0041, 0x0041, 0x0041, 0x0041, 0x0041, 0x0041, 0x0041, 0x0041, 0x0041, 0x0041, 0x0041,
	0x0041, 0x0041, 0x0041, 0x0041, 0x0041, 0x0041, 0x0041, 0x0041, 0x0041, 0x0041, 0x0041, 0x0041,
	0x0041, 0x0041, 0x0041, 0x0041, 0x0041, 0x0041, 0x0041, 0x0041, 0x0041, 0x0041, 0x0041, 0x0041,
	0x0041, 0x0041, 0x0041, 0x0041, 0x0041, 0x0041, 0x0041, 0x0041, 0x0041, 0x0041, 0x3A05, 0xDF4E,
	0xFFEF, 0xFFF0, 0xF7EF, 0xFFF0, 0xF7EF, 0xFFEF, 0xFFEF, 0xFFEF, 0xFFEF, 0xFFEF, 0xFFEF, 0xFFEF,
	0xFFEF, 0xFFEF, 0xFFEF, 0xFFEF, 0xFFEF, 0xFFEF, 0xFFEF, 0xFFEF, 0xFFEF, 0xFFEF, 0xFFF0, 0xF7EF,
	0xFFF0, 0xDF4E, 0x2143, 0x0041, 0x0041, 0x0041, 0x0041, 0x0041, 0x0041, 0x0041, 0x0041, 0x0041,
	0x0041, 0x0041, 0x0041, 0x0041, 0x0041, 0x0041, 0x0041, 0x0041, 0x0041, 0x0041, 0x0041, 0x0041,
	0x0041, 0x0041, 0x0041, 0x0041, 0x0041, 0x0041, 0x0041, 0x0041, 0x0041, 0x0041, 0x0041, 0x52EB,
	0x52EB, 0x0041, 0x0041, 0x0041, 0x0041, 0x0041, 0x0041, 0x0041, 0x0041, 0x0041, 0x0041, 0x0041,
	0x0041, 0x0041, 0x0041, 0x0041, 0x0041, 0x0041, 0x0041, 0x0041, 0x0041, 0x0041, 0x0041, 0x0041,
	0x0041, 0x0041, 0x0041, 0x0041, 0x0041, 0x0041, 0x0041, 0x0041, 0x0041, 0x0041, 0x0041, 0x0041,
	0x0041, 0x0041, 0x3A05, 0xDF2E, 0xFFEF, 0xFFEF, 0xFFF0, 0xF7EF, 0xFFF0, 0xFFEF, 0xFFEF, 0xF7F0,
	0xFFEF, 0xFFEF, 0xFFF0, 0xFFEF, 0xFFEF, 0xFFEF, 0xF7EF, 0xF7F0, 0xFFF0, 0xFFEF, 0xFFF0, 0xFFF0,
	0xF7EF, 0xFFEF, 0xF7EF, 0x52E7, 0x0041, 0x0041, 0x0041, 0x0041, 0x0041, 0x0041, 0x0041, 0x0041,
	0x0041, 0x0041, 0x0041, 0x0041, 0x0041, 0x0041, 0x0041, 0x0041, 0x0041, 0x0041, 0x0041, 0x0041,
	0x0041, 0x0041, 0x0041, 0x0041, 0x0041, 0x0041, 0x0041, 0x0041, 0x0041, 0x0041, 0x0041, 0x0041,
	0x0041, 0x0041, 0x0041, 0x0041, 0x0041, 0x0041, 0x0041, 0x0041, 0x0041, 0x0041, 0x0041, 0x0041,
	0x0041, 0x0041, 0x0041, 0x0041, 0x0041, 0x0041, 0x0041, 0x0041, 0x0041, 0x0041, 0x0041, 0x0041,
	0x0041, 0x0041, 0x0041, 0x0041, 0x0041, 0x0041, 0x0041, 0x0041, 0x0041, 0x0041, 0x0041, 0x0041,
	0x0041, 0x0041, 0x0041, 0x0041, 0x0041, 0x0041, 0x0041, 0x0041, 0x0041, 0x0041, 0x0041, 0x0041,
	0x0041, 0x0041, 0x0041, 0x0041, 0x0041, 0x0041, 0x0041, 0x0041, 0x0041, 0x0041, 0x0041, 0x0041,
	0x0041, 0x0041, 0x0041, 0x0041, 0x0041, 0x0041, 0x0041, 0x0041, 0x0041, 0x0041, 0x0041, 0x0041,
	0x0041, 0x0041, 0x0041, 0x0041, 0x0041, 0x0041, 0x0041, 0x0041, 0x0041, 0x18E3, 0xB5CC, 0xF7EF,
	0xFFF0, 0xFFEF, 0xFFF0, 0xF7EF, 0xFFEF, 0xFFF0, 0xFFEF, 0xFFF0, 0xFFEF, 0xFFEF, 0xFFF0, 0xFFF0,
	0xFFF0, 0xF7F0, 0xF7EF, 0xFFEF, 0xFFEF, 0xFFEF, 0xF7EF, 0xF7EF, 0xFFEF, 0xFFEF, 0x8C8A, 0x0861,
	0x0041, 0x0041, 0x0041, 0x0041, 0x0041, 0x0041, 0x0041, 0x0041, 0x0041, 0x0041, 0x0041, 0x0041,
	0x0041, 0x0041, 0x0041, 0x0041, 0x0041, 0x0041, 0x0041, 0x0041, 0x0041, 0x0041, 0x0041, 0x0041,
	0x0041, 0x0041, 0x0041, 0x0041, 0x0041, 0x0041, 0x0041, 0x0041, 0x0041, 0x52EB, 0x52EB, 0x0041,
	0x0041, 0x0041, 0x0041, 0x0041, 0x0041, 0x0041, 0x0041, 0x0041, 0x0041, 0x0041, 0x0041, 0x0041,
	0x0041, 0x0041, 0x0041, 0x0041, 0x0041, 0x0041, 0x0041, 0x0041, 0x0041, 0x0041, 0x0041, 0x0041,
	0x0041, 0x18E3, 0x52E7, 0x9D2B, 0xA52B, 0x9D2B, 0x9D2B, 0x9D2B, 0x9D2B, 0x18E2, 0x0041, 0x0041,
	0x0041, 0x10A2, 0x9D2B, 0xF7EF, 0xF7EF, 0xFFF0, 0xFFEF, 0xF7EF, 0xFFEF, 0xFFEF, 0xFFF0, 0xFFEF,
	0xF7EF, 0xF7EF, 0xFFEF, 0xFFF0, 0xFFF0, 0xFFEF, 0xFFEF, 0xF7F0, 0xFFF0, 0xFFEF, 0xFFEF, 0xB5CC,
	0x18E3, 0x0041, 0x0041, 0x0041, 0x3A05, 0x9D2B, 0x9D2B, 0x9D2B, 0x9D2B, 0x9D2B, 0x8C8A, 0x4A66,
	0x10A2, 0x0041, 0x0041, 0x0041, 0x0041, 0x0041, 0x0041, 0x0041, 0x0041, 0x0041, 0x0041, 0x0041,
	0x0041, 0x0041, 0x0041, 0x0041, 0x0041, 0x0041, 0x0041, 0x0041, 0x0041, 0x0041, 0x0041, 0x0041,
	0x0041, 0x0041, 0x0041, 0x0041, 0x0041, 0x0041, 0x0041, 0x0041, 0x0041, 0x0041, 0x0041, 0x0041,
	0x0041, 0x0041, 0x0041, 0x0041, 0x0041, 0x0041, 0x0041, 0x0041, 0x0041, 0x0041, 0x0041, 0x0041,
	0x0041, 0x0041, 0x0041, 0x0041, 0x0041, 0x0041, 0x0041, 0x0041, 0x0041, 0x0041, 0x0041, 0x0041,
	0x0041, 0x0041, 0x0041, 0x0041, 0x0041, 0x0041, 0x0041, 0x0041, 0x0041, 0x0041, 0x0041, 0x0041,
	0x0041, 0x0041, 0x0041, 0x0041, 0x0041, 0x0041, 0x0041, 0x0041, 0x0041, 0x0041, 0x0041, 0x0041,
	0x0041, 0x0041, 0x0041, 0x0041, 0x0041, 0x0041, 0x0041, 0x0041, 0x10A2, 0x4A66, 0x73E9, 0x9D2B,
	0x9D2B, 0x9D2B, 0x9D2B, 0x9D2B, 0x4266, 0x0041, 0x0041, 0x0041, 0x0041, 0x52E7, 0xF7F0, 0xF7EF,
	0xFFEF, 0xFFEF, 0xFFEF, 0xF7F0, 0xF7EF, 0xFFEF, 0xFFEF, 0xF7EF, 0xFFEF, 0xFFEF, 0xFFEF, 0xFFEF,
	0xF7EF, 0xFFEF, 0xFFEF, 0xFFEF, 0xF7EF, 0xFFEF, 0xE72E, 0x3A05, 0x0041, 0x0041, 0x0041, 0x10A2,
	0x8C89, 0x9D2B, 0x9D2B, 0x9D2B, 0x9D2B, 0x9D2B, 0x52E7, 0x29A4, 0x0041, 0x0041, 0x0041, 0x0041,
	0x0041, 0x0041, 0x0041, 0x0041, 0x0041, 0x0041, 0x0041, 0x0041, 0x0041, 0x0041, 0x0041, 0x0041,
	0x0041, 0x0041, 0x0041, 0x0041, 0x0041, 0x0041, 0x0041, 0x52EB, 0x52EB, 0x0041, 0x0041, 0x0041,
	0x0041, 0x0041, 0x0041, 0x0041, 0x0041, 0x0041, 0x0041, 0x0041, 0x0041, 0x0041, 0x0041, 0x0041,
	0x0041, 0x0041, 0x0041, 0x0041, 0x0041, 0x0041, 0x0041, 0x0041, 0x0041, 0x2143, 0x9D2B, 0xFFEF,
	0xFFEF, 0xF7EF, 0xF7EF, 0xF7EF, 0xF7EF, 0xFFEF, 0xFFF0, 0xE74E, 0x3A05, 0x0041, 0x0041, 0x0041,
	0x0041, 0x2984, 0xDF4E, 0xFFEF, 0xF7EF, 0xFFF0, 0xFFEF, 0xFFF0, 0xF7EF, 0xFFF0, 0xFFEF, 0xFFEF,
	0xF7EF, 0xFFEF, 0xF7EF, 0xF7EF, 0xF7EF, 0xFFF0, 0xFFEF, 0xDF4E, 0x4A66, 0x0041, 0x0041, 0x0041,
	0x0041, 0x4A66, 0xFFF0, 0xF7EF, 0xFFEF, 0xFFEF, 0xFFEF, 0xFFEF, 0xF7EF, 0xF7F0, 0xF7F0, 0x9D2B,
	0x18E3, 0x0041, 0x0041, 0x0041, 0x0041, 0x0041, 0x0041, 0x0041, 0x0041, 0x0041, 0x0041, 0x0041,
	0x0041, 0x0041, 0x0041, 0x0041, 0x0041, 0x0041, 0x0041, 0x0041, 0x0041, 0x0041, 0x0041, 0x0041,
	0x0041, 0x0041, 0x0041, 0x0041, 0x0041, 0x0041, 0x0041, 0x0041, 0x0041, 0x0041, 0x0041, 0x0041,
	0x0041, 0x0041, 0x0041, 0x0041, 0x0041, 0x0041, 0x0041, 0x0041, 0x0041, 0x0041, 0x0041, 0x0041,
	0x0041, 0x0041, 0x0041, 0x0041, 0x0041, 0x0041, 0x0041, 0x0041, 0x0041, 0x0041, 0x0041, 0x0041,
	0x0041, 0x0041, 0x0041, 0x0041, 0x0041, 0x0041, 0x0041, 0x0041, 0x0041, 0x0041, 0x0041, 0x0041,
	0x0041, 0x0041, 0x0041, 0x0041, 0x0041, 0x0041, 0x0041, 0x0041, 0x0041, 0x0041, 0x0041, 0x0041,
	0x0041, 0x0041, 0x0041, 0x0041, 0x0861, 0x73E9, 0xF7EF, 0xFFEF, 0xF7EF, 0xFFEF, 0xFFEF, 0xF7F0,
	0xFFEF, 0xFFEF, 0xF7EF, 0x73E9, 0x0041, 0x0041, 0x0041, 0x0041, 0x18E3, 0x9D2B, 0xFFEF, 0xFFF0,
	0xFFEF, 0xFFF0, 0xF7EF, 0xF7EF, 0xFFF0, 0xFFF0, 0xFFEF, 0xFFEF, 0xFFEF, 0xF7F0, 0xF7F0, 0xF7EF,
	0xFFEF, 0xFFF0, 0xF7EF, 0x73E9, 0x0861, 0x0041, 0x0041, 0x0041, 0x18E3, 0xDF4E, 0xFFF0, 0xFFEF,
	0xFFF0, 0xFFEF, 0xFFEF, 0xFFF0, 0xFFF0, 0xFFEF, 0xCE8D, 0x2984, 0x0041, 0x0041, 0x0041, 0x0041,
	0x0041, 0x0041, 0x0041, 0x0041, 0x0041, 0x0041, 0x0041, 0x0041, 0x0041, 0x0041, 0x0041, 0x0041,
	0x0041, 0x0041, 0x0041, 0x0041, 0x0041, 0x52EB, 0x52EB, 0x0041, 0x0041, 0x0041, 0x0041, 0x0041,
	0x0041, 0x0041, 0x0041, 0x0041, 0x0041, 0x0041, 0x0041, 0x0041, 0x0041, 0x0041, 0x0041, 0x0041,
	0x0041, 0x0041, 0x0041, 0x0041, 0x0041, 0x0041, 0x10A2, 0xFFF0, 0xF7EF, 0xFFEF, 0xFFEF, 0xFFF0,
	0xFFEF, 0xF7F0, 0xFFF0, 0xFFEF, 0xFFEF, 0xFFF0, 0xFFEF, 0x6368, 0x0041, 0x0041, 0x0041, 0x0041,
	0x0861, 0x52E7, 0xE74E, 0xFFEF, 0xF7EF, 0xFFEF, 0xFFF0, 0xFFEF, 0xFFEF, 0xFFF0, 0xFFEF, 0xFFEF,
	0xF7EF, 0xFFEF, 0xFFF0, 0xDF2E, 0x52E7, 0x0861, 0x0041, 0x0041, 0x0041, 0x0861, 0x73E9, 0xFFEF,
	0xFFEF, 0xFFEF, 0xF7F0, 0xFFF0, 0xF7EF, 0xFFEF, 0xFFF0, 0xFFEF, 0xFFEF, 0xF7EF, 0x9D2B, 0x0041,
	0x0041, 0x0041, 0x0041, 0x0041, 0x0041, 0x0041, 0x0041, 0x0041, 0x0041, 0x0041, 0x0041, 0x0041,
	0x0041, 0x0041, 0x0041, 0x0041, 0x0041, 0x0041, 0x0041, 0x0041, 0x0041, 0x0041, 0x0041, 0x0041,
	0x0041, 0x0041, 0x0041, 0x0041, 0x0041, 0x0041, 0x0041, 0x0041, 0x0041, 0x0041, 0x0041, 0x0041,
	0x0041, 0x0041, 0x0041, 0x0041, 0x0041, 0x0041, 0x0041, 0x0041, 0x0041, 0x0041, 0x0041, 0x0041,
	0x0041, 0x0041, 0x0041, 0x0041, 0x0041, 0x0041, 0x0041, 0x0041, 0x0041, 0x0041, 0x0041, 0x0041,
	0x0041, 0x0041, 0x0041, 0x0041, 0x0041, 0x0041, 0x0041, 0x0041, 0x0041, 0x0041, 0x0041, 0x0041,
	0x0041, 0x0041, 0x0041, 0x0041, 0x0041, 0x0041, 0x0041, 0x0041, 0x0041, 0x0041, 0x0041, 0x0041,
	0x0041, 0x0041, 0x9D0B, 0xFFEF, 0xFFEF, 0xF7EF, 0xFFEF, 0xFFEF, 0xFFF0, 0xFFF0, 0xF7EF, 0xFFF0,
	0xFFEF, 0xF7EF, 0xB5CC, 0x10A2, 0x0041, 0x0041, 0x0041, 0x0041, 0x29A4, 0xCE8E, 0xF7EF, 0xF7F0,
	0xFFF0, 0xFFEF, 0xFFF0, 0xF7EF, 0xFFEF, 0xFFEF, 0xF7EF, 0xFFF0, 0xF7F0, 0xFFEF, 0xFFEF, 0x9D2B,
	0x18E3, 0x0041, 0x0041, 0x0041, 0x0041, 0x3A05, 0xE74E, 0xFFF0, 0xFFEF, 0xFFEF, 0xFFEF, 0xF7EF,
	0xFFEF, 0xFFEF, 0xF7EF, 0xF7F0, 0xF7EF, 0xFFF0, 0x18E3, 0x0041, 0x0041, 0x0041, 0x0041, 0x0041,
	0x0041, 0x0041, 0x0041, 0x0041, 0x0041, 0x0041, 0x0041, 0x0041, 0x0041, 0x0041, 0x0041, 0x0041,
	0x0041, 0x0041, 0x0041, 0x52EB, 0x52EB, 0x0041, 0x0041, 0x0041, 0x0041, 0x0041, 0x0041, 0x0041,
	0x0041, 0x0041, 0x0041, 0x0041, 0x0041, 0x0041, 0x0041, 0x0041, 0x0041, 0x0041, 0x0041, 0x0041,
	0x0041, 0x0041, 0x0041, 0x0041, 0x0041, 0x3A05, 0xE74E, 0xF7F0, 0xF7EF, 0xF7EF, 0xFFEF, 0xFFEF,
	0xFFF0, 0xFFF0, 0xF7EF, 0xF7F0, 0xF7F0, 0xFFEF, 0xB5CC, 0x18E3, 0x0041, 0x0041, 0x0041, 0x0041,
	0x0861, 0x52E7, 0xE74E, 0xF7EF, 0xFFF0, 0xFFF0, 0xFFEF, 0xFFF0, 0xF7F0, 0xFFEF, 0xF7F0, 0xDF2E,
	0x52E7, 0x0861, 0x0041, 0x0041, 0x0041, 0x0041, 0x2144, 0xCE8D, 0xFFF0, 0xF7EF, 0xFFEF, 0xF7EF,
	0xFFEF, 0xF7EF, 0xFFEF, 0xFFF0, 0xFFEF, 0xF7EF, 0xFFF0, 0xB5CC, 0x0861, 0x0041, 0x0041, 0x0041,
	0x0041, 0x0041, 0x0041, 0x0041, 0x0041, 0x0041, 0x0041, 0x0041, 0x0041, 0x0041, 0x0041, 0x0041,
	0x0041, 0x0041, 0x0041, 0x0041, 0x0041, 0x0041, 0x0041, 0x0041, 0x0041, 0x0041, 0x0041, 0x0041,
	0x0041, 0x0041, 0x0041, 0x0041, 0x0041, 0x0041, 0x0041, 0x0041, 0x0041, 0x0041, 0x0041, 0x0041,
	0x0041, 0x0041, 0x0041, 0x0041, 0x0041, 0x0041, 0x0041, 0x0041, 0x0041, 0x0041, 0x0041, 0x0041,
	0x0041, 0x0041, 0x0041, 0x0041, 0x0041, 0x0041, 0x0041, 0x0041, 0x0041, 0x0041, 0x0041, 0x0041,
	0x0041, 0x0041, 0x0041, 0x0041, 0x0041, 0x0041, 0x0041, 0x0041, 0x0041, 0x0041, 0x0041, 0x0041,
	0x0041, 0x0041, 0x0041, 0x0041, 0x0041, 0x0041, 0x0041, 0x0041, 0x0041, 0x0041, 0x0041, 0x0041,
	0x0861, 0xB5CC, 0xF7EF, 0xF7F0, 0xFFF0, 0xFFEF, 0xFFEF, 0xFFF0, 0xFFF0, 0xF7EF, 0xF7EF, 0xFFEF,
	0xF7EF, 0xDF4E, 0x29A4, 0x0041, 0x0041, 0x0041, 0x0041, 0x0041, 0x3A05, 0xC68D, 0xFFEF, 0xFFEF,
	0xF7EF, 0xF7F0, 0xF7EF, 0xFFF0, 0xFFF0, 0xFFF0, 0xF7EF, 0x73E9, 0x2143, 0x0041, 0x0041, 0x0041,
	0x0041, 0x0861, 0x8C8A, 0xFFEF, 0xF7F0, 0xFFEF, 0xFFF0, 0xF7EF, 0xF7F0, 0xF7F0, 0xFFEF, 0xFFEF,
	0xF7EF, 0xFFEF, 0xDF2E, 0x18E3, 0x0041, 0x0041, 0x0041, 0x0041, 0x0041, 0x0041, 0x0041, 0x0041,
	0x0041, 0x0041, 0x0041, 0x0041, 0x0041, 0x0041, 0x0041, 0x0041, 0x0041, 0x0041, 0x0041, 0x0041,
	0x0041, 0x52EB, 0x52EB, 0x0041, 0x0041, 0x0041, 0x0041, 0x0041, 0x0041, 0x0041, 0x0041, 0x0041,
	0x0041, 0x0041, 0x0041, 0x0041, 0x0041, 0x0041, 0x0041, 0x0041, 0x0041, 0x0041, 0x0041, 0x0041,
	0x0041, 0x0041, 0x0041, 0x0041, 0x18E3, 0xDF4E, 0xFFF0, 0xFFEF, 0xFFF0, 0xFFEF, 0xFFEF, 0xF7F0,
	0xF7EF, 0xF7F0, 0xFFEF, 0xFFF0, 0xF7F0, 0xFFEF, 0x52E7, 0x0861, 0x0041, 0x0041, 0x0041, 0x0041,
	0x0861, 0x3A05, 0x8C8A, 0xDF4E, 0xF7EF, 0xFFEF, 0xE74E, 0x8C8A, 0x3A05, 0x0041, 0x0041, 0x0041,
	0x0041, 0x0041, 0x0861, 0x6368, 0xFFF0, 0xF7EF, 0xF7EF, 0xFFF0, 0xF7EF, 0xFFF0, 0xF7EF, 0xFFF0,
	0xFFF0, 0xFFF0, 0xFFF0, 0xFFEF, 0xB5CC, 0x0861, 0x0041, 0x0041, 0x0041, 0x0861, 0x0041, 0x0041,
	0x0041, 0x0041, 0x0041, 0x0041, 0x0041, 0x0041, 0x0041, 0x0041, 0x0041, 0x0041, 0x0041, 0x0041,
	0x0041, 0x0041, 0x0041, 0x0041, 0x0041, 0x0041, 0x0041, 0x0041, 0x0041, 0x0041, 0x0041, 0x0041,
	0x0041, 0x0041, 0x0041, 0x0041, 0x0041, 0x0041, 0x0041, 0x0041, 0x0041, 0x0041, 0x0041, 0x0041,
	0x0041, 0x0041, 0x0041, 0x0041, 0x0041, 0x0041, 0x0041, 0x0041, 0x0041, 0x0041, 0x0041, 0x0041,
	0x0041, 0x0041, 0x0041, 0x0041, 0x0041, 0x0041, 0x0041, 0x0041, 0x0041, 0x0041, 0x0041, 0x0041,
	0x0041, 0x0041, 0x0041, 0x0041, 0x0041, 0x0041, 0x0041, 0x0041, 0x0041, 0x0041, 0x0041, 0x0041,
	0x0041, 0x0041, 0x0041, 0x0041, 0x0041, 0x0041, 0x0041, 0x0041, 0x0041, 0x0041, 0x0041, 0x0861,
	0xB5CC, 0xFFF0, 0xF7F0, 0xF7EF, 0xF7EF, 0xF7EF, 0xF7EF, 0xF7EF, 0xFFEF, 0xFFF0, 0xFFEF, 0xF7EF,
	0xF7EF, 0x9D2B, 0x10A2, 0x0041, 0x0041, 0x0041, 0x0041, 0x0041, 0x2143, 0x73E9, 0xCE8D, 0xFFF0,
	0xFFEF, 0xFFEF, 0x9D2B, 0x4A66, 0x10A2, 0x0041, 0x0041, 0x0041, 0x0041, 0x0041, 0x3A05, 0xDF2E,
	0xFFEF, 0xF7EF, 0xF7EF, 0xFFEF, 0xFFF0, 0xFFEF, 0xFFEF, 0xF7EF, 0xF7EF, 0xFFF0, 0xFFF0, 0xDF4E,
	0x18E3, 0x0041, 0x0041, 0x0041, 0x10A2, 0x0041, 0x0041, 0x0041, 0x0041, 0x0041, 0x0041, 0x0041,
	0x0041, 0x0041, 0x0041, 0x0041, 0x0041, 0x0041, 0x0041, 0x0041, 0x0041, 0x0041, 0x0041, 0x52EB,
	0x52EB, 0x0041, 0x0041, 0x0041, 0x0041, 0x0041, 0x0041, 0x0041, 0x0041, 0x0041, 0x0041, 0x0041,
	0x0041, 0x0041, 0x0041, 0x0041, 0x0041, 0x0041, 0x0041, 0x0041, 0x0041, 0x0041, 0x9D2A, 0x3A05,
	0x0041, 0x0041, 0x0041, 0x18E3, 0xDF4E, 0xFFEF, 0xFFEF, 0xF7EF, 0xFFEF, 0xFFF0, 0xFFEF, 0xFFEF,
	0xFFEF, 0xFFF0, 0xFFEF, 0xFFEF, 0xF7F0, 0xCE8D, 0x3A05, 0x0041, 0x0041, 0x0041, 0x0041, 0x0041,
	0x0041, 0x0041, 0x0041, 0x0041, 0x0041, 0x0041, 0x0041, 0x0041, 0x0041, 0x0041, 0x0861, 0x52E7,
	0xE74E, 0xFFEF, 0xFFEF, 0xFFEF, 0xF7EF, 0xFFEF, 0xF7EF, 0xFFEF, 0xFFF0, 0xFFF0, 0xFFEF, 0xFFF0,
	0xFFEF, 0xB5EC, 0x0861, 0x0041, 0x0041, 0x0041, 0x7409, 0x73E9, 0x0041, 0x0041, 0x0041, 0x0041,
	0x0041, 0x0041, 0x0041, 0x0041, 0x0041, 0x0041, 0x0041, 0x0041, 0x0041, 0x0041, 0x0041, 0x0041,
	0x0041, 0x0041, 0x0041, 0x0041, 0x0041, 0x0041, 0x0041, 0x0041, 0x0041, 0x0041, 0x0041, 0x0041,
	0x0041, 0x0041, 0x0041, 0x0041, 0x0041, 0x0041, 0x0041, 0x0041, 0x0041, 0x0041, 0x0041, 0x0041,
	0x0041, 0x0041, 0x0041, 0x0041, 0x0041, 0x0041, 0x0041, 0x0041, 0x0041, 0x0041, 0x0041, 0x0041,
	0x0041, 0x0041, 0x0041, 0x0041, 0x0041, 0x0041, 0x0041, 0x0041, 0x0041, 0x0041, 0x0041, 0x0041,
	0x0041, 0x0041, 0x0041, 0x0041, 0x0041, 0x0041, 0x0041, 0x0041, 0x0041, 0x0041, 0x0041, 0x0041,
	0x0041, 0x0041, 0x0041, 0x0041, 0x0041, 0x4A66, 0x73E9, 0x0041, 0x0041, 0x0041, 0x0861, 0xB5CC,
	0xF7EF, 0xF7EF, 0xFFEF, 0xFFEF, 0xFFF0, 0xFFF0, 0xFFEF, 0xFFEF, 0xFFEF, 0xFFF0, 0xFFEF, 0xFFEF,
	0xFFEF, 0x6368, 0x0861, 0x0041, 0x0041, 0x0041, 0x0041, 0x0041, 0x0041, 0x0041, 0x0041, 0x0041,
	0x0041, 0x0041, 0x0041, 0x0041, 0x0041, 0x0041, 0x2143, 0xB5CD, 0xFFF0, 0xFFF0, 0xFFF0, 0xF7EF,
	0xFFF0, 0xFFEF, 0xFFEF, 0xFFEF, 0xFFEF, 0xFFF0, 0xFFF0, 0xF7EF, 0xDF4E, 0x18E2, 0x0041, 0x0041,
	0x0041, 0x3A05, 0xE74E, 0x0861, 0x0041, 0x0041, 0x0041, 0x0041, 0x0041, 0x0041, 0x0041, 0x0041,
	0x0041, 0x0041, 0x0041, 0x0041, 0x0041, 0x0041, 0x0041, 0x0041, 0x0041, 0x52EB, 0x52EB, 0x0041,
	0x0041, 0x0041, 0x0041, 0x0041, 0x0041, 0x0041, 0x0041, 0x0041, 0x0041, 0x0041, 0x0041, 0x0041,
	0x0041, 0x0041, 0x0041, 0x0041, 0x0041, 0x0041, 0x0041, 0x18E3, 0xFFF0, 0xFFEF, 0x3A05, 0x0041,
	0x0041, 0x0041, 0x18E3, 0xDF4E, 0xFFEF, 0xF7EF, 0xF7F0, 0xFFF0, 0xFFEF, 0xF7EF, 0xF7EF, 0xFFEF,
	0xFFEF, 0xF7EF, 0xFFEF, 0xF7EF, 0xFFEF, 0xCE8D, 0x4266, 0x0861, 0x0041, 0x0041, 0x0041, 0x0041,
	0x0041, 0x0041, 0x0041, 0x0041, 0x0041, 0x0041, 0x10A2, 0x52E7, 0xDF4E, 0xFFEF, 0xF7EF, 0xFFEF,
	0xFFF0, 0xFFEF, 0xFFEF, 0xFFEF, 0xFFF0, 0xFFEF, 0xF7EF, 0xF7EF, 0xFFEF, 0xFFEF, 0x9D2B, 0x0861,
	0x0041, 0x0041, 0x0041, 0x73E9, 0xF7EF, 0xFFEF, 0x0861, 0x0041, 0x0041, 0x0041, 0x0041, 0x0041,
	0x0041, 0x0041, 0x0041, 0x0041, 0x0041, 0x0041, 0x0041, 0x0041, 0x0041, 0x0041, 0x0041, 0x0041,
	0x0041, 0x0041, 0x0041, 0x0041, 0x0041, 0x0041, 0x0041, 0x0041, 0x0041, 0x0041, 0x0041, 0x0041,
	0x0041, 0x0041, 0x0041, 0x0041, 0x0041, 0x0041, 0x0041, 0x0041, 0x0041, 0x0041, 0x0041, 0x0041,
	0x0041, 0x0041, 0x0041, 0x0041, 0x0041, 0x0041, 0x0041, 0x0041, 0x0041, 0x0041, 0x0041, 0x0041,
	0x0041, 0x0041, 0x0041, 0x0041, 0x0041, 0x0041, 0x0041, 0x0041, 0x0041, 0x0041, 0x0041, 0x0041,
	0x0041, 0x0041, 0x0041, 0x0041, 0x0041, 0x0041, 0x0041, 0x0041, 0x0041, 0x0041, 0x0041, 0x0041,
	0x0041, 0x0041, 0x0041, 0xCE8D, 0xFFEF, 0x73E9, 0x0041, 0x0041, 0x0041, 0x0861, 0x8C8A, 0xF7EF,
	0xFFEF, 0xFFF0, 0xF7EF, 0xF7EF, 0xFFF0, 0xF7EF, 0xFFF0, 0xFFF0, 0xFFEF, 0xFFF0, 0xFFF0, 0xFFEF,
	0xF7EF, 0x73E9, 0x10A2, 0x0041, 0x0041, 0x0041, 0x0041, 0x0041, 0x0041, 0x0041, 0x0041, 0x0041,
	0x0041, 0x0041, 0x3A05, 0x9D2B, 0xFFF0, 0xF7EF, 0xFFEF, 0xFFEF, 0xF7EF, 0xFFEF, 0xFFF0, 0xFFEF,
	0xFFF0, 0xFFEF, 0xFFF0, 0xF7EF, 0xFFF0, 0xE74E, 0x18E3, 0x0041, 0x0041, 0x0041, 0x3A05, 0xF7F0,
	0xFFEF, 0x3A05, 0x0041, 0x0041, 0x0041, 0x0041, 0x0041, 0x0041, 0x0041, 0x0041, 0x0041, 0x0041,
	0x0041, 0x0041, 0x0041, 0x0041, 0x0041, 0x0041, 0x0041, 0x52EB, 0x52EB, 0x0041, 0x0041, 0x0041,
	0x0041, 0x0041, 0x0041, 0x0041, 0x0041, 0x0041, 0x0041, 0x0041, 0x0041, 0x0041, 0x0041, 0x0041,
	0x0041, 0x0041, 0x0041, 0x0041, 0x0041, 0x52E7, 0xFFF0, 0xFFEF, 0xFFF0, 0x3A05, 0x0041, 0x0041,
	0x0041, 0x18E3, 0xC68D, 0xFFEF, 0xFFEF, 0xF7F0, 0xFFF0, 0xFFEF, 0xFFEF, 0xFFF0, 0xF7EF, 0xFFF0,
	0xFFF0, 0xF7EF, 0xF7F0, 0xFFF0, 0xFFEF, 0xFFF0, 0x8C8A, 0x3A05, 0x10A2, 0x0041, 0x0041, 0x0041,
	0x0041, 0x18E3, 0x3A05, 0x8C8A, 0xFFEF, 0xFFEF, 0xFFEF, 0xFFEF, 0xFFEF, 0xFFEF, 0xFFEF, 0xFFEF,
	0xF7EF, 0xFFEF, 0xFFEF, 0xFFF0, 0xFFF0, 0xF7EF, 0xFFF0, 0x73E8, 0x0041, 0x0041, 0x0041, 0x0861,
	0x9D2B, 0xFFF0, 0xFFEF, 0xFFEF, 0x29A4, 0x0041, 0x0041, 0x0041, 0x0041, 0x0041, 0x0041, 0x0041,
	0x0041, 0x0041, 0x0041, 0x0041, 0x0041, 0x0041, 0x0041, 0x0041, 0x0041, 0x0041, 0x0041, 0x0041,
	0x0041, 0x0041, 0x0041, 0x0041, 0x0041, 0x0041, 0x0041, 0x0041, 0x0041, 0x0041, 0x0041, 0x0041,
	0x0041, 0x0041, 0x0041, 0x0041, 0x0041, 0x0041, 0x0041, 0x0041, 0x0041, 0x0041, 0x0041, 0x0041,
	0x0041, 0x0041, 0x0041, 0x0041, 0x0041, 0x0041, 0x0041, 0x0041, 0x0041, 0x0041, 0x0041, 0x0041,
	0x0041, 0x0041, 0x0041, 0x0041, 0x0041, 0x0041, 0x0041, 0x0041, 0x0041, 0x0041, 0x0041, 0x0041,
	0x0041, 0x0041, 0x0041, 0x0041, 0x0041, 0x0041, 0x0041, 0x0041, 0x0041, 0x0041, 0x0041, 0x0041,
	0x10A2, 0xF7EF, 0xFFF0, 0xFFEF, 0x8C8A, 0x0861, 0x0041, 0x0041, 0x0041, 0x73E9, 0xFFEF, 0xF7EF,
	0xFFEF, 0xFFEF, 0xF7EF, 0xFFEF, 0xF7EF, 0xFFEF, 0xFFEF, 0xFFF0, 0xF7EF, 0xF7F0, 0xFFEF, 0xFFEF,
	0xFFEF, 0xB5CC, 0x4A66, 0x18E3, 0x0041, 0x0041, 0x0041, 0x0041, 0x0861, 0x29A4, 0x7409, 0xDF2F,
	0xFFF0, 0xFFEF, 0xFFEF, 0xF7EF, 0xFFEF, 0xF7EF, 0xFFEF, 0xFFF0, 0xFFEF, 0xFFEF, 0xFFF0, 0xFFEF,
	0xFFEF, 0xFFF0, 0xE72E, 0x18E3, 0x0041, 0x0041, 0x0041, 0x3A05, 0xFFEF, 0xFFEF, 0xF7EF, 0x8C8A,
	0x0041, 0x0041, 0x0041, 0x0041, 0x0041, 0x0041, 0x0041, 0x0041, 0x0041, 0x0041, 0x0041, 0x0041,
	0x0041, 0x0041, 0x0041, 0x0041, 0x0041, 0x52EB, 0x52EB, 0x0041, 0x0041, 0x0041, 0x0041, 0x0041,
	0x0041, 0x0041, 0x0041, 0x0041, 0x0041, 0x0041, 0x0041, 0x0041, 0x0041, 0x0041, 0x0041, 0x0041,
	0x0041, 0x0041, 0x0041, 0x73E9, 0xFFEF, 0xFFEF, 0xFFEF, 0xFFEF, 0x3A05, 0x0041, 0x0041, 0x0041,
	0x0861, 0xB5CC, 0xF7EF, 0xFFF0, 0xF7EF, 0xF7EF, 0xFFF0, 0xFFEF, 0xF7EF, 0xF7EF, 0xFFEF, 0xF7F0,
	0xF7F0, 0xF7EF, 0xF7EF, 0xFFEF, 0xF7EF, 0xF7EF, 0xFFEF, 0xF7EF, 0x9D2B, 0xB5CC, 0xF7EF, 0xFFF0,
	0xFFEF, 0xF7EF, 0xFFEF, 0xFFEF, 0xFFEF, 0xFFEF, 0xFFEF, 0xFFEF, 0xFFEF, 0xFFEF, 0xF7F0, 0xFFF0,
	0xF7EF, 0xFFEF, 0xFFEF, 0xFFEF, 0x7BE9, 0x0041, 0x0041, 0x0041, 0x0861, 0xB5EC, 0xF7EF, 0xFFEF,
	0xFFEF, 0xF7EF, 0x52E7, 0x0041, 0x0041, 0x0041, 0x0041, 0x0041, 0x0041, 0x0041, 0x0041, 0x0041,
	0x0041, 0x0041, 0x0041, 0x0041, 0x0041, 0x0041, 0x0041, 0x0041, 0x0041, 0x0041, 0x0041, 0x0041,
	0x0041, 0x0041, 0x0041, 0x0041, 0x0041, 0x0041, 0x0041, 0x0041, 0x0041, 0x0041, 0x0041, 0x0041,
	0x0041, 0x0041, 0x0041, 0x0041, 0x0041, 0x0041, 0x0041, 0x0041, 0x0041, 0x0041, 0x0041, 0x0041,
	0x0041, 0x0041, 0x0041, 0x0041, 0x0041, 0x0041, 0x0041, 0x0041, 0x0041, 0x0041, 0x0041, 0x0041,
	0x0041, 0x0041, 0x0041, 0x0041, 0x0041, 0x0041, 0x0041, 0x0041, 0x0041, 0x0041, 0x0041, 0x0041,
	0x0041, 0x0041, 0x0041, 0x0041, 0x0041, 0x0041, 0x0041, 0x0041, 0x0041, 0x0041, 0x2143, 0xF7EF,
	0xFFF0, 0xF7EF, 0xFFF0, 0xB5CC, 0x0861, 0x0041, 0x0041, 0x0041, 0x73E9, 0xFFEF, 0xFFF0, 0xF7EF,
	0xFFF0, 0xF7EF, 0xFFF0, 0xF7F0, 0xFFEF, 0xFFF0, 0xFFF0, 0xF7EF, 0xFFEF, 0xFFEF, 0xFFF0, 0xFFF0,
	0xFFEF, 0xFFEF, 0xFFEF, 0xCE8D, 0xA52B, 0xF7EF, 0xF7EF, 0xFFEF, 0xF7EF, 0xFFF0, 0xFFEF, 0xFFEF,
	0xFFEF, 0xFFF0, 0xF7F0, 0xFFF0, 0xF7EF, 0xF7EF, 0xFFEF, 0xFFEF, 0xF7F0, 0xFFEF, 0xF7EF, 0xB5CC,
	0x18E2, 0x0041, 0x0041, 0x0041, 0x3A05, 0xFFF0, 0xFFEF, 0xFFF0, 0xFFEF, 0x9D2B, 0x0041, 0x0041,
	0x0041, 0x0041, 0x0041, 0x0041, 0x0041, 0x0041, 0x0041, 0x0041, 0x0041, 0x0041, 0x0041, 0x0041,
	0x0041, 0x0041, 0x0041, 0x52EB, 0x52EB, 0x0041, 0x0041, 0x0041, 0x0041, 0x0041, 0x0041, 0x0041,
	0x0041, 0x0041, 0x0041, 0x0041, 0x0041, 0x0041, 0x0041, 0x0041, 0x0041, 0x0041, 0x0041, 0x0041,
	0x0041, 0x9D2B, 0xFFEF, 0xFFEF, 0xFFF0, 0xF7EF, 0xF7EF, 0x73E9, 0x0041, 0x0041, 0x0041, 0x0861,
	0xB5CC, 0xF7EF, 0xFFEF, 0xF7F0, 0xFFF0, 0xF7EF, 0xF7EF, 0xFFF0, 0xFFEF, 0xFFEF, 0xFFF0, 0xFFEF,
	0xF7EF, 0xFFEF, 0xFFEF, 0xFFEF, 0xFFF0, 0xF7EF, 0xFFEF, 0xFFEF, 0xF7EF, 0xFFEF, 0xF7EF, 0xF7EF,
	0xFFEF, 0xFFEF, 0xFFEF, 0xFFEF, 0xFFEF, 0xFFEF, 0xFFEF, 0xFFEF, 0xFFF0, 0xFFEF, 0xF7EF, 0xF7EF,
	0xFFF0, 0x73E9, 0x0041, 0x0041, 0x0041, 0x0861, 0xB5CC, 0xFFEF, 0xFFEF, 0xFFEF, 0xFFF0, 0xF7F0,
	0x52E6, 0x0041, 0x0041, 0x0041, 0x0041, 0x0041, 0x0041, 0x0041, 0x0041, 0x0041, 0x0041, 0x0041,
	0x0041, 0x0041, 0x0041, 0x0041, 0x0041, 0x0041, 0x0041, 0x0041, 0x0041, 0x0041, 0x0041, 0x0041,
	0x0041, 0x0041, 0x0041, 0x0041, 0x0041, 0x0041, 0x0041, 0x0041, 0x0041, 0x0041, 0x0041, 0x0041,
	0x0041, 0x0041, 0x0041, 0x0041, 0x0041, 0x0041, 0x0041, 0x0041, 0x0041, 0x0041, 0x0041, 0x0041,
	0x0041, 0x0041, 0x0041, 0x0041, 0x0041, 0x0041, 0x0041, 0x0041, 0x0041, 0x0041, 0x0041, 0x0041,
	0x0041, 0x0041, 0x0041, 0x0041, 0x0041, 0x0041, 0x0041, 0x0041, 0x0041, 0x0041, 0x0041, 0x0041,
	0x0041, 0x0041, 0x0041, 0x0041, 0x0041, 0x0041, 0x0041, 0x0041, 0x2143, 0xFFEF, 0xF7F0, 0xFFEF,
	0xFFF0, 0xFFEF, 0xB5CC, 0x0861, 0x0041, 0x0041, 0x0041, 0x73E9, 0xFFF0, 0xF7EF, 0xFFF0, 0xFFF0,
	0xFFEF, 0xF7EF, 0xFFF0, 0xFFEF, 0xFFEF, 0xFFF0, 0xFFEF, 0xFFEF, 0xF7EF, 0xF7EF, 0xF7EF, 0xF7EF,
	0xFFEF, 0xFFEF, 0xFFEF, 0xFFEF, 0xFFF0, 0xFFEF, 0xFFF0, 0xF7EF, 0xF7EF, 0xF7EF, 0xFFEF, 0xFFEF,
	0xFFEF, 0xFFEF, 0xFFEF, 0xFFEF, 0xF7EF, 0xF7EF, 0xFFEF, 0xFFEF, 0xB5EC, 0x0861, 0x0041, 0x0041,
	0x0041, 0x52E7, 0xFFEF, 0xFFF0, 0xFFF0, 0xFFF0, 0xFFEF, 0xF7F0, 0x0041, 0x0041, 0x0041, 0x0041,
	0x0041, 0x0041, 0x0041, 0x0041, 0x0041, 0x0041, 0x0041, 0x0041, 0x0041, 0x0041, 0x0041, 0x0041,
	0x0041, 0x52EB, 0x52EB, 0x0041, 0x0041, 0x0041, 0x0041, 0x0041, 0x0041, 0x0041, 0x0041, 0x0041,
	0x0041, 0x0041, 0x0041, 0x0041, 0x0041, 0x0041, 0x0041, 0x0041, 0x0041, 0x0041, 0x0041, 0x9D2B,
	0xFFEF, 0xFFF0, 0xF7EF, 0xFFF0, 0xF7F0, 0xFFF0, 0x73E9, 0x0041, 0x0041, 0x0041, 0x0861, 0xB5EC,
	0xF7EF, 0xFFEF, 0xFFEF, 0xF7EF, 0xFFF0, 0xFFEF, 0xFFF0, 0xF7EF, 0xFFEF, 0xFFEF, 0xFFF0, 0xF7EF,
	0xF7EF, 0xF7EF, 0xF7EF, 0xFFEF, 0xFFEF, 0xFFF0, 0xFFEF, 0xF7F0, 0xFFF0, 0xFFF0, 0xFFEF, 0xFFEF,
	0xFFEF, 0xFFEF, 0xFFEF, 0xFFEF, 0xFFEF, 0xFFEF, 0xF7EF, 0xFFF0, 0xFFEF, 0xF7F0, 0x7BE9, 0x0041,
	0x0041, 0x0041, 0x0861, 0xB5CC, 0xF7EF, 0xFFEF, 0xFFEF, 0xFFEF, 0xFFEF, 0xFFF0, 0x52E7, 0x0041,
	0x0041, 0x0041, 0x0041, 0x0041, 0x0041, 0x0041, 0x0041, 0x0041, 0x0041, 0x0041, 0x0041, 0x0041,
	0x0041, 0x0041, 0x0041, 0x0041, 0x0041, 0x0041, 0x0041, 0x0041, 0x0041, 0x0041, 0x0041, 0x0041,
	0x0041, 0x0041, 0x0041, 0x0041, 0x0041, 0x0041, 0x0041, 0x0041, 0x0041, 0x0041, 0x0041, 0x0041,
	0x0041, 0x0041, 0x0041, 0x0041, 0x0041, 0x0041, 0x0041, 0x0041, 0x0041, 0x0041, 0x0041, 0x0041,
	0x0041, 0x0041, 0x0041, 0x0041, 0x0041, 0x0041, 0x0041, 0x0041, 0x0041, 0x0041, 0x0041, 0x0041,
	0x0041, 0x0041, 0x0041, 0x0041, 0x0041, 0x0041, 0x0041, 0x0041, 0x0041, 0x0041, 0x0041, 0x0041,
	0x0041, 0x0041, 0x0041, 0x0041, 0x0041, 0x0041, 0x2143, 0xFFEF, 0xFFEF, 0xFFEF, 0xF7EF, 0xF7F0,
	0xF7EF, 0xB5CC, 0x0861, 0x0041, 0x0041, 0x0041, 0x4A66, 0xFFEF, 0xF7EF, 0xFFEF, 0xF7F0, 0xFFF0,
	0xFFEF, 0xFFEF, 0xF7EF, 0xF7F0, 0xF7F0, 0xFFEF, 0xFFF0, 0xFFEF, 0xF7EF, 0xF7EF, 0xFFF0, 0xFFF0,
	0xFFF0, 0xF7EF, 0xF7EF, 0xF7EF, 0xFFEF, 0xFFEF, 0xFFEF, 0xFFEF, 0xFFEF, 0xF7EF, 0xFFEF, 0xFFEF,
	0xFFF0, 0xFFEF, 0xF7EF, 0xFFEF, 0xF7EF, 0xB5CC, 0x0861, 0x0041, 0x0041, 0x0041, 0x73E9, 0xFFF0,
	0xFFEF, 0xF7EF, 0xFFEF, 0xFFF0, 0xFFEF, 0xF7EF, 0x0041, 0x0041, 0x0041, 0x0041, 0x0041, 0x0041,
	0x0041, 0x0041, 0x0041, 0x0041, 0x0041, 0x0041, 0x0041, 0x0041, 0x0041, 0x0041, 0x0041, 0x52EB,
	0x52EB, 0x0041, 0x0041, 0x0041, 0x0041, 0x0041, 0x0041, 0x0041, 0x0041, 0x0041, 0x0041, 0x0041,
	0x0041, 0x0041, 0x0041, 0x0041, 0x0041, 0x0041, 0x0021, 0x0041, 0x0041, 0x9D2B, 0xF7EF, 0xFFF0,
	0xFFEF, 0xFFEF, 0xFFEF, 0xFFF0, 0xFFEF, 0x73E9, 0x0041, 0x0041, 0x0041, 0x0861, 0x8C8A, 0xFFF0,
	0xFFEF, 0xF7EF, 0xF7EF, 0xF7F0, 0xFFEF, 0xFFF0, 0xF7F0, 0xF7EF, 0xFFEF, 0xFFEF, 0xFFEF, 0xFFF0,
	0xFFEF, 0xFFF0, 0xF7EF, 0xF7EF, 0xFFEF, 0xFFEF, 0xFFF0, 0xFFEF, 0xFFEF, 0xFFEF, 0xFFEF, 0xFFEF,
	0xFFEF, 0xFFEF, 0xFFEF, 0xFFEF, 0xFFEF, 0xFFEF, 0xF7F0, 0x73E9, 0x0041, 0x0041, 0x0041, 0x0861,
	0xB5CC, 0xF7EF, 0xFFF0, 0xF7F0, 0xFFF0, 0xFFEF, 0xFFF0, 0xFFF0, 0x52E7, 0x0041, 0x0041, 0x0041,
	0x0041, 0x0041, 0x0041, 0x0041, 0x0041, 0x0041, 0x0041, 0x0041, 0x0041, 0x0041, 0x0041, 0x0041,
	0x0041, 0x0041, 0x0041, 0x0041, 0x0041, 0x0041, 0x0041, 0x0041, 0x0041, 0x0041, 0x0041, 0x0041,
	0x0041, 0x0041, 0x0041, 0x0041, 0x0041, 0x0041, 0x0041, 0x0041, 0x0041, 0x0041, 0x0041, 0x0041,
	0x0041, 0x0041, 0x0041, 0x0041, 0x0041, 0x0041, 0x0041, 0x0041, 0x0041, 0x0041, 0x0041, 0x0041,
	0x0041, 0x0041, 0x0041, 0x0041, 0x0041, 0x0041, 0x0041, 0x0041, 0x0041, 0x0041, 0x0041, 0x0041,
	0x0041, 0x0041, 0x0041, 0x0041, 0x0041, 0x0041, 0x0041, 0x0041, 0x0041, 0x0041, 0x0041, 0x0041,
	0x0041, 0x0041, 0x0041, 0x0041, 0x2143, 0xF7EF, 0xFFF0, 0xFFEF, 0xFFF0, 0xFFEF, 0xF7EF, 0xFFEF,
	0xB5CC, 0x10A2, 0x0041, 0x0041, 0x0041, 0x3A05, 0xF7EF, 0xFFF0, 0xF7EF, 0xF7EF, 0xFFEF, 0xFFF0,
	0xFFEF, 0xFFF0, 0xFFEF, 0xF7EF, 0xF7EF, 0xFFF0, 0xFFF0, 0xFFF0, 0xFFEF, 0xFFEF, 0xFFEF, 0xFFEF,
	0xFFF0, 0xFFF0, 0xF7F0, 0xFFF0, 0xFFEF, 0xFFEF, 0xFFEF, 0xFFF0, 0xFFEF, 0xFFEF, 0xFFF0, 0xFFF0,
	0xFFF0, 0xF7EF, 0xB5CC, 0x0861, 0x0041, 0x0041, 0x0041, 0x73E9, 0xF7EF, 0xFFEF, 0xFFEF, 0xF7F0,
	0xFFEF, 0xFFEF, 0xF7EF, 0xFFEF, 0x0041, 0x0041, 0x0041, 0x0041, 0x0041, 0x0041, 0x0041, 0x0041,
	0x0041, 0x0041, 0x0041, 0x0041, 0x0041, 0x0041, 0x0041, 0x0041, 0x0041, 0x52EB, 0x52EB, 0x0041,
	0x0041, 0x0041, 0x0041, 0x0041, 0x0041, 0x0041, 0x0041, 0x0041, 0x0041, 0x0041, 0x0041, 0x0041,
	0x0041, 0x0041, 0x0041, 0x0041, 0x0041, 0x0041, 0x0041, 0x9D2B, 0xFFEF, 0xF7EF, 0xFFF0, 0xF7EF,
	0xFFF0, 0xFFF0, 0xFFEF, 0xFFF0, 0x7BE9, 0x0041, 0x0041, 0x0041, 0x0041, 0x73E8, 0xFFF0, 0xF7EF,
	0xF7F0, 0xFFEF, 0xFFEF, 0xFFEF, 0xF7EF, 0xF7EF, 0xFFF0, 0xFFEF, 0xFFEF, 0xFFEF, 0xFFEF, 0xF7EF,
	0xFFEF, 0xFFF0, 0xFFEF, 0xFFEF, 0xFFF0, 0xFFEF, 0xFFEF, 0xFFEF, 0xFFEF, 0xFFEF, 0xFFEF, 0xFFEF,
	0xFFEF, 0xFFEF, 0xFFEF, 0xF7F0, 0x4A66, 0x0041, 0x0041, 0x0041, 0x0861, 0xB5CC, 0xFFF0, 0xFFEF,
	0xF7F0, 0xF7EF, 0xFFF0, 0xFFF0, 0xF7F0, 0xFFEF, 0x52E7, 0x0041, 0x0041, 0x0041, 0x0041, 0x0041,
	0x0041, 0x0041, 0x0041, 0x0041, 0x0041, 0x0041, 0x0041, 0x0041, 0x0041, 0x0041, 0x0041, 0x0041,
	0x0041, 0x0041, 0x0041, 0x0041, 0x0041, 0x0041, 0x0041, 0x0041, 0x0041, 0x0041, 0x0041, 0x0041,
	0x0041, 0x0041, 0x0041, 0x0041, 0x0041, 0x0041, 0x0041, 0x0041, 0x0041, 0x0041, 0x0041, 0x0041,
	0x0041, 0x0041, 0x0041, 0x0041, 0x0041, 0x0041, 0x0041, 0x0041, 0x0041, 0x0041, 0x0041, 0x0041,
	0x0041, 0x0041, 0x0041, 0x0041, 0x0041, 0x0041, 0x0041, 0x0041, 0x0041, 0x0041, 0x0041, 0x0041,
	0x0041, 0x0041, 0x0041, 0x0041, 0x0041, 0x0041, 0x0041, 0x0041, 0x0041, 0x0041, 0x0041, 0x0041,
	0x0041, 0x0041, 0x2144, 0xFFF0, 0xFFEF, 0xFFEF, 0xF7F0, 0xFFEF, 0xFFEF, 0xF7EF, 0xFFEF, 0xE74E,
	0x18E3, 0x0041, 0x0041, 0x0041, 0x3A05, 0xFFF0, 0xFFF0, 0xFFF0, 0xF7EF, 0xFFF0, 0xFFEF, 0xFFEF,
	0xFFEF, 0xFFF0, 0xFFEF, 0xFFF0, 0xFFF0, 0xFFF0, 0xFFEF, 0xFFF0, 0xFFF0, 0xF7EF, 0xFFEF, 0xFFEF,
	0xF7EF, 0xF7EF, 0xF7EF, 0xFFEF, 0xFFEF, 0xFFEF, 0xF7EF, 0xFFF0, 0xFFEF, 0xFFEF, 0xFFF0, 0xB5CC,
	0x0861, 0x0041, 0x0041, 0x0041, 0x73E9, 0xFFEF, 0xF7EF, 0xFFEF, 0xFFEF, 0xFFEF, 0xFFF0, 0xFFEF,
	0xFFF0, 0xFFEF, 0x0041, 0x0041, 0x0041, 0x0041, 0x0041, 0x0041, 0x0041, 0x0041, 0x0041, 0x0041,
	0x0041, 0x0041, 0x0041, 0x0041, 0x0041, 0x0041, 0x0041, 0x52EB, 0x52EB, 0x0041, 0x0041, 0x0041,
	0x0041, 0x0041, 0x0041, 0x0041, 0x0041, 0x0041, 0x0041, 0x0041, 0x0041, 0x0041, 0x0041, 0x0041,
	0x0041, 0x0041, 0x0041, 0x0041, 0x0041, 0xA52B, 0xF7EF, 0xFFEF, 0xFFEF, 0xFFEF, 0xF7EF, 0xF7EF,
	0xF7EF, 0xFFEF, 0xF7F0, 0x9D2B, 0x0861, 0x0041, 0x0041, 0x0041, 0x73E9, 0xFFF0, 0xFFEF, 0xF7EF,
	0xFFF0, 0xFFEF, 0xFFEF, 0xFFEF, 0xFFF0, 0xFFF0, 0xFFF0, 0xF7F0, 0xF7EF, 0xF7EF, 0xF7F0, 0xFFF0,
	0xFFF0, 0xFFEF, 0xFFEF, 0xF7EF, 0xFFEF, 0xFFEF, 0xFFEF, 0xFFEF, 0xFFEF, 0xFFEF, 0xFFEF, 0xFFEF,
	0xF7F0, 0x3A05, 0x0041, 0x0041, 0x0041, 0x10A2, 0xB5CC, 0xFFEF, 0xFFEF, 0xFFEF, 0xF7F0, 0xFFEF,
	0xFFF0, 0xF7EF, 0xFFEF, 0xFFEF, 0x52E7, 0x0041, 0x0041, 0x0041, 0x0041, 0x0041, 0x0041, 0x0041,
	0x0041, 0x0041, 0x0041, 0x0041, 0x0041, 0x0041, 0x0041, 0x0041, 0x0041, 0x0041, 0x0041, 0x0041,
	0x0041, 0x0041, 0x0041, 0x0041, 0x0041, 0x0041, 0x0041, 0x0041, 0x0041, 0x0041, 0x0041, 0x0041,
	0x0041, 0x0041, 0x0041, 0x0041, 0x0041, 0x0041, 0x0041, 0x0041, 0x0041, 0x0041, 0x0041, 0x0041,
	0x0041, 0x0041, 0x0041, 0x0041, 0x0041, 0x0041, 0x0041, 0x0041, 0x0041, 0x0041, 0x0041, 0x0041,
	0x0041, 0x0041, 0x0041, 0x0041, 0x0041, 0x0041, 0x0041, 0x0041, 0x0041, 0x0041, 0x0041, 0x0041,
	0x0041, 0x0041, 0x0041, 0x0041, 0x0041, 0x0041, 0x0041, 0x0041, 0x0041, 0x0041, 0x0041, 0x0041,
	0x2143, 0xFFEF, 0xFFEF, 0xFFF0, 0xFFF0, 0xF7F0, 0xF7EF, 0xFFF0, 0xF7EF, 0xFFEF, 0xE74E, 0x18E3,
	0x0041, 0x0041, 0x0041, 0x3A05, 0xF7EF, 0xF7EF, 0xFFEF, 0xF7EF, 0xF7F0, 0xFFEF, 0xFFF0, 0xFFEF,
	0xF7F0, 0xF7F0, 0xFFEF, 0xFFF0, 0xFFEF, 0xFFEF, 0xFFEF, 0xFFF0, 0xFFEF, 0xFFEF, 0xFFEF, 0xFFEF,
	0xFFEF, 0xFFEF, 0xF7EF, 0xF7F0, 0xFFEF, 0xFFEF, 0xFFEF, 0xF7F0, 0xB5CC, 0x0861, 0x0041, 0x0041,
	0x0041, 0x73E9, 0xFFEF, 0xFFEF, 0xFFEF, 0xFFF0, 0xFFF0, 0xF7F0, 0xFFEF, 0xFFEF, 0xFFF0, 0xFFF0,
	0x0041, 0x0041, 0x0041, 0x0041, 0x0041, 0x0041, 0x0041, 0x0041, 0x0041, 0x0041, 0x0041, 0x0041,
	0x0041, 0x0041, 0x0041, 0x0041, 0x0041, 0x52EB, 0x52EB, 0x0041, 0x0041, 0x0041, 0x0041, 0x0041,
	0x0041, 0x0041, 0x0041, 0x0041, 0x0041, 0x0041, 0x0041, 0x0041, 0x0041, 0x0041, 0x0041, 0x0041,
	0x0041, 0x0041, 0x0041, 0x9D2B, 0xF7F0, 0xFFEF, 0xFFF0, 0xFFF0, 0xFFEF, 0xFFEF, 0xFFF0, 0xFFF0,
	0xFFEF, 0xFFEF, 0xB5CC, 0x0861, 0x0041, 0x0041, 0x0041, 0x73E9, 0xF7EF, 0xFFF0, 0xFFEF, 0xFFF0,
	0xFFEF, 0xFFEF, 0xFFEF, 0xF7EF, 0xFFEF, 0xFFEF, 0xFFEF, 0xF7EF, 0xFFEF, 0xFFEF, 0xFFEF, 0xF7F0,
	0xFFEF, 0xFFF0, 0xFFEF, 0xFFEF, 0xFFEF, 0xFFEF, 0xFFEF, 0xFFEF, 0xFFEF, 0xFFEF, 0x3A05, 0x0041,
	0x0041, 0x0041, 0x18E3, 0xE72E, 0xF7EF, 0xFFEF, 0xFFF0, 0xF7EF, 0xFFEF, 0xFFEF, 0xFFEF, 0xF7EF,
	0xF7EF, 0xFFF0, 0x52E7, 0x0041, 0x0041, 0x0041, 0x0041, 0x0041, 0x0041, 0x0041, 0x0041, 0x0041,
	0x0041, 0x0041, 0x0041, 0x0041, 0x0041, 0x0041, 0x0041, 0x0041, 0x0041, 0x0041, 0x0041, 0x0041,
	0x0041, 0x0041, 0x0041, 0x0041, 0x0041, 0x0041, 0x0041, 0x0041, 0x0041, 0x0041, 0x0041, 0x0041,
	0x0041, 0x0041, 0x0041, 0x0041, 0x0041, 0x0041, 0x0041, 0x0041, 0x0041, 0x0041, 0x0041, 0x0041,
	0x0041, 0x0041, 0x0041, 0x0041, 0x0041, 0x0041, 0x0041, 0x0041, 0x0041, 0x0041, 0x0041, 0x0041,
	0x0041, 0x0041, 0x0041, 0x0041, 0x0041, 0x0041, 0x0041, 0x0041, 0x0041, 0x0041, 0x0041, 0x0041,
	0x0041, 0x0041, 0x0041, 0x0041, 0x0041, 0x0041, 0x0041, 0x0041, 0x0041, 0x0041, 0x2143, 0xFFEF,
	0xFFF0, 0xFFEF, 0xFFEF, 0xFFEF, 0xF7EF, 0xFFEF, 0xF7EF, 0xFFEF, 0xFFF0, 0xDF4E, 0x18E3, 0x0041,
	0x0041, 0x0041, 0x18E3, 0xDF4E, 0xFFEF, 0xFFF0, 0xF7EF, 0xFFEF, 0xFFF0, 0xF7EF, 0xFFEF, 0xF7EF,
	0xFFEF, 0xFFEF, 0xFFEF, 0xFFF0, 0xFFEF, 0xFFF0, 0xFFF0, 0xFFF0, 0xFFEF, 0xF7EF, 0xFFEF, 0xFFEF,
	0xFFEF, 0xFFF0, 0xFFF0, 0xFFEF, 0xFFF0, 0x73E9, 0x0861, 0x0041, 0x0041, 0x0041, 0x73E9, 0xFFF0,
	0xF7EF, 0xFFF0, 0xFFF0, 0xF7F0, 0xFFEF, 0xFFEF, 0xFFEF, 0xFFF0, 0xFFEF, 0xFFEF, 0x0041, 0x0041,
	0x0041, 0x0041, 0x0041, 0x0041, 0x0041, 0x0041, 0x0041, 0x0041, 0x0041, 0x0041, 0x0041, 0x0041,
	0x0041, 0x0041, 0x0041, 0x52EB, 0x52EB, 0x0041, 0x0041, 0x0041, 0x0041, 0x0041, 0x0041, 0x0041,
	0x0041, 0x0041, 0x0041, 0x0041, 0x0041, 0x0041, 0x0041, 0x0041, 0x0041, 0x0041, 0x0041, 0x0041,
	0x0041, 0x9D2B, 0xFFEF, 0xFFEF, 0xFFEF, 0xFFEF, 0xFFEF, 0xFFEF, 0xFFEF, 0xFFEF, 0xFFEF, 0xFFEF,
	0xFFF0, 0xB5CC, 0x0861, 0x0041, 0x0041, 0x0041, 0x4266, 0xFFEF, 0xFFEF, 0xFFEF, 0xFFF0, 0xFFEF,
	0xFFF0, 0xFFEF, 0xFFEF, 0xFFF0, 0xFFEF, 0xFFF0, 0xF7EF, 0xFFEF, 0xFFF0, 0xFFEF, 0xFFF0, 0xFFF0,
	0xFFEF, 0xFFEF, 0xF7EF, 0xFFEF, 0xF7EF, 0xF7EF, 0xF7EF, 0x3A05, 0x0041, 0x0041, 0x0041, 0x18E3,
	0xE74E, 0xF7EF, 0xF7EF, 0xFFF0, 0xFFEF, 0xFFEF, 0xFFEF, 0xFFEF, 0xFFEF, 0xFFEF, 0xFFEF, 0xFFEF,
	0x52E7, 0x0041, 0x0041, 0x0041, 0x0041, 0x0041, 0x0041, 0x0041, 0x0041, 0x0041, 0x0041, 0x0041,
	0x0041, 0x0041, 0x0041, 0x0041, 0x0041, 0x0041, 0x0041, 0x0041, 0x0041, 0x0041, 0x0041, 0x0041,
	0x0041, 0x0041, 0x0041, 0x0041, 0x0041, 0x0041, 0x0041, 0x0041, 0x0041, 0x0041, 0x0041, 0x0041,
	0x0041, 0x0041, 0x0041, 0x0041, 0x0041, 0x0041, 0x0041, 0x0041, 0x0041, 0x0041, 0x0041, 0x0041,
	0x0041, 0x0041, 0x0041, 0x0041, 0x0041, 0x0041, 0x0041, 0x0041, 0x0041, 0x0041, 0x0041, 0x0041,
	0x0041, 0x0041, 0x0041, 0x0041, 0x0041, 0x0041, 0x0041, 0x0041, 0x0041, 0x0041, 0x0041, 0x0041,
	0x0041, 0x0041, 0x0041, 0x0041, 0x0041, 0x0041, 0x0041, 0x0041, 0x2143, 0xFFEF, 0xFFEF, 0xFFEF,
	0xFFEF, 0xFFEF, 0xFFEF, 0xFFEF, 0xFFEF, 0xFFEF, 0xF7EF, 0xFFF0, 0xDF4E, 0x18E3, 0x0041, 0x0041,
	0x0041, 0x18E3, 0xDF2E, 0xFFEF, 0xFFF0, 0xFFEF, 0xF7EF, 0xFFEF, 0xFFEF, 0xF7EF, 0xFFEF, 0xFFF0,
	0xFFEF, 0xFFF0, 0xFFF0, 0xFFEF, 0xFFF0, 0xFFEF, 0xFFEF, 0xFFEF, 0xF7F0, 0xFFF0, 0xFFEF, 0xFFF0,
	0xF7EF, 0xFFF0, 0x73E9, 0x0041, 0x0041, 0x0041, 0x0041, 0x7BE9, 0xFFEF, 0xFFEF, 0xFFEF, 0xFFEF,
	0xFFEF, 0xFFEF, 0xFFEF, 0xFFEF, 0xFFEF, 0xFFEF, 0xFFEF, 0xFFEF, 0x0041, 0x0041, 0x0041, 0x0041,
	0x0041, 0x0041, 0x0041, 0x0041, 0x0041, 0x0041, 0x0041, 0x0041, 0x0041, 0x0041, 0x0041, 0x0041,
	0x0041, 0x52EB, 0x52EB, 0x0041, 0x0041, 0x0041, 0x0041, 0x0041, 0x0041, 0x0041, 0x0041, 0x0041,
	0x0041, 0x0041, 0x0041, 0x0041, 0x0041, 0x0041, 0x0041, 0x0041, 0x0041, 0x0041, 0x0041, 0x9D2B,
	0xFFEF, 0xFFEF, 0xFFEF, 0xFFEF, 0xFFEF, 0xFFEF, 0xFFEF, 0xFFEF, 0xFFEF, 0xFFEF, 0xFFEF, 0xF7EF,
	0xB5EC, 0x0861, 0x0041, 0x0041, 0x0041, 0x3A05, 0xFFEF, 0xF7EF, 0xFFF0, 0xF7EF, 0xFFF0, 0xFFF0,
	0xF7EF, 0xFFEF, 0xFFEF, 0xFFEF, 0xFFF0, 0xFFF0, 0xF7EF, 0xF7EF, 0xFFEF, 0xFFEF, 0xF7EF, 0xF7EF,
	0xFFEF, 0xF7F0, 0xFFF0, 0xFFF0, 0x3A05, 0x0041, 0x0041, 0x0041, 0x18E3, 0xE74E, 0xF7EF, 0xFFF0,
	0xFFF0, 0xFFEF, 0xFFEF, 0xFFEF, 0xFFEF, 0xFFEF, 0xFFEF, 0xFFEF, 0xFFEF, 0xFFEF, 0x52E7, 0x0041,
	0x0041, 0x0041, 0x0041, 0x0041, 0x0041, 0x0041, 0x0041, 0x0041, 0x0041, 0x0041, 0x0041, 0x0041,
	0x0041, 0x0041, 0x0041, 0x0041, 0x0041, 0x0041, 0x0041, 0x0041, 0x0041, 0x0041, 0x0041, 0x0041,
	0x0041, 0x0041, 0x0041, 0x0041, 0x0041, 0x0041, 0x0041, 0x0041, 0x0041, 0x0041, 0x0041, 0x0041,
	0x0041, 0x0041, 0x0041, 0x0041, 0x0041, 0x0041, 0x0041, 0x0041, 0x0041, 0x0041, 0x0041, 0x0041,
	0x0041, 0x0041, 0x0041, 0x0041, 0x0041, 0x0041, 0x0041, 0x0041, 0x0041, 0x0041, 0x0041, 0x0041,
	0x0041, 0x0041, 0x0041, 0x0041, 0x0041, 0x0041, 0x0041, 0x0041, 0x0041, 0x0041, 0x0041, 0x0041,
	0x0041, 0x0041, 0x0041, 0x0041, 0x0041, 0x0041, 0x2143, 0xFFEF, 0xFFEF, 0xFFEF, 0xFFEF, 0xFFEF,
	0xFFEF, 0xFFEF, 0xF7F0, 0xFFEF, 0xFFEF, 0xFFEF, 0xF7F0, 0xDF2E, 0x3A05, 0x0041, 0x0041, 0x0041,
	0x18E3, 0xDF4E, 0xFFEF, 0xFFEF, 0xF7EF, 0xF7EF, 0xFFEF, 0xF7F0, 0xF7F0, 0xFFEF, 0xF7EF, 0xFFEF,
	0xFFEF, 0xF7F0, 0xFFF0, 0xFFEF, 0xFFF0, 0xF7EF, 0xFFEF, 0xF7EF, 0xFFEF, 0xFFF0, 0xFFF0, 0x73E9,
	0x0041, 0x0041, 0x0041, 0x0861, 0xB5CC, 0xF7F0, 0xFFEF, 0xFFEF, 0xFFEF, 0xFFEF, 0xFFEF, 0xFFEF,
	0xFFEF, 0xFFEF, 0xFFEF, 0xFFEF, 0xFFEF, 0xFFEF, 0x0041, 0x0041, 0x0041, 0x0041, 0x0041, 0x0041,
	0x0041, 0x0041, 0x0041, 0x0041, 0x0041, 0x0041, 0x0041, 0x0041, 0x0041, 0x0041, 0x0041, 0x52EB,
	0x52EB, 0x0041, 0x0041, 0x0041, 0x0041, 0x0041, 0x0041, 0x0041, 0x0041, 0x0041, 0x0041, 0x0041,
	0x0041, 0x0041, 0x0041, 0x0041, 0x0041, 0x0041, 0x0041, 0x0041, 0x0041, 0x9D2B, 0xFFEF, 0xFFEF,
	0xFFEF, 0xFFEF, 0xFFEF, 0xFFEF, 0xFFEF, 0xFFEF, 0xFFEF, 0xFFEF, 0xFFF0, 0xFFF0, 0xF7EF, 0xB5CC,
	0x18E3, 0x0041, 0x0041, 0x0041, 0x3A05, 0xFFEF, 0xFFF0, 0xFFEF, 0xFFEF, 0xF7EF, 0xFFEF, 0xF7F0,
	0xFFEF, 0xF7EF, 0xF7F0, 0xF7EF, 0xFFF0, 0xF7F0, 0xFFEF, 0xFFEF, 0xF7EF, 0xFFEF, 0xFFEF, 0xF7EF,
	0xFFF0, 0x3A05, 0x0041, 0x0041, 0x0041, 0x18E3, 0xDF2E, 0xFFEF, 0xFFF0, 0xF7EF, 0xFFF0, 0xFFF0,
	0xFFEF, 0xFFEF, 0xFFEF, 0xFFEF, 0xFFEF, 0xFFEF, 0xFFEF, 0xFFEF, 0x52E7, 0x0041, 0x0041, 0x0041,
	0x0041, 0x0041, 0x0041, 0x0041, 0x0041, 0x0041, 0x0041, 0x0041, 0x0041, 0x0041, 0x0041, 0x0041,
	0x0041, 0x0041, 0x0041, 0x0041, 0x0041, 0x0041, 0x0041, 0x0041, 0x0041, 0x0041, 0x0041, 0x0041,
	0x0041, 0x0041, 0x0041, 0x0041, 0x0041, 0x0041, 0x0041, 0x0041, 0x0041, 0x0041, 0x0041, 0x0041,
	0x0041, 0x0041, 0x0041, 0x0041, 0x0041, 0x0041, 0x0041, 0x0041, 0x0041, 0x0041, 0x0041, 0x0041,
	0x0041, 0x0041, 0x0041, 0x0041, 0x0041, 0x0041, 0x0041, 0x0041, 0x0041, 0x0041, 0x0041, 0x0041,
	0x0041, 0x0041, 0x0041, 0x0041, 0x0041, 0x0041, 0x0041, 0x0041, 0x0041, 0x0041, 0x0041, 0x0041,
	0x0041, 0x0041, 0x0041, 0x0041, 0x2143, 0xFFEF, 0xFFEF, 0xFFEF, 0xFFEF, 0xFFEF, 0xFFEF, 0xFFEF,
	0xFFEF, 0xFFEF, 0xFFEF, 0xF7EF, 0xFFF0, 0xFFEF, 0xF7EF, 0x3A05, 0x0041, 0x0041, 0x0041, 0x18E3,
	0xE72E, 0xF7EF, 0xFFEF, 0xFFEF, 0xFFF0, 0xF7EF, 0xFFEF, 0xFFEF, 0xFFF0, 0xFFEF, 0xFFEF, 0xF7EF,
	0xFFEF, 0xFFF0, 0xF7F0, 0xFFEF, 0xFFEF, 0xFFEF, 0xF7EF, 0xFFEF, 0x73E8, 0x0041, 0x0041, 0x0041,
	0x0861, 0xB5CC, 0xF7EF, 0xFFF0, 0xFFEF, 0xFFEF, 0xFFEF, 0xFFEF, 0xFFEF, 0xFFEF, 0xFFEF, 0xFFEF,
	0xFFEF, 0xFFEF, 0xFFEF, 0xFFEF, 0x0041, 0x0041, 0x0041, 0x0041, 0x0041, 0x0041, 0x0041, 0x0041,
	0x0041, 0x0041, 0x0041, 0x0041, 0x0041, 0x0041, 0x0041, 0x0041, 0x0041, 0x52EB, 0x52EB, 0x0041,
	0x0041, 0x0041, 0x0041, 0x0041, 0x0041, 0x0041, 0x0041, 0x0041, 0x0041, 0x0041, 0x0041, 0x0041,
	0x0041, 0x0041, 0x0041, 0x0041, 0x0041, 0x0041, 0x0041, 0x9D2B, 0xFFEF, 0xFFEF, 0xFFEF, 0xFFEF,
	0xFFEF, 0xFFEF, 0xFFEF, 0xFFEF, 0xFFEF, 0xFFEF, 0xFFF0, 0xFFEF, 0xF7F0, 0xFFEF, 0xDF2E, 0x18E3,
	0x0041, 0x0041, 0x0041, 0x3A05, 0xFFEF, 0xF7EF, 0xFFEF, 0xF7EF, 0xF7EF, 0xFFF0, 0xFFF0, 0xFFEF,
	0xF7EF, 0xFFEF, 0xFFF0, 0xFFF0, 0xF7EF, 0xFFF0, 0xF7EF, 0xFFEF, 0xFFEF, 0xE74E, 0x18E3, 0x0041,
	0x0041, 0x0041, 0x18E3, 0xE74E, 0xFFEF, 0xFFEF, 0xF7EF, 0xF7EF, 0xFFEF, 0xFFEF, 0xFFEF, 0xFFEF,
	0xFFEF, 0xFFEF, 0xFFEF, 0xFFEF, 0xFFEF, 0xFFEF, 0x52E7, 0x0041, 0x0041, 0x0041, 0x0041, 0x0041,
	0x0041, 0x0041, 0x0041, 0x0041, 0x0041, 0x0041, 0x0041, 0x0041, 0x0041, 0x0041, 0x0041, 0x0041,
	0x0041, 0x0041, 0x0041, 0x0041, 0x0041, 0x0041, 0x0041, 0x0041, 0x0041, 0x0041, 0x0041, 0x0041,
	0x0041, 0x0041, 0x0041, 0x0041, 0x0041, 0x0041, 0x0041, 0x0041, 0x0041, 0x0041, 0x0041, 0x0041,
	0x0041, 0x0041, 0x0041, 0x0041, 0x0041, 0x0041, 0x0041, 0x0041, 0x0041, 0x0041, 0x0041, 0x0041,
	0x0041, 0x0041, 0x0041, 0x0041, 0x0041, 0x0041, 0x0041, 0x0041, 0x0041, 0x0041, 0x0041, 0x0041,
	0x0041, 0x0041, 0x0041, 0x0041, 0x0041, 0x0041, 0x0041, 0x0041, 0x0041, 0x0041, 0x0041, 0x0041,
	0x0041, 0x0041, 0x2143, 0xFFEF, 0xFFEF, 0xFFEF, 0xFFEF, 0xFFEF, 0xFFEF, 0xFFEF, 0xFFEF, 0xF7EF,
	0xFFEF, 0xFFEF, 0xF7EF, 0xFFEF, 0xF7EF, 0xFFEF, 0x3A05, 0x0041, 0x0041, 0x0041, 0x0861, 0xB5CC,
	0xFFEF, 0xFFEF, 0xF7EF, 0xFFEF, 0xF7F0, 0xF7EF, 0xF7EF, 0xFFF0, 0xFFEF, 0xFFEF, 0xF7EF, 0xF7F0,
	0xFFEF, 0xF7EF, 0xF7F0, 0xFFF0, 0xF7EF, 0x73E9, 0x0041, 0x0041, 0x0041, 0x0861, 0xB5CC, 0xF7EF,
	0xFFEF, 0xF7EF, 0xFFEF, 0xFFEF, 0xFFEF, 0xFFEF, 0xFFEF, 0xFFEF, 0xFFEF, 0xFFEF, 0xFFEF, 0xFFEF,
	0xFFEF, 0xFFEF, 0x0041, 0x0041, 0x0041, 0x0041, 0x0041, 0x0041, 0x0041, 0x0041, 0x0041, 0x0041,
	0x0041, 0x0041, 0x0041, 0x0041, 0x0041, 0x0041, 0x0041, 0x52EB, 0x52EB, 0x0041, 0x0041, 0x0041,
	0x0041, 0x0041, 0x0041, 0x0041, 0x0041, 0x0041, 0x0041, 0x0041, 0x0041, 0x0041, 0x0041, 0x0041,
	0x0041, 0x0041, 0x0041, 0x0041, 0x0041, 0x9D2B, 0xFFEF, 0xFFEF, 0xFFEF, 0xFFEF, 0xFFEF, 0xFFEF,
	0xFFEF, 0xFFEF, 0xFFEF, 0xFFEF, 0xFFEF, 0xF7F0, 0xF7EF, 0xF7F0, 0xFFEF, 0xE74E, 0x18E3, 0x0041,
	0x0041, 0x0041, 0x2143, 0xE74E, 0xFFEF, 0xFFEF, 0xFFEF, 0xF7EF, 0xFFEF, 0xF7EF, 0xFFEF, 0xFFEF,
	0xFFEF, 0xFFEF, 0xFFEF, 0xFFEF, 0xFFEF, 0xFFEF, 0xE74E, 0x18E3, 0x0041, 0x0041, 0x0041, 0x18E3,
	0xE74E, 0xF7EF, 0xFFF0, 0xF7EF, 0xF7EF, 0xFFF0, 0xF7EF, 0xF7F0, 0xFFEF, 0xFFEF, 0xFFEF, 0xFFEF,
	0xFFEF, 0xFFEF, 0xFFEF, 0xFFEF, 0x52E7, 0x0041, 0x0041, 0x0041, 0x0041, 0x0041, 0x0041, 0x0041,
	0x0041, 0x0041, 0x0041, 0x0041, 0x0041, 0x0041, 0x0041, 0x0041, 0x0041, 0x0041, 0x0041, 0x0041,
	0x0041, 0x0041, 0x0041, 0x0041, 0x0041, 0x0041, 0x0041, 0x0041, 0x0041, 0x0041, 0x0041, 0x0041,
	0x0041, 0x0041, 0x0041, 0x0041, 0x0041, 0x0041, 0x0041, 0x0041, 0x0041, 0x0041, 0x0041, 0x0041,
	0x0041, 0x0041, 0x0041, 0x0041, 0x0041, 0x0041, 0x0041, 0x0041, 0x0041, 0x0041, 0x0041, 0x0041,
	0x0041, 0x0041, 0x0041, 0x0041, 0x0041, 0x0041, 0x0041, 0x0041, 0x0041, 0x0041, 0x0041, 0x0041,
	0x0041, 0x0041, 0x0041, 0x0041, 0x0041, 0x0041, 0x0041, 0x0041, 0x0041, 0x0041, 0x0041, 0x0041,
	0x2143, 0xFFEF, 0xFFEF, 0xFFEF, 0xFFEF, 0xFFEF, 0xFFEF, 0xFFEF, 0xF7EF, 0xFFEF, 0xFFF0, 0xF7EF,
	0xFFEF, 0xFFEF, 0xFFF0, 0xFFF0, 0xFFEF, 0x3A05, 0x0041, 0x0041, 0x0041, 0x0861, 0xB5CC, 0xF7EF,
	0xFFEF, 0xF7EF, 0xFFF0, 0xFFF0, 0xFFF0, 0xFFEF, 0xFFEF, 0xFFEF, 0xFFF0, 0xFFEF, 0xF7EF, 0xFFF0,
	0xFFEF, 0xFFEF, 0x6368, 0x0041, 0x0041, 0x0041, 0x0861, 0xB5EC, 0xFFF0, 0xFFEF, 0xFFEF, 0xF7F0,
	0xFFEF, 0xFFEF, 0xFFEF, 0xFFEF, 0xFFEF, 0xFFEF, 0xFFEF, 0xFFEF, 0xFFEF, 0xFFEF, 0xFFEF, 0xFFEF,
	0x0041, 0x0041, 0x0041, 0x0041, 0x0041, 0x0041, 0x0041, 0x0041, 0x0041, 0x0041, 0x0041, 0x0041,
	0x0041, 0x0041, 0x0041, 0x0041, 0x0041, 0x52EB, 0x52EB, 0x0041, 0x0041, 0x0041, 0x0041, 0x0041,
	0x0041, 0x0041, 0x0041, 0x0041, 0x0041, 0x0041, 0x0041, 0x0041, 0x0041, 0x0041, 0x0041, 0x0041,
	0x0041, 0x0041, 0x0041, 0x9D2B, 0xFFEF, 0xFFEF, 0xFFEF, 0xFFEF, 0xFFEF, 0xFFEF, 0xFFEF, 0xFFEF,
	0xFFEF, 0xFFEF, 0xFFF0, 0xF7EF, 0xFFF0, 0xFFEF, 0xFFEF, 0xFFEF, 0xE74E, 0x18E3, 0x0041, 0x0041,
	0x0041, 0x18E3, 0xDF2F, 0xFFF0, 0xFFEF, 0xF7EF, 0xF7EF, 0xF7EF, 0xC66D, 0xE74F, 0xFFEF, 0xFFEF,
	0xF7EF, 0xF7F0, 0xFFF0, 0xDF2E, 0x18E3, 0x0041, 0x0041, 0x0041, 0x2984, 0xDF4E, 0xF7EF, 0xFFF0,
	0xF7EF, 0xF7EF, 0xFFF0, 0xFFEF, 0xF7EF, 0xFFF0, 0xFFEF, 0xFFEF, 0xFFEF, 0xFFEF, 0xFFEF, 0xFFEF,
	0xFFEF, 0xFFEF, 0x52E7, 0x0041, 0x0041, 0x0041, 0x0041, 0x0041, 0x0041, 0x0041, 0x0041, 0x0041,
	0x0041, 0x0041, 0x0041, 0x0041, 0x0041, 0x0041, 0x0041, 0x0041, 0x0041, 0x0041, 0x0041, 0x0041,
	0x0041, 0x0041, 0x0041, 0x0041, 0x0041, 0x0041, 0x0041, 0x0041, 0x0041, 0x0041, 0x0041, 0x0041,
	0x0041, 0x0041, 0x0041, 0x0041, 0x0041, 0x0041, 0x0041, 0x0041, 0x0041, 0x0041, 0x0041, 0x0041,
	0x0041, 0x0041, 0x0041, 0x0041, 0x0041, 0x0041, 0x0041, 0x0041, 0x0041, 0x0041, 0x0041, 0x0041,
	0x0041, 0x0041, 0x0041, 0x0041, 0x0041, 0x0041, 0x0041, 0x0041, 0x0041, 0x0041, 0x0041, 0x0041,
	0x0041, 0x0041, 0x0041, 0x0041, 0x0041, 0x0041, 0x0041, 0x0041, 0x0041, 0x0041, 0x2143, 0xFFEF,
	0xFFEF, 0xFFEF, 0xFFEF, 0xFFEF, 0xFFEF, 0xFFEF, 0xF7EF, 0xFFF0, 0xF7F0, 0xFFF0, 0xFFEF, 0xF7EF,
	0xFFEF, 0xFFEF, 0xFFEF, 0xF7F0, 0x52E7, 0x0041, 0x0041, 0x0041, 0x0861, 0xB5CC, 0xF7EF, 0xFFEF,
	0xFFEF, 0xFFEF, 0xFFEF, 0xF7EF, 0xB5CC, 0xF7F0, 0xF7F0, 0xF7EF, 0xFFEF, 0xF7EF, 0xF7EF, 0x3A05,
	0x0041, 0x0041, 0x0041, 0x0861, 0xB5CC, 0xF7EF, 0xFFF0, 0xFFEF, 0xFFF0, 0xFFF0, 0xFFEF, 0xFFEF,
	0xFFEF, 0xFFEF, 0xFFEF, 0xFFEF, 0xFFEF, 0xFFEF, 0xFFEF, 0xFFEF, 0xFFEF, 0xFFEF, 0x0041, 0x0041,
	0x0041, 0x0041, 0x0041, 0x0041, 0x0041, 0x0041, 0x0041, 0x0041, 0x0041, 0x0041, 0x0041, 0x0041,
	0x0041, 0x0041, 0x0041, 0x52EB, 0x52EB, 0x0041, 0x0041, 0x0041, 0x0041, 0x0041, 0x0041, 0x0041,
	0x0041, 0x0041, 0x0041, 0x0041, 0x0041, 0x0041, 0x0041, 0x0041, 0x0041, 0x0041, 0x0041, 0x0041,
	0x0041, 0x9D2B, 0xFFEF, 0xFFEF, 0xFFEF, 0xFFEF, 0xFFEF, 0xFFEF, 0xFFEF, 0xFFEF, 0xFFEF, 0xFFEF,
	0xF7F0, 0xFFEF, 0xFFF0, 0xF7EF, 0xF7F0, 0xFFEF, 0xFFF0, 0xE74E, 0x18E3, 0x0041, 0x0041, 0x0041,
	0x18E3, 0xDF4E, 0xE74E, 0x6368, 0x18E3, 0x0041, 0x0041, 0x0041, 0x0041, 0x18E3, 0x52E7, 0xC68D,
	0xDF4E, 0x18E3, 0x0041, 0x0041, 0x0041, 0x3A05, 0xF7F0, 0xFFF0, 0xF7EF, 0xFFF0, 0xFFF0, 0xFFEF,
	0xF7EF, 0xF7EF, 0xFFEF, 0xF7EF, 0xFFEF, 0xFFEF, 0xFFEF, 0xFFEF, 0xFFEF, 0xFFEF, 0xFFEF, 0xFFEF,
	0x52E7, 0x0041, 0x0041, 0x0041, 0x0041, 0x0041, 0x0041, 0x0041, 0x0041, 0x0041, 0x0041, 0x0041,
	0x0041, 0x0041, 0x0041, 0x0041, 0x0041, 0x0041, 0x0041, 0x0041, 0x0041, 0x0041, 0x0041, 0x0041,
	0x0041, 0x0041, 0x0041, 0x0041, 0x0041, 0x0041, 0x0041, 0x0041, 0x0041, 0x0041, 0x0041, 0x0041,
	0x0041, 0x0041, 0x0041, 0x0041, 0x0041, 0x0041, 0x0041, 0x0041, 0x0041, 0x0041, 0x0041, 0x0041,
	0x0041, 0x0041, 0x0041, 0x0041, 0x0041, 0x0041, 0x0041, 0x0041, 0x0041, 0x0041, 0x0041, 0x0041,
	0x0041, 0x0041, 0x0041, 0x0041, 0x0041, 0x0041, 0x0041, 0x0041, 0x0041, 0x0041, 0x0041, 0x0041,
	0x0041, 0x0041, 0x0041, 0x0041, 0x0041, 0x0041, 0x0041, 0x0041, 0x2143, 0xFFEF, 0xFFEF, 0xFFEF,
	0xFFEF, 0xFFEF, 0xFFEF, 0xFFEF, 0xFFF0, 0xF7EF, 0xFFF0, 0xFFF0, 0xFFEF, 0xF7F0, 0xF7EF, 0xFFEF,
	0xF7EF, 0xFFEF, 0xFFF0, 0x73E9, 0x0041, 0x0041, 0x0041, 0x0861, 0x9D2B, 0xF7EF, 0x73E9, 0x2984,
	0x0861, 0x0041, 0x0041, 0x0041, 0x10A2, 0x3A05, 0xA52B, 0xF7EF, 0x3A05, 0x0041, 0x0041, 0x0041,
	0x0861, 0xB5CC, 0xFFF0, 0xFFF0, 0xFFEF, 0xFFF0, 0xFFEF, 0xFFEF, 0xFFEF, 0xFFEF, 0xFFEF, 0xFFEF,
	0xFFEF, 0xFFEF, 0xFFEF, 0xFFEF, 0xFFEF, 0xFFEF, 0xFFEF, 0xFFEF, 0x0041, 0x0041, 0x0041, 0x0041,
	0x0041, 0x0041, 0x0041, 0x0041, 0x0041, 0x0041, 0x0041, 0x0041, 0x0041, 0x0041, 0x0041, 0x0041,
	0x0041, 0x52EB, 0x52EB, 0x0041, 0x0041, 0x0041, 0x0041, 0x0041, 0x0041, 0x0041, 0x0041, 0x0041,
	0x0041, 0x0041, 0x0041, 0x0041, 0x0041, 0x0041, 0x0041, 0x0041, 0x0041, 0x0041, 0x0041, 0x9D2B,
	0xFFEF, 0xFFEF, 0xFFEF, 0xFFEF, 0xFFEF, 0xFFEF, 0xFFEF, 0xFFEF, 0xFFEF, 0xFFEF, 0xFFEF, 0xF7EF,
	0xF7F0, 0xFFEF, 0xF7EF, 0xFFEF, 0xFFEF, 0xFFEF, 0xF7F0, 0x3A05, 0x0041, 0x0041, 0x0041, 0x10A2,
	0x0861, 0x0041, 0x0041, 0x0041, 0x0041, 0x0041, 0x0041, 0x0041, 0x0041, 0x0861, 0x10A2, 0x0041,
	0x0041, 0x0041, 0x3A05, 0xFFEF, 0xFFEF, 0xFFEF, 0xFFF0, 0xFFEF, 0xFFF0, 0xFFEF, 0xF7F0, 0xFFF0,
	0xF7EF, 0xFFEF, 0xFFEF, 0xFFEF, 0xFFEF, 0xFFEF, 0xFFEF, 0xFFEF, 0xFFEF, 0xFFEF, 0x52E7, 0x0041,
	0x0041, 0x0041, 0x0041, 0x0041, 0x0041, 0x0041, 0x0041, 0x0041, 0x0041, 0x0041, 0x0041, 0x0041,
	0x0041, 0x0041, 0x0041, 0x0041, 0x0041, 0x0041, 0x0041, 0x0041, 0x0041, 0x0041, 0x0041, 0x0041,
	0x0041, 0x0041, 0x0041, 0x0041, 0x0041, 0x0041, 0x0041, 0x0041, 0x0041, 0x0041, 0x0041, 0x0041,
	0x0041, 0x0041, 0x0041, 0x0041, 0x0041, 0x0041, 0x0041, 0x0041, 0x0041, 0x0041, 0x0041, 0x0041,
	0x0041, 0x0041, 0x0041, 0x0041, 0x0041, 0x0041, 0x0041, 0x0041, 0x0041, 0x0041, 0x0041, 0x0041,
	0x0041, 0x0041, 0x0041, 0x0041, 0x0041, 0x0041, 0x0041, 0x0041, 0x0041, 0x0041, 0x0041, 0x0041,
	0x0041, 0x0041, 0x0041, 0x0041, 0x0041, 0x0041, 0x2143, 0xFFEF, 0xFFEF, 0xFFEF, 0xFFEF, 0xFFEF,
	0xFFEF, 0xFFEF, 0xFFEF, 0xF7EF, 0xF7EF, 0xFFEF, 0xFFEF, 0xFFEF, 0xFFF0, 0xF7EF, 0xFFF0, 0xFFF0,
	0xF7EF, 0xFFEF, 0x73E9, 0x0041, 0x0041, 0x0041, 0x0041, 0x10A2, 0x0041, 0x0041, 0x0041, 0x0041,
	0x0041, 0x0041, 0x0041, 0x0041, 0x0041, 0x10A2, 0x0041, 0x0041, 0x0041, 0x10A2, 0xB5CC, 0xF7EF,
	0xFFEF, 0xF7F0, 0xF7EF, 0xFFEF, 0xFFF0, 0xF7F0, 0xFFEF, 0xFFEF, 0xFFEF, 0xFFEF, 0xFFEF, 0xFFEF,
	0xFFEF, 0xFFEF, 0xFFEF, 0xFFEF, 0xFFEF, 0xFFEF, 0x0041, 0x0041, 0x0041, 0x0041, 0x0041, 0x0041,
	0x0041, 0x0041, 0x0041, 0x0041, 0x0041, 0x0041, 0x0041, 0x0041, 0x0041, 0x0041, 0x0041, 0x52EB,
	0x52EB, 0x0041, 0x0041, 0x0041, 0x0041, 0x0041, 0x0041, 0x0041, 0x0041, 0x0041, 0x0041, 0x0041,
	0x0041, 0x0041, 0x0041, 0x0041, 0x0041, 0x0041, 0x0041, 0x0041, 0x0041, 0x9D2B, 0xFFEF, 0xFFEF,
	0xFFEF, 0xFFEF, 0xFFF0, 0xFFF0, 0xFFEF, 0xFFEF, 0xFFEF, 0xFFF0, 0xF7EF, 0xFFEF, 0xFFEF, 0xFFEF,
	0xFFEF, 0xFFEF, 0xFFEF, 0xFFEF, 0xFFEF, 0xFFEF, 0x3A05, 0x0041, 0x0041, 0x0041, 0x0041, 0x0041,
	0x0041, 0x0041, 0x0041, 0x0041, 0x0041, 0x0041, 0x0041, 0x0041, 0x0041, 0x0041, 0x0041, 0x3A05,
	0xF7F0, 0xFFEF, 0xF7EF, 0xFFEF, 0xFFEF, 0xFFEF, 0xF7F0, 0xF7EF, 0xFFEF, 0xFFF0, 0xFFF0, 0xF7EF,
	0xFFEF, 0xFFEF, 0xFFEF, 0xFFEF, 0xFFEF, 0xFFEF, 0xFFEF, 0xFFEF, 0x52E7, 0x0041, 0x0041, 0x0041,
	0x0041, 0x0041, 0x0041, 0x0041, 0x0041, 0x0041, 0x0041, 0x0041, 0x0041, 0x0041, 0x0041, 0x0041,
	0x0041, 0x0041, 0x0041, 0x0041, 0x0041, 0x0041, 0x0041, 0x0041, 0x0041, 0x0041, 0x0041, 0x0041,
	0x0041, 0x0041, 0x0041, 0x0041, 0x0041, 0x0041, 0x0041, 0x0041, 0x0041, 0x0041, 0x0041, 0x0041,
	0x0041, 0x0041, 0x0041, 0x0041, 0x0041, 0x0041, 0x0041, 0x0041, 0x0041, 0x0041, 0x0041, 0x0041,
	0x0041, 0x0041, 0x0041, 0x0041, 0x0041, 0x0041, 0x0041, 0x0041, 0x0041, 0x0041, 0x0041, 0x0041,
	0x0041, 0x0041, 0x0041, 0x0041, 0x0041, 0x0041, 0x0041, 0x0041, 0x0041, 0x0041, 0x0041, 0x0041,
	0x0041, 0x0041, 0x0041, 0x0041, 0x2143, 0xFFEF, 0xFFEF, 0xFFEF, 0xFFEF, 0xFFEF, 0xFFEF, 0xFFEF,
	0xFFEF, 0xFFEF, 0xFFEF, 0xFFF0, 0xF7EF, 0xFFEF, 0xFFF0, 0xFFF0, 0xFFEF, 0xFFEF, 0xF7EF, 0xFFEF,
	0xFFF0, 0x7409, 0x0041, 0x0041, 0x0041, 0x0041, 0x0041, 0x0041, 0x0041, 0x0041, 0x0041, 0x0041,
	0x0041, 0x0041, 0x0041, 0x0041, 0x0041, 0x0041, 0x18E3, 0xE74E, 0xFFEF, 0xF7F0, 0xF7F0, 0xFFEF,
	0xFFEF, 0xFFF0, 0xFFEF, 0xFFEF, 0xFFEF, 0xFFF0, 0xFFEF, 0xFFF0, 0xFFEF, 0xF7EF, 0xF7EF, 0xFFEF,
	0xFFEF, 0xFFEF, 0xFFEF, 0xFFEF, 0x0041, 0x0041, 0x0041, 0x0041, 0x0041, 0x0041, 0x0041, 0x0041,
	0x0041, 0x0041, 0x0041, 0x0041, 0x0041, 0x0041, 0x0041, 0x0041, 0x0041, 0x52EB, 0x52EB, 0x0041,
	0x0041, 0x0041, 0x0041, 0x0041, 0x0041, 0x0041, 0x0041, 0x0041, 0x0041, 0x0041, 0x0041, 0x0041,
	0x0041, 0x0041, 0x0041, 0x0041, 0x0041, 0x0041, 0x0041, 0x9D2B, 0xFFEF, 0xFFEF, 0xFFEF, 0xFFEF,
	0xFFEF, 0xFFEF, 0xFFEF, 0xFFEF, 0xFFF0, 0xFFEF, 0xFFF0, 0xF7EF, 0xF7EF, 0xFFEF, 0xFFF0, 0xFFEF,
	0xFFEF, 0xFFF0, 0xFFEF, 0xFFEF, 0x73E9, 0x0041, 0x0041, 0x0041, 0x0041, 0x10A2, 0x6368, 0x9D2B,
	0xFFF0, 0xFFEF, 0xB5CC, 0x6368, 0x10A2, 0x0041, 0x0041, 0x0041, 0x0041, 0x73E9, 0xFFF0, 0xF7EF,
	0xFFEF, 0xFFEF, 0xFFEF, 0xFFEF, 0xFFF0, 0xFFEF, 0xFFEF, 0xFFF0, 0xF7EF, 0xF7F0, 0xFFEF, 0xFFEF,
	0xFFEF, 0xFFEF, 0xFFEF, 0xFFEF, 0xFFEF, 0xFFEF, 0x52E7, 0x0041, 0x0041, 0x0041, 0x0041, 0x0041,
	0x0041, 0x0041, 0x0041, 0x0041, 0x0041, 0x0041, 0x0041, 0x0041, 0x0041, 0x0041, 0x0041, 0x0041,
	0x0041, 0x0041, 0x0041, 0x0041, 0x0041, 0x0041, 0x0041, 0x0041, 0x0041, 0x0041, 0x0041, 0x0041,
	0x0041, 0x0041, 0x0041, 0x0041, 0x0041, 0x0041, 0x0041, 0x0041, 0x0041, 0x0041, 0x0041, 0x0041,
	0x0041, 0x0041, 0x0041, 0x0041, 0x0041, 0x0041, 0x0041, 0x0041, 0x0041, 0x0041, 0x0041, 0x0041,
	0x0041, 0x0041, 0x0041, 0x0041, 0x0041, 0x0041, 0x0041, 0x0041, 0x0041, 0x0041, 0x0041, 0x0041,
	0x0041, 0x0041, 0x0041, 0x0041, 0x0041, 0x0041, 0x0041, 0x0041, 0x0041, 0x0041, 0x0041, 0x0041,
	0x0041, 0x0041, 0x2143, 0xFFEF, 0xFFEF, 0xFFEF, 0xFFEF, 0xFFEF, 0xFFEF, 0xFFEF, 0xF7EF, 0xFFF0,
	0xF7EF, 0xF7F0, 0xFFF0, 0xFFEF, 0xFFEF, 0xFFEF, 0xFFF0, 0xFFEF, 0xF7F0, 0xFFF0, 0xF7EF, 0xB5CC,
	0x10A2, 0x0041, 0x0041, 0x0041, 0x0041, 0x3A05, 0x8C8A, 0xDF4E, 0xF7F0, 0xCE8D, 0x73E9, 0x2144,
	0x0041, 0x0041, 0x0041, 0x0041, 0x3A05, 0xDF4E, 0xFFEF, 0xF7F0, 0xFFEF, 0xFFF0, 0xF7EF, 0xFFEF,
	0xFFF0, 0xFFF0, 0xFFEF, 0xFFEF, 0xFFEF, 0xFFEF, 0xFFEF, 0xFFF0, 0xF7F0, 0xFFEF, 0xFFEF, 0xFFEF,
	0xFFEF, 0xFFEF, 0x0041, 0x0041, 0x0041, 0x0041, 0x0041, 0x0041, 0x0041, 0x0041, 0x0041, 0x0041,
	0x0041, 0x0041, 0x0041, 0x0041, 0x0041, 0x0041, 0x0041, 0x52EB, 0x52EB, 0x0041, 0x0041, 0x0041,
	0x0041, 0x0041, 0x0041, 0x0041, 0x0041, 0x0041, 0x0041, 0x0041, 0x0041, 0x0041, 0x0041, 0x0041,
	0x0041, 0x0041, 0x0041, 0x0041, 0x0041, 0x9D2B, 0xFFEF, 0xFFEF, 0xFFF0, 0xFFEF, 0xFFF0, 0xFFF0,
	0xFFEF, 0xF7EF, 0xFFEF, 0xFFEF, 0xF7F0, 0xF7EF, 0xFFF0, 0xFFEF, 0xF7EF, 0xF7EF, 0xFFEF, 0xFFF0,
	0x9D2B, 0x18E3, 0x0041, 0x0041, 0x0041, 0x0041, 0x4266, 0xE74E, 0xFFF0, 0xFFEF, 0xF7EF, 0xFFEF,
	0xFFEF, 0xFFF0, 0xDF4E, 0x4A66, 0x0041, 0x0041, 0x0041, 0x0041, 0x2143, 0x9D2B, 0xF7EF, 0xFFF0,
	0xFFF0, 0xFFEF, 0xF7F0, 0xFFF0, 0xF7EF, 0xF7EF, 0xFFEF, 0xFFF0, 0xFFEF, 0xFFEF, 0xFFEF, 0xFFEF,
	0xFFEF, 0xFFEF, 0xFFEF, 0xFFEF, 0x52E7, 0x0041, 0x0041, 0x0041, 0x0041, 0x0041, 0x0041, 0x0041,
	0x0041, 0x0041, 0x0041, 0x0041, 0x0041, 0x0041, 0x0041, 0x0041, 0x0041, 0x0041, 0x0041, 0x0041,
	0x0041, 0x0041, 0x0041, 0x0041, 0x0041, 0x0041, 0x0041, 0x0041, 0x0041, 0x0041, 0x0041, 0x0041,
	0x0041, 0x0041, 0x0041, 0x0041, 0x0041, 0x0041, 0x0041, 0x0041, 0x0041, 0x0041, 0x0041, 0x0041,
	0x0041, 0x0041, 0x0041, 0x0041, 0x0041, 0x0041, 0x0041, 0x0041, 0x0041, 0x0041, 0x0041, 0x0041,
	0x0041, 0x0041, 0x0041, 0x0041, 0x0041, 0x0041, 0x0041, 0x0041, 0x0041, 0x0041, 0x0041, 0x0041,
	0x0041, 0x0041, 0x0041, 0x0041, 0x0041, 0x0041, 0x0041, 0x0041, 0x0041, 0x0041, 0x0041, 0x0041,
	0x2143, 0xFFEF, 0xFFEF, 0xFFEF, 0xFFEF, 0xFFEF, 0xFFEF, 0xFFEF, 0xFFEF, 0xF7EF, 0xFFEF, 0xFFEF,
	0xF7EF, 0xFFEF, 0xFFF0, 0xF7EF, 0xF7EF, 0xFFEF, 0xFFEF, 0xCE6D, 0x3A05, 0x0041, 0x0041, 0x0041,
	0x0041, 0x2144, 0xB5CC, 0xFFF0, 0xF7EF, 0xFFEF, 0xF7F0, 0xF7EF, 0xFFEF, 0xFFF0, 0x8C8A, 0x0861,
	0x0041, 0x0041, 0x0041, 0x0861, 0x73E8, 0xFFEF, 0xF7EF, 0xF7EF, 0xF7EF, 0xF7EF, 0xFFF0, 0xFFEF,
	0xFFEF, 0xFFEF, 0xFFEF, 0xFFEF, 0xFFEF, 0xF7EF, 0xFFEF, 0xFFF0, 0xFFEF, 0xFFEF, 0xFFEF, 0xFFEF,
	0x0041, 0x0041, 0x0041, 0x0041, 0x0041, 0x0041, 0x0041, 0x0041, 0x0041, 0x0041, 0x0041, 0x0041,
	0x0041, 0x0041, 0x0041, 0x0041, 0x0041, 0x52EB, 0x52EB, 0x0041, 0x0041, 0x0041, 0x0041, 0x0041,
	0x0041, 0x0041, 0x0041, 0x0041, 0x0041, 0x0041, 0x0041, 0x0041, 0x0041, 0x0041, 0x0041, 0x0041,
	0x0041, 0x0041, 0x0041, 0x9D2B, 0xFFEF, 0xFFEF, 0xFFF0, 0xFFEF, 0xFFF0, 0xFFF0, 0xFFEF, 0xFFEF,
	0xF7EF, 0xFFEF, 0xFFEF, 0xFFEF, 0xFFEF, 0xF7EF, 0xFFF0, 0xFFF0, 0xCE8D, 0x29A4, 0x0041, 0x0041,
	0x0041, 0x0041, 0x2143, 0xB5CC, 0xFFF0, 0xFFEF, 0xFFF0, 0xFFF0, 0xFFF0, 0xFFEF, 0xF7F0, 0xFFF0,
	0xFFEF, 0xFFEF, 0xB5CC, 0x2143, 0x0041, 0x0041, 0x0041, 0x0041, 0x3A05, 0xDF4E, 0xFFEF, 0xF7EF,
	0xFFEF, 0xFFF0, 0xF7F0, 0xFFEF, 0xFFF0, 0xFFEF, 0xFFEF, 0xFFEF, 0xFFEF, 0xFFEF, 0xFFEF, 0xFFEF,
	0xFFEF, 0xFFEF, 0x52E7, 0x0041, 0x0041, 0x0041, 0x0041, 0x0041, 0x0041, 0x0041, 0x0041, 0x0041,
	0x0041, 0x0041, 0x0041, 0x0041, 0x0041, 0x0041, 0x0041, 0x0041, 0x0041, 0x0041, 0x0041, 0x0041,
	0x0041, 0x0041, 0x0041, 0x0041, 0x0041, 0x0041, 0x0041, 0x0041, 0x0041, 0x0041, 0x0041, 0x0041,
	0x0041, 0x0041, 0x0041, 0x0041, 0x0041, 0x0041, 0x0041, 0x0041, 0x0041, 0x0041, 0x0041, 0x0041,
	0x0041, 0x0041, 0x0041, 0x0041, 0x0041, 0x0041, 0x0041, 0x0041, 0x0041, 0x0041, 0x0041, 0x0041,
	0x0041, 0x0041, 0x0041, 0x0041, 0x0041, 0x0041, 0x0041, 0x0041, 0x0041, 0x0041, 0x0041, 0x0041,
	0x0041, 0x0041, 0x0041, 0x0041, 0x0041, 0x0041, 0x0041, 0x0041, 0x0041, 0x0041, 0x2143, 0xFFEF,
	0xFFEF, 0xFFEF, 0xFFEF, 0xFFEF, 0xFFEF, 0xFFEF, 0xFFEF, 0xFFF0, 0xF7F0, 0xF7EF, 0xFFEF, 0xFFF0,
	0xFFEF, 0xFFEF, 0xFFEF, 0xDF4E, 0x52E7, 0x0861, 0x0041, 0x0041, 0x0041, 0x10A2, 0x7BE9, 0xF7EF,
	0xFFF0, 0xF7EF, 0xFFEF, 0xF7F0, 0xFFF0, 0xF7EF, 0xF7F0, 0xFFEF, 0xFFF0, 0xE74E, 0x4A66, 0x0041,
	0x0041, 0x0041, 0x0041, 0x18E3, 0x9D2B, 0xFFF0, 0xFFEF, 0xFFEF, 0xFFEF, 0xFFEF, 0xF7F0, 0xFFF0,
	0xFFEF, 0xFFEF, 0xF7F0, 0xF7EF, 0xFFF0, 0xFFEF, 0xFFEF, 0xFFEF, 0xFFEF, 0xFFEF, 0x0041, 0x0041,
	0x0041, 0x0041, 0x0041, 0x0041, 0x0041, 0x0041, 0x0041, 0x0041, 0x0041, 0x0041, 0x0041, 0x0041,
	0x0041, 0x0041, 0x0041, 0x52EB, 0x52EB, 0x0041, 0x0041, 0x0041, 0x0041, 0x0041, 0x0041, 0x0041,
	0x0041, 0x0041, 0x0041, 0x0041, 0x0041, 0x0041, 0x0041, 0x0041, 0x0041, 0x0041, 0x0041, 0x0041,
	0x0041, 0x9D2B, 0xFFEF, 0xFFEF, 0xFFEF, 0xFFEF, 0xFFEF, 0xFFEF, 0xF7EF, 0xFFEF, 0xFFF0, 0xFFF0,
	0xFFEF, 0xFFEF, 0xF7F0, 0xFFEF, 0xE72F, 0x4A66, 0x0041, 0x0041, 0x0041, 0x0041, 0x10A2, 0x8C8A,
	0xFFEF, 0xFFF0, 0xF7EF, 0xF7EF, 0xFFEF, 0xFFEF, 0xFFEF, 0xFFF0, 0xF7EF, 0xFFEF, 0xFFEF, 0xF7EF,
	0xF7EF, 0xF7EF, 0x73E9, 0x0861, 0x0041, 0x0041, 0x0041, 0x0861, 0x52E7, 0xF7EF, 0xFFEF, 0xFFEF,
	0xF7EF, 0xF7F0, 0xF7EF, 0xFFEF, 0xFFEF, 0xFFEF, 0xFFEF, 0xFFEF, 0xFFEF, 0xFFEF, 0xFFEF, 0xFFEF,
	0x52E7, 0x0041, 0x0041, 0x0041, 0x0041, 0x0041, 0x0041, 0x0041, 0x0041, 0x0041, 0x0041, 0x0041,
	0x0041, 0x0041, 0x0041, 0x0041, 0x0041, 0x0041, 0x0041, 0x0041, 0x0041, 0x0041, 0x0041, 0x0041,
	0x0041, 0x0041, 0x0041, 0x0041, 0x0041, 0x0041, 0x0041, 0x0041, 0x0041, 0x0041, 0x0041, 0x0041,
	0x0041, 0x0041, 0x0041, 0x0041, 0x0041, 0x0041, 0x0041, 0x0041, 0x0041, 0x0041, 0x0041, 0x0041,
	0x0041, 0x0041, 0x0041, 0x0041, 0x0041, 0x0041, 0x0041, 0x0041, 0x0041, 0x0041, 0x0041, 0x0041,
	0x0041, 0x0041, 0x0041, 0x0041, 0x0041, 0x0041, 0x0041, 0x0041, 0x0041, 0x0041, 0x0041, 0x0041,
	0x0041, 0x0041, 0x0041, 0x0041, 0x0041, 0x0041, 0x0041, 0x0041, 0x2143, 0xFFEF, 0xFFEF, 0xFFEF,
	0xFFEF, 0xFFEF, 0xFFEF, 0xFFEF, 0xF7F0, 0xFFF0, 0xFFEF, 0xFFEF, 0xFFF0, 0xF7EF, 0xF7EF, 0xFFEF,
	0x7BE9, 0x10A2, 0x0041, 0x0041, 0x0041, 0x0041, 0x52C7, 0xDF4E, 0xFFEF, 0xF7F0, 0xFFEF, 0xFFF0,
	0xF7EF, 0xFFEF, 0xFFEF, 0xFFF0, 0xFFEF, 0xFFF0, 0xF7EF, 0xF7EF, 0xFFF0, 0xB5CC, 0x2143, 0x0041,
	0x0041, 0x0041, 0x0041, 0x2984, 0xCE8D, 0xF7EF, 0xFFEF, 0xFFEF, 0xF7EF, 0xF7EF, 0xFFEF, 0xFFF0,
	0xFFEF, 0xFFEF, 0xFFF0, 0xFFEF, 0xFFEF, 0xFFEF, 0xFFEF, 0xFFEF, 0x0041, 0x0041, 0x0041, 0x0041,
	0x0041, 0x0041, 0x0041, 0x0041, 0x0041, 0x0041, 0x0041, 0x0041, 0x0041, 0x0041, 0x0041, 0x0041,
	0x0041, 0x52EB, 0x52EB, 0x0041, 0x0041, 0x0041, 0x0041, 0x0041, 0x0041, 0x0041, 0x0041, 0x0041,
	0x0041, 0x0041, 0x0041, 0x0041, 0x0041, 0x0041, 0x0041, 0x0041, 0x0041, 0x0041, 0x0041, 0x9D2B,
	0xFFEF, 0xFFEF, 0xFFEF, 0xFFEF, 0xF7EF, 0xFFEF, 0xFFEF, 0xFFF0, 0xF7EF, 0xFFEF, 0xF7F0, 0xFFEF,
	0xF7EF, 0x6368, 0x0861, 0x0041, 0x0041, 0x0041, 0x0041, 0x52E7, 0xE74E, 0xF7EF, 0xFFF0, 0xF7EF,
	0xFFF0, 0xFFEF, 0xF7F0, 0xFFF0, 0xFFEF, 0xFFEF, 0xF7EF, 0xF7EF, 0xFFEF, 0xFFF0, 0xFFF0, 0xFFEF,
	0xFFF0, 0xE74F, 0x4266, 0x0041, 0x0041, 0x0041, 0x0041, 0x10A2, 0x8C8A, 0xF7EF, 0xFFF0, 0xFFEF,
	0xFFEF, 0xFFEF, 0xFFEF, 0xFFEF, 0xFFEF, 0xFFEF, 0xFFEF, 0xFFEF, 0xFFEF, 0xFFEF, 0x52E7, 0x0041,
	0x0041, 0x0041, 0x0041, 0x0041, 0x0041, 0x0041, 0x0041, 0x0041, 0x0041, 0x0041, 0x0041, 0x0041,
	0x0041, 0x0041, 0x0041, 0x0041, 0x0041, 0x0041, 0x0041, 0x0041, 0x0041, 0x0041, 0x0041, 0x0041,
	0x0041, 0x0041, 0x0041, 0x0041, 0x0041, 0x0041, 0x0041, 0x0041, 0x0041, 0x0041, 0x0041, 0x0041,
	0x0041, 0x0041, 0x0041, 0x0041, 0x0041, 0x0041, 0x0041, 0x0041, 0x0041, 0x0041, 0x0041, 0x0041,
	0x0041, 0x0041, 0x0041, 0x0041, 0x0041, 0x0041, 0x0041, 0x0041, 0x0041, 0x0041, 0x0041, 0x0041,
	0x0041, 0x0041, 0x0041, 0x0041, 0x0041, 0x0041, 0x0041, 0x0041, 0x0041, 0x0041, 0x0041, 0x0041,
	0x0041, 0x0041, 0x0041, 0x0041, 0x0041, 0x0041, 0x2143, 0xFFEF, 0xFFEF, 0xFFEF, 0xFFEF, 0xFFEF,
	0xFFEF, 0xFFEF, 0xFFF0, 0xFFEF, 0xFFEF, 0xF7EF, 0xFFF0, 0xFFF0, 0x9D2B, 0x2143, 0x0041, 0x0041,
	0x0041, 0x0041, 0x2143, 0xCE8D, 0xF7EF, 0xFFEF, 0xFFEF, 0xFFF0, 0xF7EF, 0xF7EF, 0xFFF0, 0xF7EF,
	0xFFF0, 0xF7EF, 0xFFEF, 0xF7EF, 0xF7F0, 0xFFF0, 0xFFEF, 0xF7EF, 0xFFEF, 0x73E9, 0x0861, 0x0041,
	0x0041, 0x0041, 0x0861, 0x52E7, 0xDF2E, 0xFFEF, 0xFFEF, 0xFFF0, 0xFFEF, 0xF7EF, 0xFFEF, 0xFFEF,
	0xFFF0, 0xF7EF, 0xFFEF, 0xFFEF, 0xFFEF, 0xFFEF, 0x0041, 0x0041, 0x0041, 0x0041, 0x0041, 0x0041,
	0x0041, 0x0041, 0x0041, 0x0041, 0x0041, 0x0041, 0x0041, 0x0041, 0x0041, 0x0041, 0x0041, 0x52EB,
	0x52EB, 0x0041, 0x0041, 0x0041, 0x0041, 0x0041, 0x0041, 0x0041, 0x0041, 0x0041, 0x0041, 0x0041,
	0x0041, 0x0041, 0x0041, 0x0041, 0x0041, 0x0041, 0x0041, 0x0041, 0x0041, 0x9D2B, 0xFFEF, 0xFFEF,
	0xFFEF, 0xFFF0, 0xFFEF, 0xF7EF, 0xFFF0, 0xF7EF, 0xFFEF, 0xF7F0, 0xFFEF, 0x9D2B, 0x10A2, 0x0041,
	0x0041, 0x0041, 0x0041, 0x2984, 0xCE8D, 0xFFEF, 0xFFEF, 0xF7EF, 0xFFEF, 0xFFEF, 0xFFEF, 0xFFEF,
	0xF7EF, 0xFFEF, 0xFFEF, 0xFFEF, 0xFFEF, 0xFFEF, 0xFFF0, 0xFFEF, 0xFFEF, 0xF7EF, 0xFFEF, 0xF7EF,
	0xFFF0, 0xB5CC, 0x2143, 0x0041, 0x0041, 0x0041, 0x0041, 0x2144, 0xCE6D, 0xFFF0, 0xF7EF, 0xFFF0,
	0xFFEF, 0xFFEF, 0xFFEF, 0xFFEF, 0xFFEF, 0xFFEF, 0xFFEF, 0xFFEF, 0x52E7, 0x0041, 0x0041, 0x0041,
	0x0041, 0x0041, 0x0041, 0x0041, 0x0041, 0x0041, 0x0041, 0x0041, 0x0041, 0x0041, 0x0041, 0x0041,
	0x0041, 0x0041, 0x0041, 0x0041, 0x0041, 0x0041, 0x0041, 0x0041, 0x0041, 0x0041, 0x0041, 0x0041,
	0x0041, 0x0041, 0x0041, 0x0041, 0x0041, 0x0041, 0x0041, 0x0041, 0x0041, 0x0041, 0x0041, 0x0041,
	0x0041, 0x0041, 0x0041, 0x0041, 0x0041, 0x0041, 0x0041, 0x0041, 0x0041, 0x0041, 0x0041, 0x0041,
	0x0041, 0x0041, 0x0041, 0x0041, 0x0041, 0x0041, 0x0041, 0x0041, 0x0041, 0x0041, 0x0041, 0x0041,
	0x0041, 0x0041, 0x0041, 0x0041, 0x0041, 0x0041, 0x0041, 0x0041, 0x0041, 0x0041, 0x0041, 0x0041,
	0x0041, 0x0041, 0x0041, 0x0041, 0x2143, 0xFFEF, 0xFFEF, 0xFFEF, 0xFFEF, 0xFFEF, 0xFFEF, 0xFFEF,
	0xFFEF, 0xFFF0, 0xFFEF, 0xFFEF, 0xCE8D, 0x29A4, 0x0041, 0x0041, 0x0041, 0x0041, 0x10A2, 0x9D2B,
	0xF7EF, 0xF7F0, 0xFFEF, 0xF7F0, 0xFFEF, 0xFFEF, 0xFFEF, 0xFFEF, 0xFFEF, 0xFFEF, 0xF7EF, 0xF7F0,
	0xFFF0, 0xFFEF, 0xFFF0, 0xF7F0, 0xF7F0, 0xFFF0, 0xFFEF, 0xFFEF, 0xDF4E, 0x4A66, 0x0041, 0x0041,
	0x0041, 0x0041, 0x10A2, 0x73E9, 0xF7EF, 0xFFEF, 0xFFF0, 0xF7EF, 0xF7EF, 0xFFF0, 0xFFEF, 0xFFEF,
	0xFFEF, 0xFFEF, 0xFFEF, 0xFFEF, 0x0041, 0x0041, 0x0041, 0x0041, 0x0041, 0x0041, 0x0041, 0x0041,
	0x0041, 0x0041, 0x0041, 0x0041, 0x0041, 0x0041, 0x0041, 0x0041, 0x0041, 0x52EB, 0x52EB, 0x0041,
	0x0041, 0x0041, 0x0041, 0x0041, 0x0041, 0x0041, 0x0041, 0x0041, 0x0041, 0x0041, 0x0041, 0x0041,
	0x0041, 0x0041, 0x0041, 0x0041, 0x0041, 0x0041, 0x0041, 0x9D2B, 0xFFEF, 0xFFEF, 0xFFF0, 0xFFEF,
	0xFFEF, 0xFFEF, 0xFFF0, 0xFFEF, 0xF7F0, 0xB5CC, 0x2144, 0x0041, 0x0041, 0x0041, 0x0041, 0x10A2,
	0x9D2B, 0xFFEF, 0xFFF0, 0xF7F0, 0xFFF0, 0xFFEF, 0xF7EF, 0xFFEF, 0xFFEF, 0xF7F0, 0xFFEF, 0xF7EF,
	0xF7F0, 0xF7F0, 0xFFEF, 0xFFEF, 0xFFF0, 0xF7EF, 0xFFF0, 0xF7F0, 0xF7F0, 0xFFEF, 0xF7EF, 0xF7EF,
	0xFFEF, 0x73E9, 0x0861, 0x0041, 0x0041, 0x0041, 0x0041, 0x4A66, 0xE74E, 0xFFEF, 0xFFEF, 0xFFEF,
	0xFFEF, 0xFFEF, 0xFFEF, 0xFFEF, 0xFFEF, 0xFFEF, 0x52E7, 0x0041, 0x0041, 0x0041, 0x0041, 0x0041,
	0x0041, 0x0041, 0x0041, 0x0041, 0x0041, 0x0041, 0x0041, 0x0041, 0x0041, 0x0041, 0x0041, 0x0041,
	0x0041, 0x0041, 0x0041, 0x0041, 0x0041, 0x0041, 0x0041, 0x0041, 0x0041, 0x0041, 0x0041, 0x0041,
	0x0041, 0x0041, 0x0041, 0x0041, 0x0041, 0x0041, 0x0041, 0x0041, 0x0041, 0x0041, 0x0041, 0x0041,
	0x0041, 0x0041, 0x0041, 0x0041, 0x0041, 0x0041, 0x0041, 0x0041, 0x0041, 0x0041, 0x0041, 0x0041,
	0x0041, 0x0041, 0x0041, 0x0041, 0x0041, 0x0041, 0x0041, 0x0041, 0x0041, 0x0041, 0x0041, 0x0041,
	0x0041, 0x0041, 0x0041, 0x0041, 0x0041, 0x0041, 0x0041, 0x0041, 0x0041, 0x0041, 0x0041, 0x0041,
	0x0041, 0x0041, 0x2143, 0xFFEF, 0xFFEF, 0xFFEF, 0xFFEF, 0xFFEF, 0xFFEF, 0xFFEF, 0xFFEF, 0xFFEF,
	0xDF4E, 0x52E7, 0x0041, 0x0041, 0x0041, 0x0041, 0x0861, 0x52E7, 0xFFF0, 0xFFEF, 0xFFEF, 0xFFF0,
	0xFFEF, 0xFFEF, 0xFFEF, 0xFFEF, 0xF7F0, 0xFFF0, 0xFFF0, 0xFFEF, 0xFFEF, 0xFFF0, 0xFFEF, 0xF7EF,
	0xFFEF, 0xFFEF, 0xFFEF, 0xF7EF, 0xFFF0, 0xFFEF, 0xFFEF, 0xF7EF, 0xB5CC, 0x2143, 0x0041, 0x0041,
	0x0041, 0x0041, 0x2143, 0xB5CC, 0xFFEF, 0xFFEF, 0xFFEF, 0xFFF0, 0xFFEF, 0xFFEF, 0xFFEF, 0xFFEF,
	0xFFEF, 0xFFEF, 0x0041, 0x0041, 0x0041, 0x0041, 0x0041, 0x0041, 0x0041, 0x0041, 0x0041, 0x0041,
	0x0041, 0x0041, 0x0041, 0x0041, 0x0041, 0x0041, 0x0041, 0x52EB, 0x52EB, 0x0041, 0x0041, 0x0041,
	0x0041, 0x0041, 0x0041, 0x0041, 0x0041, 0x0041, 0x0041, 0x0041, 0x0041, 0x0041, 0x0041, 0x0041,
	0x0041, 0x0041, 0x0041, 0x0041, 0x0041, 0x9D2B, 0xF7F0, 0xFFEF, 0xFFF0, 0xFFEF, 0xFFEF, 0xFFEF,
	0xFFF0, 0xDF4E, 0x3A05, 0x0041, 0x0041, 0x0041, 0x0041, 0x0861, 0x52E7, 0xF7EF, 0xFFF0, 0xFFEF,
	0xFFEF, 0xFFEF, 0xFFEF, 0xFFEF, 0xFFEF, 0xFFEF, 0xFFEF, 0xFFEF, 0xFFEF, 0xFFEF, 0xFFEF, 0xFFEF,
	0xFFEF, 0xFFEF, 0xFFEF, 0xFFEF, 0xFFEF, 0xFFEF, 0xFFEF, 0xFFEF, 0xFFEF, 0xFFEF, 0xFFEF, 0xFFEF,
	0xE74E, 0x4266, 0x0041, 0x0041, 0x0041, 0x0041, 0x0861, 0x6368, 0xFFF0, 0xF7EF, 0xFFF0, 0xFFEF,
	0xFFF0, 0xF7EF, 0xFFEF, 0xFFF0, 0x52E7, 0x0041, 0x0041, 0x0041, 0x0041, 0x0041, 0x0041, 0x0041,
	0x0041, 0x0041, 0x0041, 0x0041, 0x0041, 0x0041, 0x0041, 0x0041, 0x0041, 0x0041, 0x0041, 0x0041,
	0x0041, 0x0041, 0x0041, 0x0041, 0x0041, 0x0041, 0x0041, 0x0041, 0x0041, 0x0041, 0x0041, 0x0041,
	0x0041, 0x0041, 0x0041, 0x0041, 0x0041, 0x0041, 0x0041, 0x0041, 0x0041, 0x0041, 0x0041, 0x0041,
	0x0041, 0x0041, 0x0041, 0x0041, 0x0041, 0x0041, 0x0041, 0x0041, 0x0041, 0x0041, 0x0041, 0x0041,
	0x0041, 0x0041, 0x0041, 0x0041, 0x0041, 0x0041, 0x0041, 0x0041, 0x0041, 0x0041, 0x0041, 0x0041,
	0x0041, 0x0041, 0x0041, 0x0041, 0x0041, 0x0041, 0x0041, 0x0041, 0x0041, 0x0041, 0x0041, 0x0041,
	0x2144, 0xFFEF, 0xFFEF, 0xFFEF, 0xF7F0, 0xFFEF, 0xFFEF, 0xF7EF, 0xFFEF, 0x7408, 0x0861, 0x0041,
	0x0041, 0x0041, 0x0041, 0x3A05, 0xCE8D, 0xFFF0, 0xFFEF, 0xFFEF, 0xFFEF, 0xFFF0, 0xFFF0, 0xFFEF,
	0xFFEF, 0xFFEF, 0xFFEF, 0xFFEF, 0xFFEF, 0xFFEF, 0xFFEF, 0xFFEF, 0xFFEF, 0xFFEF, 0xFFEF, 0xFFEF,
	0xFFEF, 0xFFEF, 0xFFEF, 0xFFEF, 0xFFEF, 0xFFEF, 0xFFF0, 0xFFEF, 0x73E9, 0x0861, 0x0041, 0x0041,
	0x0041, 0x0041, 0x3A05, 0xDF2E, 0xFFEF, 0xF7EF, 0xF7F0, 0xF7EF, 0xFFF0, 0xFFF0, 0xF7EF, 0xF7EF,
	0x0041, 0x0041, 0x0041, 0x0041, 0x0041, 0x0041, 0x0041, 0x0041, 0x0041, 0x0041, 0x0041, 0x0041,
	0x0041, 0x0041, 0x0041, 0x0041, 0x0041, 0x52EB, 0x52EB, 0x0041, 0x0041, 0x0041, 0x0041, 0x0041,
	0x0041, 0x0041, 0x0041, 0x0041, 0x0041, 0x0041, 0x0041, 0x0041, 0x0041, 0x0041, 0x0041, 0x0041,
	0x0041, 0x0041, 0x0041, 0x9D2B, 0xFFEF, 0xF7F0, 0xFFEF, 0xFFEF, 0xFFF0, 0xF7F0, 0x52E7, 0x0861,
	0x0041, 0x0041, 0x0041, 0x0041, 0x3A05, 0xDF4E, 0xFFEF, 0xFFF0, 0xFFEF, 0xFFF0, 0xFFEF, 0xFFEF,
	0xFFEF, 0xFFEF, 0xFFEF, 0xFFEF, 0xFFEF, 0xFFEF, 0xFFEF, 0xFFEF, 0xFFEF, 0xFFEF, 0xFFEF, 0xFFEF,
	0xFFEF, 0xFFEF, 0xFFEF, 0xFFEF, 0xFFEF, 0xFFEF, 0xFFEF, 0xFFEF, 0xFFEF, 0xFFEF, 0xFFF0, 0xF7EF,
	0xB5CC, 0x2143, 0x0041, 0x0041, 0x0041, 0x0041, 0x18E3, 0x9D2B, 0xF7EF, 0xFFEF, 0xF7EF, 0xF7F0,
	0xFFEF, 0xF7EF, 0x52E7, 0x0041, 0x0041, 0x0041, 0x0041, 0x0041, 0x0041, 0x0041, 0x0041, 0x0041,
	0x0041, 0x0041, 0x0041, 0x0041, 0x0041, 0x0041, 0x0041, 0x0041, 0x0041, 0x0041, 0x0041, 0x0041,
	0x0041, 0x0041, 0x0041, 0x0041, 0x0041, 0x0041, 0x0041, 0x0041, 0x0041, 0x0041, 0x0041, 0x0041,
	0x0041, 0x0041, 0x0041, 0x0041, 0x0041, 0x0041, 0x0041, 0x0041, 0x0041, 0x0041, 0x0041, 0x0041,
	0x0041, 0x0041, 0x0041, 0x0041, 0x0041, 0x0041, 0x0041, 0x0041, 0x0041, 0x0041, 0x0041, 0x0041,
	0x0041, 0x0041, 0x0041, 0x0041, 0x0041, 0x0041, 0x0041, 0x0041, 0x0041, 0x0041, 0x0041, 0x0041,
	0x0041, 0x0041, 0x0041, 0x0041, 0x0041, 0x0041, 0x0041, 0x0041, 0x0041, 0x0041, 0x2143, 0xFFEF,
	0xF7EF, 0xFFF0, 0xF7EF, 0xFFF0, 0xF7F0, 0x9D2B, 0x10A2, 0x0041, 0x0041, 0x0041, 0x0041, 0x18E3,
	0x9D2B, 0xFFEF, 0xF7F0, 0xFFF0, 0xF7EF, 0xFFEF, 0xFFEF, 0xFFEF, 0xFFEF, 0xFFEF, 0xFFEF, 0xFFEF,
	0xFFEF, 0xFFEF, 0xFFEF, 0xFFEF, 0xFFEF, 0xFFEF, 0xFFEF, 0xFFEF, 0xFFEF, 0xFFEF, 0xFFEF, 0xFFEF,
	0xFFEF, 0xFFEF, 0xF7F0, 0xF7EF, 0xFFF0, 0xFFEF, 0xF7EF, 0xDF4E, 0x4A66, 0x0041, 0x0041, 0x0041,
	0x0041, 0x0861, 0x6368, 0xFFF0, 0xF7EF, 0xFFEF, 0xF7EF, 0xFFF0, 0xFFEF, 0xF7F0, 0x0041, 0x0041,
	0x0041, 0x0041, 0x0041, 0x0041, 0x0041, 0x0041, 0x0041, 0x0041, 0x0041, 0x0041, 0x0041, 0x0041,
	0x0041, 0x0041, 0x0041, 0x52EB, 0x52EB, 0x0041, 0x0041, 0x0041, 0x0041, 0x0041, 0x0041, 0x0041,
	0x0041, 0x0041, 0x0041, 0x0041, 0x0041, 0x0041, 0x0041, 0x0041, 0x0041, 0x0041, 0x0041, 0x0041,
	0x0041, 0x9D2B, 0xFFEF, 0xFFEF, 0xF7EF, 0xF7EF, 0x73E9, 0x10A2, 0x0041, 0x0041, 0x0041, 0x0041,
	0x18E3, 0x9D2B, 0xFFF0, 0xFFEF, 0xFFF0, 0xFFEF, 0xFFEF, 0xFFEF, 0xFFEF, 0xFFEF, 0xFFEF, 0xFFEF,
	0xFFEF, 0xFFEF, 0xFFEF, 0xFFEF, 0xFFEF, 0xFFEF, 0xFFEF, 0xFFEF, 0xFFEF, 0xFFEF, 0xFFEF, 0xFFEF,
	0xFFEF, 0xFFEF, 0xFFEF, 0xFFEF, 0xFFEF, 0xFFEF, 0xFFEF, 0xFFEF, 0xF7EF, 0xFFEF, 0xFFF0, 0xFFEF,
	0x6368, 0x0861, 0x0041, 0x0041, 0x0041, 0x0041, 0x29A4, 0xCE8D, 0xFFEF, 0xFFF0, 0xF7EF, 0xF7F0,
	0x52E7, 0x0041, 0x0041, 0x0041, 0x0041, 0x0041, 0x0041, 0x0041, 0x0041, 0x0041, 0x0041, 0x0041,
	0x0041, 0x0041, 0x0041, 0x0041, 0x0041, 0x0041, 0x0041, 0x0041, 0x0041, 0x0041, 0x0041, 0x0041,
	0x0041, 0x0041, 0x0041, 0x0041, 0x0041, 0x0041, 0x0041, 0x0041, 0x0041, 0x0041, 0x0041, 0x0041,
	0x0041, 0x0041, 0x0041, 0x0041, 0x0041, 0x0041, 0x0041, 0x0041, 0x0041, 0x0041, 0x0041, 0x0041,
	0x0041, 0x0041, 0x0041, 0x0041, 0x0041, 0x0041, 0x0041, 0x0041, 0x0041, 0x0041, 0x0041, 0x0041,
	0x0041, 0x0041, 0x0041, 0x0041, 0x0041, 0x0041, 0x0041, 0x0041, 0x0041, 0x0041, 0x0041, 0x0041,
	0x0041, 0x0041, 0x0041, 0x0041, 0x0041, 0x0041, 0x0041, 0x0041, 0x2143, 0xF7EF, 0xFFF0, 0xF7EF,
	0xF7EF, 0xCE8D, 0x2143, 0x0041, 0x0041, 0x0041, 0x0041, 0x0861, 0x6368, 0xF7F0, 0xFFEF, 0xFFEF,
	0xFFEF, 0xF7EF, 0xFFEF, 0xFFEF, 0xFFF0, 0xFFEF, 0xFFEF, 0xFFEF, 0xFFEF, 0xFFEF, 0xFFEF, 0xFFEF,
	0xFFEF, 0xFFEF, 0xFFEF, 0xFFEF, 0xFFEF, 0xFFEF, 0xFFEF, 0xFFEF, 0xFFEF, 0xFFEF, 0xFFEF, 0xFFEF,
	0xF7EF, 0xFFF0, 0xFFEF, 0xF7F0, 0xF7EF, 0xFFF0, 0xF7EF, 0xB5CC, 0x18E3, 0x0041, 0x0041, 0x0041,
	0x0041, 0x10A2, 0x9D2B, 0xFFF0, 0xFFF0, 0xFFEF, 0xFFF0, 0xF7EF, 0x0041, 0x0041, 0x0041, 0x0041,
	0x0041, 0x0041, 0x0041, 0x0041, 0x0041, 0x0041, 0x0041, 0x0041, 0x0041, 0x0041, 0x0041, 0x0041,
	0x0041, 0x52EB, 0x52EB, 0x0041, 0x0041, 0x0041, 0x0041, 0x0041, 0x0041, 0x0041, 0x0041, 0x0041,
	0x0041, 0x0041, 0x0041, 0x0041, 0x0041, 0x0041, 0x0041, 0x0041, 0x0041, 0x0041, 0x0041, 0x9D2B,
	0xFFEF, 0xF7F0, 0xA52B, 0x2143, 0x0041, 0x0041, 0x0041, 0x0041, 0x0861, 0x7409, 0xF7EF, 0xF7EF,
	0xF7F0, 0xFFEF, 0xF7EF, 0xFFEF, 0xF7EF, 0xF7F0, 0xFFEF, 0xFFEF, 0xFFEF, 0xFFEF, 0xFFEF, 0xFFEF,
	0xFFEF, 0xFFEF, 0xFFEF, 0xFFEF, 0xFFEF, 0xFFEF, 0xFFEF, 0xFFEF, 0xFFEF, 0xFFEF, 0xFFEF, 0xFFEF,
	0xFFEF, 0xFFEF, 0xFFEF, 0xFFEF, 0xFFEF, 0xFFEF, 0xFFEF, 0xFFEF, 0xFFF0, 0xF7EF, 0xFFEF, 0xE74E,
	0x3A05, 0x0041, 0x0041, 0x0041, 0x0041, 0x0861, 0x52E7, 0xDF4E, 0xF7EF, 0xFFEF, 0x52E7, 0x0041,
	0x0041, 0x0041, 0x0041, 0x0041, 0x0041, 0x0041, 0x0041, 0x0041, 0x0041, 0x0041, 0x0041, 0x0041,
	0x0041, 0x0041, 0x0041, 0x0041, 0x0041, 0x0041, 0x0041, 0x0041, 0x0041, 0x0041, 0x0041, 0x0041,
	0x0041, 0x0041, 0x0041, 0x0041, 0x0041, 0x0041, 0x0041, 0x0041, 0x0041, 0x0041, 0x0041, 0x0041,
	0x0041, 0x0041, 0x0041, 0x0041, 0x0041, 0x0041, 0x0041, 0x0041, 0x0041, 0x0041, 0x0041, 0x0041,
	0x0041, 0x0041, 0x0041, 0x0041, 0x0041, 0x0041, 0x0041, 0x0041, 0x0041, 0x0041, 0x0041, 0x0041,
	0x0041, 0x0041, 0x0041, 0x0041, 0x0041, 0x0041, 0x0041, 0x0041, 0x0041, 0x0041, 0x0041, 0x0041,
	0x0041, 0x0041, 0x0041, 0x0041, 0x0041, 0x0041, 0x2143, 0xFFEF, 0xF7EF, 0xDF2E, 0x4A66, 0x0041,
	0x0041, 0x0041, 0x0041, 0x0041, 0x3A05, 0xDF2E, 0xFFF0, 0xFFEF, 0xFFEF, 0xF7F0, 0xFFEF, 0xFFEF,
	0xFFEF, 0xF7EF, 0xFFF0, 0xFFEF, 0xFFEF, 0xFFF0, 0xFFEF, 0xFFEF, 0xFFEF, 0xFFEF, 0xFFEF, 0xFFEF,
	0xFFEF, 0xFFEF, 0xFFEF, 0xFFEF, 0xFFEF, 0xFFEF, 0xFFEF, 0xFFEF, 0xFFEF, 0xFFEF, 0xFFEF, 0xFFEF,
	0xF7EF, 0xFFEF, 0xFFEF, 0xF7EF, 0xFFF0, 0xFFEF, 0xFFEF, 0x6368, 0x0861, 0x0041, 0x0041, 0x0041,
	0x0041, 0x2143, 0xCE8D, 0xFFEF, 0xFFEF, 0xFFEF, 0x0041, 0x0041, 0x0041, 0x0041, 0x0041, 0x0041,
	0x0041, 0x0041, 0x0041, 0x0041, 0x0041, 0x0041, 0x0041, 0x0041, 0x0041, 0x0041, 0x0041, 0x52EB,
	0x52EB, 0x0041, 0x0041, 0x0041, 0x0041, 0x0041, 0x0041, 0x0041, 0x0041, 0x0041, 0x0041, 0x0041,
	0x0041, 0x0041, 0x0041, 0x0041, 0x0041, 0x0041, 0x0041, 0x0041, 0x0041, 0x9D2B, 0xCE8D, 0x3A05,
	0x0041, 0x0041, 0x0041, 0x0041, 0x0041, 0x4266, 0xE74E, 0xFFF0, 0xFFEF, 0xFFF0, 0xFFF0, 0xF7EF,
	0xF7EF, 0xF7EF, 0xFFF0, 0xFFEF, 0xFFEF, 0xFFEF, 0xFFEF, 0xFFEF, 0xFFEF, 0xFFEF, 0xFFEF, 0xFFEF,
	0xFFEF, 0xFFEF, 0xFFEF, 0xFFEF, 0xFFEF, 0xFFEF, 0xFFEF, 0xFFEF, 0xFFEF, 0xFFEF, 0xFFEF, 0xFFEF,
	0xFFEF, 0xFFEF, 0xFFEF, 0xFFEF, 0xF7EF, 0xF7F0, 0xF7EF, 0xF7EF, 0xFFEF, 0xFFF0, 0xFFEF, 0x9D2B,
	0x18E3, 0x0041, 0x0041, 0x0041, 0x0041, 0x10A2, 0x7BE9, 0xFFEF, 0x52E7, 0x0041, 0x0041, 0x0041,
	0x0041, 0x0041, 0x0041, 0x0041, 0x0041, 0x0041, 0x0041, 0x0041, 0x0041, 0x0041, 0x0041, 0x0041,
	0x0041, 0x0041, 0x0041, 0x0041, 0x0041, 0x0041, 0x0041, 0x0041, 0x0041, 0x0041, 0x0041, 0x0041,
	0x0041, 0x0041, 0x0041, 0x0041, 0x0041, 0x0041, 0x0041, 0x0041, 0x0041, 0x0041, 0x0041, 0x0041,
	0x0041, 0x0041, 0x0041, 0x0041, 0x0041, 0x0041, 0x0041, 0x0041, 0x0041, 0x0041, 0x0041, 0x0041,
	0x0041, 0x0041, 0x0041, 0x0041, 0x0041, 0x0041, 0x0041, 0x0041, 0x0041, 0x0041, 0x0041, 0x0041,
	0x0041, 0x0041, 0x0041, 0x0041, 0x0041, 0x0041, 0x0041, 0x0041, 0x0041, 0x0041, 0x0041, 0x0041,
	0x0041, 0x0041, 0x0041, 0x0041, 0x2144, 0xF7F0, 0x52E7, 0x0861, 0x0041, 0x0041, 0x0041, 0x0041,
	0x2143, 0xB5EC, 0xFFEF, 0xFFEF, 0xF7F0, 0xF7EF, 0xFFF0, 0xFFEF, 0xFFEF, 0xFFEF, 0xFFF0, 0xFFF0,
	0xFFF0, 0xF7EF, 0xFFEF, 0xFFF0, 0xFFEF, 0xFFEF, 0xFFEF, 0xFFEF, 0xFFEF, 0xFFEF, 0xFFEF, 0xFFEF,
	0xFFEF, 0xFFEF, 0xFFEF, 0xFFEF, 0xFFEF, 0xFFEF, 0xFFEF, 0xFFEF, 0xFFEF, 0xFFEF, 0xFFEF, 0xFFEF,
	0xFFF0, 0xFFF0, 0xF7EF, 0xFFF0, 0xF7EF, 0xFFEF, 0xDF4E, 0x3A05, 0x0041, 0x0041, 0x0041, 0x0041,
	0x0041, 0x52E7, 0xE74E, 0xFFF0, 0x0041, 0x0041, 0x0041, 0x0041, 0x0041, 0x0041, 0x0041, 0x0041,
	0x0041, 0x0041, 0x0041, 0x0041, 0x0041, 0x0041, 0x0041, 0x0041, 0x0041, 0x52EB, 0x52EB, 0x0041,
	0x0041, 0x0041, 0x0041, 0x0041, 0x0041, 0x0041, 0x0041, 0x0041, 0x0041, 0x0041, 0x0041, 0x0041,
	0x0041, 0x0041, 0x0041, 0x0041, 0x0041, 0x0041, 0x0041, 0x29A4, 0x0861, 0x0041, 0x0041, 0x0041,
	0x0041, 0x2143, 0xB5CC, 0xF7F0, 0xF7EF, 0xFFEF, 0xF7F0, 0xFFEF, 0xFFEF, 0xFFF0, 0xF7EF, 0xFFF0,
	0xF7EF, 0xFFF0, 0xFFEF, 0xFFEF, 0xFFEF, 0xFFEF, 0xFFEF, 0xFFEF, 0xFFEF, 0xFFEF, 0xFFEF, 0xFFEF,
	0xFFEF, 0xFFEF, 0xFFEF, 0xFFEF, 0xFFEF, 0xFFEF, 0xFFEF, 0xFFEF, 0xFFEF, 0xFFEF, 0xFFEF, 0xFFEF,
	0xFFEF, 0xFFEF, 0xFFF0, 0xFFEF, 0xFFF0, 0xF7F0, 0xF7EF, 0xFFEF, 0xF7EF, 0xFFEF, 0xFFEF, 0x6368,
	0x0861, 0x0041, 0x0041, 0x0041, 0x0041, 0x2143, 0x29A4, 0x0041, 0x0041, 0x0041, 0x0041, 0x0041,
	0x0041, 0x0041, 0x0041, 0x0041, 0x0041, 0x0041, 0x0041, 0x0041, 0x0041, 0x0041, 0x0041, 0x0041,
	0x0041, 0x0041, 0x0041, 0x0041, 0x0041, 0x0041, 0x0041, 0x0041, 0x0041, 0x0041, 0x0041, 0x0041,
	0x0041, 0x0041, 0x0041, 0x0041, 0x0041, 0x0041, 0x0041, 0x0041, 0x0041, 0x0041, 0x0041, 0x0041,
	0x0041, 0x0041, 0x0041, 0x0041, 0x0041, 0x0041, 0x0041, 0x0041, 0x0041, 0x0041, 0x0041, 0x0041,
	0x0041, 0x0041, 0x0041, 0x0041, 0x0041, 0x0041, 0x0041, 0x0041, 0x0041, 0x0041, 0x0041, 0x0041,
	0x0041, 0x0041, 0x0041, 0x0041, 0x0041, 0x0041, 0x0041, 0x0041, 0x0041, 0x0041, 0x0041, 0x0041,
	0x0041, 0x0041, 0x10A2, 0x10A2, 0x0041, 0x0041, 0x0041, 0x0041, 0x0861, 0x73E9, 0xFFF0, 0xFFF0,
	0xFFEF, 0xFFEF, 0xF7EF, 0xFFEF, 0xFFEF, 0xFFEF, 0xFFF0, 0xFFEF, 0xFFEF, 0xFFEF, 0xF7EF, 0xFFEF,
	0xFFEF, 0xFFF0, 0xFFEF, 0xFFEF, 0xFFEF, 0xFFEF, 0xFFEF, 0xFFEF, 0xFFEF, 0xFFEF, 0xFFEF, 0xFFEF,
	0xFFEF, 0xFFEF, 0xFFEF, 0xFFEF, 0xFFEF, 0xFFEF, 0xF7F0, 0xFFF0, 0xFFEF, 0xFFEF, 0xF7EF, 0xF7EF,
	0xF7EF, 0xFFEF, 0xFFF0, 0xFFEF, 0xFFF0, 0xFFF0, 0x9D2B, 0x18E3, 0x0041, 0x0041, 0x0041, 0x0041,
	0x0861, 0x73E9, 0x0041, 0x0041, 0x0041, 0x0041, 0x0041, 0x0041, 0x0041, 0x0041, 0x0041, 0x0041,
	0x0041, 0x0041, 0x0041, 0x0041, 0x0041, 0x0041, 0x0041, 0x52EB, 0x52EB, 0x0041, 0x0041, 0x0041,
	0x0041, 0x0041, 0x0041, 0x0041, 0x0041, 0x0041, 0x0041, 0x0041, 0x0041, 0x0041, 0x0041, 0x0041,
	0x0041, 0x0041, 0x0041, 0x0041, 0x0041, 0x0041, 0x0041, 0x0041, 0x0041, 0x10A2, 0x7BE9, 0xFFEF,
	0xF7EF, 0xFFEF, 0xFFEF, 0xFFEF, 0xFFF0, 0xFFEF, 0xFFEF, 0xFFEF, 0xF7EF, 0xFFF0, 0xFFEF, 0xF7EF,
	0xFFEF, 0xFFEF, 0xFFEF, 0xFFEF, 0xFFEF, 0xFFEF, 0xFFEF, 0xFFEF, 0xFFEF, 0xFFEF, 0xFFEF, 0xFFEF,
	0xFFEF, 0xFFEF, 0xFFEF, 0xFFEF, 0xFFEF, 0xFFEF, 0xFFEF, 0xFFEF, 0xFFEF, 0xFFEF, 0xFFEF, 0xFFEF,
	0xF7EF, 0xFFF0, 0xF7EF, 0xFFEF, 0xFFEF, 0xFFF0, 0xFFF0, 0xFFEF, 0xFFEF, 0xFFEF, 0xDF4E, 0x3A05,
	0x0041, 0x0041, 0x0021, 0x0041, 0x0041, 0x0041, 0x0041, 0x0041, 0x0041, 0x0041, 0x0041, 0x0041,
	0x0041, 0x0041, 0x0041, 0x0041, 0x0041, 0x0041, 0x0041, 0x0041, 0x0041, 0x0041, 0x0041, 0x0041,
	0x0041, 0x0041, 0x0041, 0x0041, 0x0041, 0x0041, 0x0041, 0x0041, 0x0041, 0x0041, 0x0041, 0x0041,
	0x0041, 0x0041, 0x0041, 0x0041, 0x0041, 0x0041, 0x0041, 0x0041, 0x0041, 0x0041, 0x0041, 0x0041,
	0x0041, 0x0041, 0x0041, 0x0041, 0x0041, 0x0041, 0x0041, 0x0041, 0x0041, 0x0041, 0x0041, 0x0041,
	0x0041, 0x0041, 0x0041, 0x0041, 0x0041, 0x0041, 0x0041, 0x0041, 0x0041, 0x0041, 0x0041, 0x0041,
	0x0041, 0x0041, 0x0041, 0x0041, 0x0041, 0x0041, 0x0041, 0x0041, 0x0041, 0x0041, 0x0041, 0x0041,
	0x0041, 0x0041, 0x0041, 0x0041, 0x0041, 0x52E7, 0xE72E, 0xF7EF, 0xF7EF, 0xF7EF, 0xFFEF, 0xFFF0,
	0xFFEF, 0xFFEF, 0xF7EF, 0xF7EF, 0xFFF0, 0xFFEF, 0xFFEF, 0xFFEF, 0xFFEF, 0xFFEF, 0xF7EF, 0xFFEF,
	0xFFEF, 0xFFEF, 0xFFEF, 0xFFEF, 0xFFEF, 0xFFEF, 0xFFEF, 0xFFEF, 0xFFEF, 0xFFEF, 0xFFEF, 0xFFEF,
	0xFFEF, 0xFFEF, 0xFFEF, 0xFFEF, 0xF7EF, 0xF7EF, 0xF7EF, 0xFFF0, 0xFFEF, 0xFFF0, 0xFFF0, 0xF7EF,
	0xFFEF, 0xFFF0, 0xFFEF, 0xF7EF, 0xFFF0, 0xFFEF, 0x6368, 0x0861, 0x0041, 0x0041, 0x0041, 0x0041,
	0x0041, 0x0041, 0x0041, 0x0041, 0x0041, 0x0041, 0x0041, 0x0041, 0x0041, 0x0041, 0x0041, 0x0041,
	0x0041, 0x0041, 0x0041, 0x0041, 0x0041, 0x52EB, 0x52EB, 0x0041, 0x0041, 0x0041, 0x0041, 0x0041,
	0x0041, 0x0041, 0x0041, 0x0041, 0x0041, 0x0041, 0x0041, 0x0041, 0x0041, 0x0041, 0x0041, 0x0041,
	0x0041, 0x0041, 0x0041, 0x0041, 0x0041, 0x0041, 0x52E7, 0xDF4E, 0xFFEF, 0xFFEF, 0xFFEF, 0xFFF0,
	0xFFEF, 0xF7EF, 0xFFEF, 0xFFEF, 0xF7EF, 0xF7EF, 0xFFEF, 0xFFF0, 0xFFF0, 0xFFF0, 0xFFEF, 0xFFEF,
	0xFFEF, 0xFFEF, 0xFFEF, 0xFFEF, 0xFFEF, 0xFFEF, 0xFFEF, 0xFFEF, 0xFFEF, 0xFFEF, 0xFFEF, 0xFFEF,
	0xFFEF, 0xFFEF, 0xFFEF, 0xFFEF, 0xFFEF, 0xFFEF, 0xFFEF, 0xFFEF, 0xFFEF, 0xFFEF, 0xF7EF, 0xFFEF,
	0xFFEF, 0xF7EF, 0xF7EF, 0xFFF0, 0xFFEF, 0xFFF0, 0xFFEF, 0xFFEF, 0xF7F0, 0xFFEF, 0x9D2B, 0x18E3,
	0x0041, 0x0041, 0x0041, 0x0041, 0x0041, 0x0041, 0x0041, 0x0041, 0x0041, 0x0041, 0x0041, 0x0041,
	0x0041, 0x0041, 0x0041, 0x0041, 0x0041, 0x0041, 0x0041, 0x0041, 0x0041, 0x0041, 0x0041, 0x0041,
	0x0041, 0x0041, 0x0041, 0x0041, 0x0041, 0x0041, 0x0041, 0x0041, 0x0041, 0x0041, 0x0041, 0x0041,
	0x0041, 0x0041, 0x0041, 0x0041, 0x0041, 0x0041, 0x0041, 0x0041, 0x0041, 0x0041, 0x0041, 0x0041,
	0x0041, 0x0041, 0x0041, 0x0041, 0x0041, 0x0041, 0x0041, 0x0041, 0x0041, 0x0041, 0x0041, 0x0041,
	0x0041, 0x0041, 0x0041, 0x0041, 0x0041, 0x0041, 0x0041, 0x0041, 0x0041, 0x0041, 0x0041, 0x0041,
	0x0041, 0x0041, 0x0041, 0x0041, 0x0041, 0x0041, 0x0041, 0x0041, 0x0041, 0x0041, 0x0041, 0x0041,
	0x0041, 0x2143, 0xCE8D, 0xF7EF, 0xF7F0, 0xF7EF, 0xFFF0, 0xF7EF, 0xF7EF, 0xFFF0, 0xFFEF, 0xFFEF,
	0xFFEF, 0xFFEF, 0xFFEF, 0xFFEF, 0xFFEF, 0xFFF0, 0xFFF0, 0xFFF0, 0xFFEF, 0xFFEF, 0xFFEF, 0xFFEF,
	0xFFEF, 0xFFEF, 0xFFEF, 0xFFEF, 0xFFEF, 0xFFEF, 0xFFEF, 0xFFEF, 0xFFEF, 0xFFEF, 0xFFEF, 0xFFEF,
	0xFFEF, 0xFFEF, 0xFFEF, 0xFFEF, 0xFFF0, 0xF7EF, 0xFFF0, 0xFFEF, 0xFFEF, 0xF7EF, 0xFFEF, 0xFFEF,
	0xFFF0, 0xFFF0, 0xFFEF, 0xFFEF, 0xFFF0, 0xE74E, 0x3A05, 0x0041, 0x0041, 0x0041, 0x0041, 0x0041,
	0x0041, 0x0041, 0x0041, 0x0041, 0x0041, 0x0041, 0x0041, 0x0041, 0x0041, 0x0041, 0x0041, 0x0041,
	0x0041, 0x0041, 0x0041, 0x52EB, 0x52EB, 0x0041, 0x0041, 0x0041, 0x0041, 0x0041, 0x0041, 0x0041,
	0x0041, 0x0041, 0x0041, 0x0041, 0x0041, 0x0041, 0x0041, 0x0041, 0x0041, 0x0041, 0x0041, 0x0041,
	0x0041, 0x0041, 0x2144, 0xCE8D, 0xFFF0, 0xFFEF, 0xFFEF, 0xFFEF, 0xFFEF, 0xFFF0, 0xFFEF, 0xFFEF,
	0xFFEF, 0xFFEF, 0xFFEF, 0xFFEF, 0xFFEF, 0xFFEF, 0xFFEF, 0xFFEF, 0xFFEF, 0xFFEF, 0xFFEF, 0xFFEF,
	0xFFEF, 0xFFEF, 0xFFEF, 0xFFEF, 0xFFEF, 0xFFEF, 0xFFEF, 0xFFEF, 0xFFEF, 0xFFEF, 0xFFEF, 0xFFEF,
	0xFFEF, 0xFFEF, 0xFFEF, 0xFFEF, 0xFFEF, 0xFFEF, 0xFFEF, 0xFFEF, 0xFFEF, 0xFFEF, 0xFFEF, 0xFFEF,
	0xFFEF, 0xFFEF, 0xFFEF, 0xFFEF, 0xFFF0, 0xFFF0, 0xF7EF, 0xFFEF, 0xFFF0, 0xFFF0, 0x6368, 0x0861,
	0x0041, 0x0041, 0x0041, 0x0041, 0x0041, 0x0041, 0x0041, 0x0041, 0x0041, 0x0041, 0x0041, 0x0041,
	0x0041, 0x0041, 0x0041, 0x0041, 0x0041, 0x0041, 0x0041, 0x0041, 0x0041, 0x0041, 0x0041, 0x0041,
	0x0041, 0x0041, 0x0041, 0x0041, 0x0041, 0x0041, 0x0041, 0x0041, 0x0041, 0x0041, 0x0041, 0x0041,
	0x0041, 0x0041, 0x0041, 0x0041, 0x0041, 0x0041, 0x0041, 0x0041, 0x0041, 0x0041, 0x0041, 0x0041,
	0x0041, 0x0041, 0x0041, 0x0041, 0x0041, 0x0041, 0x0041, 0x0041, 0x0041, 0x0041, 0x0041, 0x0041,
	0x0041, 0x0041, 0x0041, 0x0041, 0x0041, 0x0041, 0x0041, 0x0041, 0x0041, 0x0041, 0x0041, 0x0041,
	0x0041, 0x0041, 0x0041, 0x0041, 0x0041, 0x0041, 0x0041, 0x0041, 0x0041, 0x10A2, 0x8C8A, 0xFFEF,
	0xF7EF, 0xFFEF, 0xFFF0, 0xFFEF, 0xFFEF, 0xFFEF, 0xFFF0, 0xFFEF, 0xFFEF, 0xFFF0, 0xFFF0, 0xFFEF,
	0xFFEF, 0xFFEF, 0xFFEF, 0xFFEF, 0xFFEF, 0xFFEF, 0xFFEF, 0xFFEF, 0xFFEF, 0xFFEF, 0xFFEF, 0xFFEF,
	0xFFEF, 0xFFEF, 0xFFEF, 0xFFEF, 0xFFEF, 0xFFEF, 0xFFEF, 0xFFEF, 0xFFEF, 0xFFEF, 0xFFEF, 0xFFEF,
	0xFFEF, 0xFFEF, 0xFFEF, 0xFFEF, 0xFFEF, 0xFFEF, 0xFFEF, 0xFFEF, 0xFFF0, 0xFFEF, 0xF7F0, 0xF7F0,
	0xFFEF, 0xFFEF, 0xFFEF, 0xF7EF, 0xFFEF, 0x9D2B, 0x18E3, 0x0041, 0x0041, 0x0041, 0x0041, 0x0041,
	0x0041, 0x0041, 0x0041, 0x0041, 0x0041, 0x0041, 0x0041, 0x0041, 0x0041, 0x0041, 0x0041, 0x0041,
	0x0041, 0x52EB, 0x52EB, 0x0041, 0x0041, 0x0041, 0x0041, 0x0041, 0x0041, 0x0041, 0x0041, 0x0041,
	0x0041, 0x0041, 0x0041, 0x0041, 0x0041, 0x0041, 0x0041, 0x0041, 0x0041, 0x0041, 0x0041, 0x0041,
	0x9D2B, 0xFFEF, 0xFFEF, 0xF7EF, 0xFFF0, 0xFFF0, 0xFFEF, 0xFFF0, 0xFFEF, 0xF7EF, 0xF7EF, 0xF7EF,
	0xF7EF, 0xF7EF, 0xF7EF, 0xF7EF, 0xF7EF, 0xF7EF, 0xF7EF, 0xF7EF, 0xF7EF, 0xF7EF, 0xF7EF, 0xF7EF,
	0xF7EF, 0xF7EF, 0xF7EF, 0xF7EF, 0xF7EF, 0xF7EF, 0xF7EF, 0xF7EF, 0xF7EF, 0xF7EF, 0xF7EF, 0xF7EF,
	0xF7EF, 0xF7EF, 0xF7EF, 0xF7EF, 0xF7EF, 0xF7EF, 0xF7EF, 0xF7EF, 0xF7EF, 0xF7EF, 0xF7EF, 0xF7EF,
	0xF7EF, 0xF7EF, 0xFFEF, 0xFFEF, 0xFFF0, 0xF7EF, 0xF7EF, 0xFFEF, 0xF7EF, 0x7BE9, 0x0041, 0x0041,
	0x0041, 0x0041, 0x0041, 0x0041, 0x0041, 0x0041, 0x0041, 0x0041, 0x0041, 0x0041, 0x0041, 0x0041,
	0x0041, 0x0041, 0x0041, 0x0041, 0x0041, 0x0041, 0x0041, 0x0041, 0x0041, 0x0041, 0x0041, 0x0041,
	0x0041, 0x0041, 0x0041, 0x0041, 0x0041, 0x0041, 0x0041, 0x0041, 0x0041, 0x0041, 0x0041, 0x0041,
	0x0041, 0x0041, 0x0041, 0x0041, 0x0041, 0x0041, 0x0041, 0x0041, 0x0041, 0x0041, 0x0041, 0x0041,
	0x0041, 0x0041, 0x0041, 0x0041, 0x0041, 0x0041, 0x0041, 0x0041, 0x0041, 0x0041, 0x0041, 0x0041,
	0x0041, 0x0041, 0x0041, 0x0041, 0x0041, 0x0041, 0x0041, 0x0041, 0x0041, 0x0041, 0x0041, 0x0041,
	0x0041, 0x0041, 0x0041, 0x0041, 0x0041, 0x0041, 0x0041, 0x3A05, 0xFFEF, 0xFFEF, 0xFFF0, 0xF7F0,
	0xF7EF, 0xFFF0, 0xFFEF, 0xFFF0, 0xFFEF, 0xFFEF, 0xFFF0, 0xFFEF, 0xFFEF, 0xFFF0, 0xF7EF, 0xF7EF,
	0xF7EF, 0xF7EF, 0xF7EF, 0xF7EF, 0xF7EF, 0xF7EF, 0xF7EF, 0xF7EF, 0xF7EF, 0xF7EF, 0xF7EF, 0xF7EF,
	0xF7EF, 0xF7EF, 0xF7EF, 0xF7EF, 0xF7EF, 0xF7EF, 0xF7EF, 0xF7EF, 0xF7EF, 0xF7EF, 0xF7EF, 0xF7EF,
	0xF7EF, 0xF7EF, 0xF7EF, 0xF7EF, 0xF7EF, 0xF7EF, 0xFFF0, 0xFFEF, 0xF7EF, 0xFFEF, 0xFFEF, 0xFFF0,
	0xFFEF, 0xFFEF, 0xF7EF, 0xFFEF, 0xDF2E, 0x0041, 0x0041, 0x0041, 0x0041, 0x0041, 0x0041, 0x0041,
	0x0041, 0x0041, 0x0041, 0x0041, 0x0041, 0x0041, 0x0041, 0x0041, 0x0041, 0x0041, 0x0041, 0x52EB,
	0x52EB, 0x0041, 0x0041, 0x0041, 0x0041, 0x0041, 0x0041, 0x0041, 0x0041, 0x0041, 0x0041, 0x0041,
	0x0041, 0x0041, 0x0041, 0x0041, 0x0041, 0x0041, 0x0041, 0x0041, 0x0041, 0x0041, 0x18E3, 0xFFF0,
	0xF7F0, 0xFFEF, 0xFFF0, 0xF7EF, 0xF7EF, 0xF7EF, 0xFFEF, 0xFFEF, 0xFFEF, 0xFFEF, 0xFFEF, 0xFFEF,
	0xFFEF, 0xFFEF, 0xFFEF, 0xFFEF, 0xFFEF, 0xFFEF, 0xFFEF, 0xFFEF, 0xFFEF, 0xFFEF, 0xFFEF, 0xFFEF,
	0xFFEF, 0xFFEF, 0xFFEF, 0xFFEF, 0xFFEF, 0xFFEF, 0xFFEF, 0xFFEF, 0xFFEF, 0xFFEF, 0xFFEF, 0xFFEF,
	0xFFEF, 0xFFEF, 0xFFEF, 0xFFEF, 0xFFEF, 0xFFEF, 0xFFEF, 0xFFEF, 0xFFEF, 0xFFEF, 0xFFEF, 0xFFEF,
	0xF7EF, 0xFFF0, 0xFFF0, 0xFFEF, 0xFFF0, 0xFFEF, 0xDF2E, 0x0861, 0x0041, 0x0041, 0x0041, 0x0041,
	0x0041, 0x0041, 0x0041, 0x0041, 0x0041, 0x0041, 0x0041, 0x0041, 0x0041, 0x0041, 0x0041, 0x0041,
	0x0041, 0x0041, 0x0041, 0x0041, 0x0041, 0x0041, 0x0041, 0x0041, 0x0041, 0x0041, 0x0041, 0x0041,
	0x0041, 0x0041, 0x0041, 0x0041, 0x0041, 0x0041, 0x0041, 0x0041, 0x0041, 0x0041, 0x0041, 0x0041,
	0x0041, 0x0041, 0x0041, 0x0041, 0x0041, 0x0041, 0x0041, 0x0041, 0x0041, 0x0041, 0x0041, 0x0041,
	0x0041, 0x0041, 0x0041, 0x0041, 0x0041, 0x0041, 0x0041, 0x0041, 0x0041, 0x0041, 0x0041, 0x0041,
	0x0041, 0x0041, 0x0041, 0x0041, 0x0041, 0x0041, 0x0041, 0x0041, 0x0041, 0x0041, 0x0041, 0x0041,
	0x0041, 0x0041, 0x0041, 0x0041, 0x0041, 0x0041, 0xB5CC, 0xFFEF, 0xFFF0, 0xFFEF, 0xF7EF, 0xFFEF,
	0xFFF0, 0xFFEF, 0xFFEF, 0xF7EF, 0xFFEF, 0xF7EF, 0xFFEF, 0xF7EF, 0xFFEF, 0xFFEF, 0xFFEF, 0xFFEF,
	0xFFEF, 0xFFEF, 0xFFEF, 0xFFEF, 0xFFEF, 0xFFEF, 0xFFEF, 0xFFEF, 0xFFEF, 0xFFEF, 0xFFEF, 0xFFEF,
	0xFFEF, 0xFFEF, 0xFFEF, 0xFFEF, 0xFFEF, 0xFFEF, 0xFFEF, 0xFFEF, 0xFFEF, 0xFFEF, 0xFFEF, 0xFFEF,
	0xFFEF, 0xFFEF, 0xFFEF, 0xFFEF, 0xF7F0, 0xFFEF, 0xFFF0, 0xFFEF, 0xF7F0, 0xFFEF, 0xFFEF, 0xFFF0,
	0xF7F0, 0xFFEF, 0x3184, 0x0041, 0x0041, 0x0020, 0x0041, 0x0041, 0x0041, 0x0041, 0x0041, 0x0041,
	0x0041, 0x0041, 0x0041, 0x0041, 0x0041, 0x0041, 0x0041, 0x0041, 0x0041, 0x52EB, 0x52EB, 0x0041,
	0x0041, 0x0041, 0x0041, 0x0041, 0x0041, 0x0041, 0x0041, 0x0041, 0x0041, 0x0041, 0x0041, 0x0041,
	0x0041, 0x0041, 0x0041, 0x0041, 0x0041, 0x0041, 0x0041, 0x0041, 0x0041, 0x3A05, 0xFFEF, 0xF7EF,
	0xFFEF, 0xF7EF, 0xF7EF, 0xFFEF, 0xFFF0, 0xF7F0, 0xFFEF, 0xFFEF, 0xFFEF, 0xFFEF, 0xFFEF, 0xFFEF,
	0xFFEF, 0xFFEF, 0xFFEF, 0xFFEF, 0xFFEF, 0xFFEF, 0xFFEF, 0xFFEF, 0xFFEF, 0xFFEF, 0xFFEF, 0xFFEF,
	0xFFEF, 0xFFEF, 0xFFEF, 0xFFEF, 0xFFEF, 0xFFEF, 0xFFEF, 0xFFEF, 0xFFEF, 0xFFEF, 0xFFEF, 0xFFEF,
	0xFFEF, 0xFFEF, 0xFFEF, 0xFFEF, 0xFFEF, 0xFFEF, 0xFFEF, 0xFFEF, 0xFFEF, 0xFFEF, 0xFFEF, 0xFFF0,
	0xFFEF, 0xF7EF, 0xF7F0, 0xFFEF, 0x29A4, 0x0041, 0x0041, 0x0041, 0x0041, 0x0041, 0x0041, 0x0041,
	0x0041, 0x0041, 0x0041, 0x0041, 0x0041, 0x0041, 0x0041, 0x0041, 0x0041, 0x0041, 0x0041, 0x0041,
	0x0041, 0x0041, 0x0041, 0x0041, 0x0041, 0x0041, 0x0041, 0x0041, 0x0041, 0x0041, 0x0041, 0x0041,
	0x0041, 0x0041, 0x0041, 0x0041, 0x0041, 0x0041, 0x0041, 0x0041, 0x0041, 0x0041, 0x0041, 0x0041,
	0x0041, 0x0041, 0x0041, 0x0041, 0x0041, 0x0041, 0x0041, 0x0041, 0x0041, 0x0041, 0x0041, 0x0041,
	0x0041, 0x0041, 0x0041, 0x0041, 0x0041, 0x0041, 0x0041, 0x0041, 0x0041, 0x0041, 0x0041, 0x0041,
	0x0041, 0x0041, 0x0041, 0x0041, 0x0041, 0x0041, 0x0041, 0x0041, 0x0041, 0x0041, 0x0041, 0x0041,
	0x0041, 0x0041, 0x0041, 0x0041, 0x18E3, 0xE74E, 0xF7EF, 0xFFF0, 0xFFEF, 0xFFEF, 0xFFF0, 0xFFEF,
	0xFFEF, 0xFFF0, 0xF7EF, 0xFFEF, 0xFFF0, 0xFFF0, 0xFFEF, 0xFFEF, 0xFFEF, 0xFFEF, 0xFFEF, 0xFFEF,
	0xFFEF, 0xFFEF, 0xFFEF, 0xFFEF, 0xFFEF, 0xFFEF, 0xFFEF, 0xFFEF, 0xFFEF, 0xFFEF, 0xFFEF, 0xFFEF,
	0xFFEF, 0xFFEF, 0xFFEF, 0xFFEF, 0xFFEF, 0xFFEF, 0xFFEF, 0xFFEF, 0xFFEF, 0xFFEF, 0xFFEF, 0xFFEF,
	0xFFEF, 0xFFEF, 0xFFEF, 0xFFF0, 0xFFEF, 0xF7F0, 0xF7EF, 0xFFF0, 0xFFF0, 0xFFEF, 0xFFF0, 0x73E9,
	0x0041, 0x0041, 0x0041, 0x0041, 0x0041, 0x0041, 0x0041, 0x0041, 0x0041, 0x0041, 0x0041, 0x0041,
	0x0041, 0x0041, 0x0041, 0x0041, 0x0041, 0x0041, 0x0041, 0x52EB, 0x52EB, 0x0041, 0x0041, 0x0041,
	0x0041, 0x0041, 0x0041, 0x0041, 0x0041, 0x0041, 0x0041, 0x0041, 0x0041, 0x0041, 0x0041, 0x0041,
	0x0041, 0x0041, 0x0041, 0x0041, 0x0041, 0x0041, 0x0041, 0x0041, 0x3A05, 0xF7EF, 0xFFEF, 0xFFEF,
	0xFFF0, 0xFFEF, 0xFFEF, 0xFFF0, 0xFFEF, 0xFFEF, 0xFFEF, 0xFFEF, 0xFFEF, 0xFFEF, 0xFFEF, 0xFFEF,
	0xFFEF, 0xFFEF, 0xFFEF, 0xFFEF, 0xFFEF, 0xFFEF, 0xFFEF, 0xFFEF, 0xFFEF, 0xFFEF, 0xFFEF, 0xFFEF,
	0xFFEF, 0xFFEF, 0xFFEF, 0xFFEF, 0xFFEF, 0xFFEF, 0xFFEF, 0xFFEF, 0xFFEF, 0xFFEF, 0xFFEF, 0xFFEF,
	0xFFEF, 0xFFEF, 0xFFEF, 0xFFEF, 0xFFEF, 0xFFEF, 0xFFEF, 0xFFEF, 0xFFEF, 0xF7EF, 0xFFF0, 0xF7EF,
	0xE72E, 0x29A4, 0x0041, 0x0041, 0x0041, 0x0041, 0x0041, 0x0041, 0x0041, 0x0041, 0x0041, 0x0041,
	0x0041, 0x0041, 0x0041, 0x0041, 0x0041, 0x0041, 0x0041, 0x0041, 0x0041, 0x0041, 0x0041, 0x0041,
	0x0041, 0x0041, 0x0041, 0x0041, 0x0041, 0x0041, 0x0041, 0x0041, 0x0041, 0x0041, 0x0041, 0x0041,
	0x0041, 0x0041, 0x0041, 0x0041, 0x0041, 0x0041, 0x0041, 0x0041, 0x0041, 0x0041, 0x0041, 0x0041,
	0x0041, 0x0041, 0x0041, 0x0041, 0x0041, 0x0041, 0x0041, 0x0041, 0x0041, 0x0041, 0x0041, 0x0041,
	0x0041, 0x0041, 0x0041, 0x0041, 0x0041, 0x0041, 0x0041, 0x0041, 0x0041, 0x0041, 0x0041, 0x0041,
	0x0041, 0x0041, 0x0041, 0x0041, 0x0041, 0x0041, 0x0041, 0x0041, 0x0041, 0x0041, 0x0041, 0x0041,
	0x0041, 0x0041, 0x0041, 0x18E3, 0xCE8D, 0xFFF0, 0xFFEF, 0xF7F0, 0xF7EF, 0xFFF0, 0xF7EF, 0xFFEF,
	0xFFEF, 0xFFF0, 0xF7EF, 0xFFEF, 0xFFEF, 0xFFEF, 0xFFEF, 0xFFEF, 0xFFEF, 0xFFEF, 0xFFEF, 0xFFEF,
	0xFFEF, 0xFFEF, 0xFFEF, 0xFFEF, 0xFFEF, 0xFFEF, 0xFFEF, 0xFFEF, 0xFFEF, 0xFFEF, 0xFFEF, 0xFFEF,
	0xFFEF, 0xFFEF, 0xFFEF, 0xFFEF, 0xFFEF, 0xFFEF, 0xFFEF, 0xFFEF, 0xFFEF, 0xFFEF, 0xFFEF, 0xFFEF,
	0xFFEF, 0xF7F0, 0xFFF0, 0xFFEF, 0xFFF0, 0xFFEF, 0xF7EF, 0xFFEF, 0x73E9, 0x0041, 0x0041, 0x0041,
	0x0041, 0x0041, 0x0041, 0x0041, 0x0041, 0x0041, 0x0041, 0x0041, 0x0041, 0x0041, 0x0041, 0x0041,
	0x0041, 0x0041, 0x0041, 0x0041, 0x0041, 0x52EB, 0x52EB, 0x0041, 0x0041, 0x0041, 0x0041, 0x0041,
	0x0041, 0x0041, 0x0041, 0x0041, 0x0041, 0x0041, 0x0041, 0x0041, 0x0041, 0x0041, 0x0041, 0x0041,
	0x0041, 0x0041, 0x0041, 0x0041, 0x0041, 0x0041, 0x0041, 0x18E3, 0x9D2B, 0xF7EF, 0xF7EF, 0xFFF0,
	0xFFEF, 0xFFF0, 0xFFEF, 0xFFEF, 0xFFEF, 0xFFEF, 0xFFEF, 0xFFEF, 0xFFEF, 0xFFEF, 0xFFEF, 0xFFEF,
	0xFFEF, 0xFFEF, 0xFFEF, 0xFFEF, 0xFFEF, 0xFFEF, 0xFFEF, 0xFFEF, 0xFFEF, 0xFFEF, 0xFFEF, 0xFFEF,
	0xFFEF, 0xFFEF, 0xFFEF, 0xFFEF, 0xFFEF, 0xFFEF, 0xFFEF, 0xFFEF, 0xFFEF, 0xFFEF, 0xFFEF, 0xFFEF,
	0xFFEF, 0xFFEF, 0xFFEF, 0xFFEF, 0xFFEF, 0xFFEF, 0xF7F0, 0xFFEF, 0xFFEF, 0x73E9, 0x10A2, 0x0041,
	0x0041, 0x0041, 0x0041, 0x0041, 0x0041, 0x0041, 0x0041, 0x0041, 0x0041, 0x0041, 0x0041, 0x0041,
	0x0041, 0x0041, 0x0041, 0x0041, 0x0041, 0x0041, 0x0041, 0x0041, 0x0041, 0x0041, 0x0041, 0x0041,
	0x0041, 0x0041, 0x0041, 0x0041, 0x0041, 0x0041, 0x0041, 0x0041, 0x0041, 0x0041, 0x0041, 0x0041,
	0x0041, 0x0041, 0x0041, 0x0041, 0x0041, 0x0041, 0x0041, 0x0041, 0x0041, 0x0041, 0x0041, 0x0041,
	0x0041, 0x0041, 0x0041, 0x0041, 0x0041, 0x0041, 0x0041, 0x0041, 0x0041, 0x0041, 0x0041, 0x0041,
	0x0041, 0x0041, 0x0041, 0x0041, 0x0041, 0x0041, 0x0041, 0x0041, 0x0041, 0x0041, 0x0041, 0x0041,
	0x0041, 0x0041, 0x0041, 0x0041, 0x0041, 0x0041, 0x0041, 0x0041, 0x0041, 0x0041, 0x0041, 0x0041,
	0x0041, 0x0041, 0x0861, 0x6368, 0xF7EF, 0xFFEF, 0xFFEF, 0xFFEF, 0xFFEF, 0xF7EF, 0xFFF0, 0xFFEF,
	0xFFEF, 0xF7EF, 0xFFEF, 0xFFEF, 0xFFEF, 0xFFEF, 0xFFEF, 0xFFEF, 0xFFEF, 0xFFEF, 0xFFEF, 0xFFEF,
	0xFFEF, 0xFFEF, 0xFFEF, 0xFFEF, 0xFFEF, 0xFFEF, 0xFFEF, 0xFFEF, 0xFFEF, 0xFFEF, 0xFFEF, 0xFFEF,
	0xFFEF, 0xFFEF, 0xFFEF, 0xFFEF, 0xFFEF, 0xFFEF, 0xFFEF, 0xFFEF, 0xFFEF, 0xFFEF, 0xFFEF, 0xFFEF,
	0xFFF0, 0xF7EF, 0xFFEF, 0xF7EF, 0xC68D, 0x29A4, 0x0041, 0x0041, 0x0041, 0x0041, 0x0041, 0x0041,
	0x0041, 0x0041, 0x0041, 0x0041, 0x0041, 0x0041, 0x0041, 0x0041, 0x0041, 0x0041, 0x0041, 0x0041,
	0x0041, 0x0041, 0x0041, 0x52EB, 0x52EB, 0x0041, 0x0041, 0x0041, 0x0041, 0x0041, 0x0041, 0x0041,
	0x0041, 0x0041, 0x0041, 0x0041, 0x0041, 0x0041, 0x0041, 0x0041, 0x0041, 0x0041, 0x0041, 0x0041,
	0x0041, 0x0041, 0x0041, 0x0041, 0x0041, 0x0041, 0x0041, 0x10A2, 0x4266, 0x7BE9, 0x9D2B, 0x9D2B,
	0x9D2B, 0x9D2B, 0x9D2B, 0x9D2B, 0x9D2B, 0x9D2B, 0x9D2B, 0x9D2B, 0x9D2B, 0x9D2B, 0x9D2B, 0x9D2B,
	0x9D2B, 0x9D2B, 0x9D2B, 0x9D2B, 0x9D2B, 0x9D2B, 0x9D2B, 0x9D2B, 0x9D2B, 0x9D2B, 0x9D2B, 0x9D2B,
	0x9D2B, 0x9D2B, 0x9D2B, 0x9D2B, 0x9D2B, 0x9D2B, 0x9D2B, 0x9D2B, 0x9D2B, 0x9D2B, 0x9D2B, 0x9D2B,
	0x9D2B, 0x9D2B, 0x9D2B, 0x9D2B, 0x6368, 0x4A66, 0x10A2, 0x0021, 0x0041, 0x0041, 0x0041, 0x0041,
	0x0041, 0x0041, 0x0041, 0x0041, 0x0041, 0x0041, 0x0041, 0x0041, 0x0041, 0x0041, 0x0041, 0x0041,
	0x0041, 0x0041, 0x0041, 0x0041, 0x0041, 0x0041, 0x0041, 0x0041, 0x0041, 0x0041, 0x0041, 0x0041,
	0x0041, 0x0041, 0x0041, 0x0041, 0x0041, 0x0041, 0x0041, 0x0041, 0x0041, 0x0041, 0x0041, 0x0041,
	0x0041, 0x0041, 0x0041, 0x0041, 0x0041, 0x0041, 0x0041, 0x0041, 0x0041, 0x0041, 0x0041, 0x0041,
	0x0041, 0x0041, 0x0041, 0x0041, 0x0041, 0x0041, 0x0041, 0x0041, 0x0041, 0x0041, 0x0041, 0x0041,
	0x0041, 0x0041, 0x0041, 0x0041, 0x0041, 0x0041, 0x0041, 0x0041, 0x0041, 0x0041, 0x0041, 0x0041,
	0x0041, 0x0041, 0x0041, 0x0041, 0x0041, 0x0041, 0x0041, 0x0041, 0x0041, 0x0041, 0x0041, 0x0041,
	0x0041, 0x0041, 0x0861, 0x3A05, 0x6B68, 0x9D2B, 0x9D2A, 0x9D2B, 0x9D2B, 0x9D2B, 0x9D2B, 0x9D2B,
	0x9D2B, 0x9D2B, 0x9D2B, 0x9D2B, 0x9D2B, 0x9D2B, 0x9D2B, 0x9D2B, 0x9D2B, 0x9D2B, 0x9D2B, 0x9D2B,
	0x9D2B, 0x9D2B, 0x9D2B, 0x9D2B, 0x9D2B, 0x9D2B, 0x9D2B, 0x9D2B, 0x9D2B, 0x9D2B, 0x9D2B, 0x9D2B,
	0x9D2B, 0x9D2B, 0x9D2B, 0x9D2B, 0x9D2B, 0x9D2B, 0x9D2B, 0x9D2B, 0x9D2B, 0x9D2B, 0x9D2B, 0x8C8A,
	0x52E7, 0x18E3, 0x0041, 0x0041, 0x0041, 0x0041, 0x0041, 0x0041, 0x0041, 0x0041, 0x0041, 0x0041,
	0x0041, 0x0041, 0x0041, 0x0041, 0x0041, 0x0041, 0x0041, 0x0041, 0x0041, 0x0041, 0x0041, 0x0041,
	0x0041, 0x52EB, 0x52EB, 0x0041, 0x0041, 0x0041, 0x0041, 0x0041, 0x0041, 0x0041, 0x0041, 0x0041,
	0x0041, 0x0041, 0x0041, 0x0041, 0x0041, 0x0041, 0x0041, 0x0041, 0x0041, 0x0041, 0x0041, 0x0041,
	0x0041, 0x0041, 0x0041, 0x0041, 0x0041, 0x0041, 0x0041, 0x0041, 0x0041, 0x0041, 0x0041, 0x0041,
	0x0041, 0x0041, 0x0041, 0x0041, 0x0041, 0x0041, 0x0041, 0x0041, 0x0041, 0x0041, 0x0041, 0x0041,
	0x0041, 0x0041, 0x0041, 0x0041, 0x0041, 0x0041, 0x0041, 0x0041, 0x0041, 0x0041, 0x0041, 0x0041,
	0x0041, 0x0041, 0x0041, 0x0041, 0x0041, 0x0041, 0x0041, 0x0041, 0x0041, 0x0041, 0x0041, 0x0041,
	0x0041, 0x0041, 0x0041, 0x0041, 0x0041, 0x0041, 0x0041, 0x0041, 0x0041, 0x0041, 0x0041, 0x0041,
	0x0041, 0x0041, 0x0041, 0x0041, 0x0041, 0x0041, 0x0041, 0x0041, 0x0041, 0x0041, 0x0041, 0x0041,
	0x0041, 0x0041, 0x0041, 0x0041, 0x0041, 0x0041, 0x0041, 0x0041, 0x0041, 0x0041, 0x0041, 0x0041,
	0x0041, 0x0041, 0x0041, 0x0041, 0x0041, 0x0041, 0x0041, 0x0041, 0x0041, 0x0041, 0x0041, 0x0041,
	0x0041, 0x0041, 0x0041, 0x0041, 0x0041, 0x0041, 0x0041, 0x0041, 0x0041, 0x0041, 0x0041, 0x0041,
	0x0041, 0x0041, 0x0041, 0x0041, 0x0041, 0x0041, 0x0041, 0x0041, 0x0041, 0x0041, 0x0041, 0x0041,
	0x0041, 0x0041, 0x0041, 0x0041, 0x0041, 0x0041, 0x0041, 0x0041, 0x0041, 0x0041, 0x0041, 0x0041,
	0x0041, 0x0041, 0x0041, 0x0041, 0x0041, 0x0041, 0x0041, 0x0041, 0x0041, 0x0041, 0x0041, 0x0041,
	0x0041, 0x0041, 0x0041, 0x0041, 0x0041, 0x0041, 0x0041, 0x0041, 0x0041, 0x0041, 0x0041, 0x0041,
	0x0041, 0x0041, 0x0041, 0x0041, 0x0041, 0x0041, 0x0041, 0x0041, 0x0041, 0x0041, 0x0041, 0x0041,
	0x0041, 0x0041, 0x0041, 0x0041, 0x0041, 0x0041, 0x0041, 0x0041, 0x0041, 0x0041, 0x0041, 0x0041,
	0x0041, 0x0041, 0x0041, 0x0041, 0x0041, 0x0041, 0x0041, 0x0041, 0x0041, 0x0041, 0x0041, 0x0041,
	0x0041, 0x0041, 0x0041, 0x0041, 0x0041, 0x0041, 0x0041, 0x0041, 0x0041, 0x0041, 0x0041, 0x0041,
	0x0041, 0x0041, 0x0041, 0x0041, 0x0041, 0x0041, 0x0041, 0x0041, 0x0041, 0x0041, 0x0041, 0x52EB,
	0x52EB, 0x0041, 0x0041, 0x0041, 0x0041, 0x0041, 0x0041, 0x0041, 0x0041, 0x0041, 0x0041, 0x0041,
	0x0041, 0x0041, 0x0041, 0x0041, 0x0041, 0x0041, 0x0041, 0x0041, 0x0041, 0x0041, 0x0041, 0x0041,
	0x0041, 0x0041, 0x0041, 0x0041, 0x0041, 0x0041, 0x0041, 0x0041, 0x0041, 0x0041, 0x0041, 0x0041,
	0x0041, 0x0041, 0x0041, 0x0041, 0x0041, 0x0041, 0x0041, 0x0041, 0x0041, 0x0041, 0x0041, 0x0041,
	0x0041, 0x0041, 0x0041, 0x0041, 0x0041, 0x0041, 0x0041, 0x0041, 0x0041, 0x0041, 0x0041, 0x0041,
	0x0041, 0x0041, 0x0041, 0x0041, 0x0041, 0x0041, 0x0041, 0x0041, 0x0041, 0x0041, 0x0041, 0x0041,
	0x0041, 0x0041, 0x0041, 0x0041, 0x0041, 0x0041, 0x0041, 0x0041, 0x0041, 0x0041, 0x0041, 0x0041,
	0x0041, 0x0041, 0x0041, 0x0041, 0x0041, 0x0041, 0x0041, 0x0041, 0x0041, 0x0041, 0x0041, 0x0041,
	0x0041, 0x0041, 0x0041, 0x0041, 0x0041, 0x0041, 0x0041, 0x0041, 0x0041, 0x0041, 0x0041, 0x0041,
	0x0041, 0x0041, 0x0041, 0x0041, 0x0041, 0x0041, 0x0041, 0x0041, 0x0041, 0x0041, 0x0041, 0x0041,
	0x0041, 0x0041, 0x0041, 0x0041, 0x0041, 0x0041, 0x0041, 0x0041, 0x0041, 0x0041, 0x0041, 0x0041,
	0x0041, 0x0041, 0x0041, 0x0041, 0x0041, 0x0041, 0x0041, 0x0041, 0x0041, 0x0041, 0x0041, 0x0041,
	0x0041, 0x0041, 0x0041, 0x0041, 0x0041, 0x0041, 0x0041, 0x0041, 0x0041, 0x0041, 0x0041, 0x0041,
	0x0041, 0x0041, 0x0041, 0x0041, 0x0041, 0x0041, 0x0041, 0x0041, 0x0041, 0x0041, 0x0041, 0x0041,
	0x0041, 0x0041, 0x0041, 0x0041, 0x0041, 0x0041, 0x0041, 0x0041, 0x0041, 0x0041, 0x0041, 0x0041,
	0x0041, 0x0041, 0x0041, 0x0041, 0x0041, 0x0041, 0x0041, 0x0041, 0x0041, 0x0041, 0x0041, 0x0041,
	0x0041, 0x0041, 0x0041, 0x0041, 0x0041, 0x0041, 0x0041, 0x0041, 0x0041, 0x0041, 0x0041, 0x0041,
	0x0041, 0x0041, 0x0041, 0x0041, 0x0041, 0x0041, 0x0041, 0x0041, 0x0041, 0x0041, 0x0041, 0x0041,
	0x0041, 0x0041, 0x0041, 0x0041, 0x0041, 0x0041, 0x0041, 0x0041, 0x0041, 0x0041, 0x0041, 0x0041,
	0x0041, 0x0041, 0x0041, 0x0041, 0x0041, 0x0041, 0x0041, 0x0041, 0x0041, 0x52EB, 0x52EB, 0x0041,
	0x0041, 0x0041, 0x0041, 0x0041, 0x0041, 0x0041, 0x0041, 0x0041, 0x0041, 0x0041, 0x0041, 0x0041,
	0x0041, 0x0041, 0x0041, 0x0041, 0x0041, 0x0041, 0x0041, 0x0041, 0x0041, 0x0041, 0x0041, 0x0041,
	0x0041, 0x0041, 0x0041, 0x0041, 0x0041, 0x0041, 0x0041, 0x0041, 0x0041, 0x0041, 0x0041, 0x0041,
	0x0041, 0x0041, 0x0041, 0x0041, 0x0041, 0x0041, 0x0041, 0x0041, 0x0041, 0x0041, 0x0041, 0x0041,
	0x0041, 0x0041, 0x0041, 0x0041, 0x0041, 0x0041, 0x0041, 0x0041, 0x0041, 0x0041, 0x0041, 0x0041,
	0x0041, 0x0041, 0x0041, 0x0041, 0x0041, 0x0041, 0x0041, 0x0041, 0x0041, 0x0041, 0x0041, 0x0041,
	0x0041, 0x0041, 0x0041, 0x0041, 0x0041, 0x0041, 0x0041, 0x0041, 0x0041, 0x0041, 0x0041, 0x0041,
	0x0041, 0x0041, 0x0041, 0x0041, 0x0041, 0x0041, 0x0041, 0x0041, 0x0041, 0x0041, 0x0041, 0x0041,
	0x0041, 0x0041, 0x0041, 0x0041, 0x0041, 0x0041, 0x0041, 0x0041, 0x0041, 0x0041, 0x0041, 0x0041,
	0x0041, 0x0041, 0x0041, 0x0041, 0x0041, 0x0041, 0x0041, 0x0041, 0x0041, 0x0041, 0x0041, 0x0041,
	0x0041, 0x0041, 0x0041, 0x0041, 0x0041, 0x0041, 0x0041, 0x0041, 0x0041, 0x0041, 0x0041, 0x0041,
	0x0041, 0x0041, 0x0041, 0x0041, 0x0041, 0x0041, 0x0041, 0x0041, 0x0041, 0x0041, 0x0041, 0x0041,
	0x0041, 0x0041, 0x0041, 0x0041, 0x0041, 0x0041, 0x0041, 0x0041, 0x0041, 0x0041, 0x0041, 0x0041,
	0x0041, 0x0041, 0x0041, 0x0041, 0x0041, 0x0041, 0x0041, 0x0041, 0x0041, 0x0041, 0x0041, 0x0041,
	0x0041, 0x0041, 0x0041, 0x0041, 0x0041, 0x0041, 0x0041, 0x0041, 0x0041, 0x0041, 0x0041, 0x0041,
	0x0041, 0x0041, 0x0041, 0x0041, 0x0041, 0x0041, 0x0041, 0x0041, 0x0041, 0x0041, 0x0041, 0x0041,
	0x0041, 0x0041, 0x0041, 0x0041, 0x0041, 0x0041, 0x0041, 0x0041, 0x0041, 0x0041, 0x0041, 0x0041,
	0x0041, 0x0041, 0x0041, 0x0041, 0x0041, 0x0041, 0x0041, 0x0041, 0x0041, 0x0041, 0x0041, 0x0041,
	0x0041, 0x0041, 0x0041, 0x0041, 0x0041, 0x0041, 0x0041, 0x0041, 0x0041, 0x0041, 0x0041, 0x0041,
	0x0041, 0x0041, 0x0041, 0x0041, 0x0041, 0x0041, 0x0041, 0x52EB, 0x52EB, 0x0041, 0x0041, 0x0041,
	0x0041, 0x0041, 0x0041, 0x0041, 0x0041, 0x0041, 0x0041, 0x0041, 0x0041, 0x0041, 0x0041, 0x0041,
	0x0041, 0x0041, 0x0041, 0x0041, 0x0041, 0x0041, 0x0041, 0x0041, 0x0041, 0x0041, 0x0041, 0x0041,
	0x0041, 0x0041, 0x0041, 0x0041, 0x0041, 0x0041, 0x0041, 0x0041, 0x0041, 0x0041, 0x0041, 0x0041,
	0x0041, 0x0041, 0x0041, 0x0041, 0x0041, 0x0041, 0x0041, 0x0041, 0x0041, 0x0041, 0x0041, 0x0041,
	0x0041, 0x0041, 0x0041, 0x0041, 0x0041, 0x0041, 0x0041, 0x0041, 0x0041, 0x0041, 0x0041, 0x0041,
	0x0041, 0x0041, 0x0041, 0x0041, 0x0041, 0x0041, 0x0041, 0x0041, 0x0041, 0x0041, 0x0041, 0x0041,
	0x0041, 0x0041, 0x0041, 0x0041, 0x0041, 0x0041, 0x0041, 0x0041, 0x0041, 0x0041, 0x0041, 0x0041,
	0x0041, 0x0041, 0x0041, 0x0041, 0x0041, 0x0041, 0x0041, 0x0041, 0x0041, 0x0041, 0x0041, 0x0041,
	0x0041, 0x0041, 0x0041, 0x0041, 0x0041, 0x0041, 0x0041, 0x0041, 0x0041, 0x0041, 0x0041, 0x0041,
	0x0041, 0x0041, 0x0041, 0x0041, 0x0041, 0x0041, 0x0041, 0x0041, 0x0041, 0x0041, 0x0041, 0x0041,
	0x0041, 0x0041, 0x0041, 0x0041, 0x0041, 0x0041, 0x0041, 0x0041, 0x0041, 0x0041, 0x0041, 0x0041,
	0x0041, 0x0041, 0x0041, 0x0041, 0x0041, 0x0041, 0x0041, 0x0041, 0x0041, 0x0041, 0x0041, 0x0041,
	0x0041, 0x0041, 0x0041, 0x0041, 0x0041, 0x0041, 0x0041, 0x0041, 0x0041, 0x0041, 0x0041, 0x0041,
	0x0041, 0x0041, 0x0041, 0x0041, 0x0041, 0x0041, 0x0041, 0x0041, 0x0041, 0x0041, 0x0041, 0x0041,
	0x0041, 0x0041, 0x0041, 0x0041, 0x0041, 0x0041, 0x0041, 0x0041, 0x0041, 0x0041, 0x0041, 0x0041,
	0x0041, 0x0041, 0x0041, 0x0041, 0x0041, 0x0041, 0x0041, 0x0041, 0x0041, 0x0041, 0x0041, 0x0041,
	0x0041, 0x0041, 0x0041, 0x0041, 0x0041, 0x0041, 0x0041, 0x0041, 0x0041, 0x0041, 0x0041, 0x0041,
	0x0041, 0x0041, 0x0041, 0x0041, 0x0041, 0x0041, 0x0041, 0x0041, 0x0041, 0x0041, 0x0041, 0x0041,
	0x0041, 0x0041, 0x0041, 0x0041, 0x0041, 0x0041, 0x0041, 0x0041, 0x0041, 0x0041, 0x0041, 0x0041,
	0x0041, 0x0041, 0x0041, 0x0041, 0x0041, 0x52EB, 0x52EB, 0x0041, 0x0041, 0x0041, 0x0041, 0x0041,
	0x0041, 0x0041, 0x0041, 0x0041, 0x0041, 0x0041, 0x0041, 0x0041, 0x0041, 0x0041, 0x0041, 0x0041,
	0x0041, 0x0041, 0x0041, 0x0041, 0x0041, 0x0041, 0x0041, 0x0041, 0x0041, 0x0041, 0x0041, 0x0041,
	0x0041, 0x0041, 0x0041, 0x0041, 0x0041, 0x0041, 0x0041, 0x0041, 0x0041, 0x0041, 0x0041, 0x0041,
	0x0041, 0x0041, 0x0041, 0x0041, 0x0041, 0x0041, 0x0041, 0x0041, 0x0041, 0x0041, 0x0041, 0x0041,
	0x0041, 0x0041, 0x0041, 0x0041, 0x0041, 0x0041, 0x0041, 0x0041, 0x0041, 0x0041, 0x0041, 0x0041,
	0x0041, 0x0041, 0x0041, 0x0041, 0x0041, 0x0041, 0x0041, 0x0041, 0x0041, 0x0041, 0x0041, 0x0041,
	0x0041, 0x0041, 0x0041, 0x0041, 0x0041, 0x0041, 0x0041, 0x0041, 0x0041, 0x0041, 0x0041, 0x0041,
	0x0041, 0x0041, 0x0041, 0x0041, 0x0041, 0x0041, 0x0041, 0x0041, 0x0041, 0x0041, 0x0041, 0x0041,
	0x0041, 0x0041, 0x0041, 0x0041, 0x0041, 0x0041, 0x0041, 0x0041, 0x0041, 0x0041, 0x0041, 0x0041,
	0x0041, 0x0041, 0x0041, 0x0041, 0x0041, 0x0041, 0x0041, 0x0041, 0x0041, 0x0041, 0x0041, 0x0041,
	0x0041, 0x0041, 0x0041, 0x0041, 0x0041, 0x0041, 0x0041, 0x0041, 0x0041, 0x0041, 0x0041, 0x0041,
	0x0041, 0x0041, 0x0041, 0x0041, 0x0041, 0x0041, 0x0041, 0x0041, 0x0041, 0x0041, 0x0041, 0x0041,
	0x0041, 0x0041, 0x0041, 0x0041, 0x0041, 0x0041, 0x0041, 0x0041, 0x0041, 0x0041, 0x0041, 0x0041,
	0x0041, 0x0041, 0x0041, 0x0041, 0x0041, 0x0041, 0x0041, 0x0041, 0x0041, 0x0041, 0x0041, 0x0041,
	0x0041, 0x0041, 0x0041, 0x0041, 0x0041, 0x0041, 0x0041, 0x0041, 0x0041, 0x0041, 0x0041, 0x0041,
	0x0041, 0x0041, 0x0041, 0x0041, 0x0041, 0x0041, 0x0041, 0x0041, 0x0041, 0x0041, 0x0041, 0x0041,
	0x0041, 0x0041, 0x0041, 0x0041, 0x0041, 0x0041, 0x0041, 0x0041, 0x0041, 0x0041, 0x0041, 0x0041,
	0x0041, 0x0041, 0x0041, 0x0041, 0x0041, 0x0041, 0x0041, 0x0041, 0x0041, 0x0041, 0x0041, 0x0041,
	0x0041, 0x0041, 0x0041, 0x0041, 0x0041, 0x0041, 0x0041, 0x0041, 0x0041, 0x0041, 0x0041, 0x0041,
	0x0041, 0x0041, 0x0041, 0x52EB, 0x52EB, 0x0041, 0x0041, 0x0041, 0x0041, 0x0041, 0x0041, 0x0041,
	0x0041, 0x0041, 0x0041, 0x0041, 0x0041, 0x0041, 0x0041, 0x0041, 0x0041, 0x0041, 0x0041, 0x0041,
	0x0041, 0x0041, 0x0041, 0x0041, 0x0041, 0x0041, 0x0041, 0x0041, 0x0041, 0x0041, 0x0041, 0x0041,
	0x0041, 0x0041, 0x0041, 0x0041, 0x0041, 0x0041, 0x0041, 0x0041, 0x0041, 0x0041, 0x0041, 0x0041,
	0x0041, 0x0041, 0x0041, 0x0041, 0x0041, 0x0041, 0x0041, 0x0041, 0x0041, 0x0041, 0x0041, 0x0041,
	0x0041, 0x0041, 0x0041, 0x0041, 0x0041, 0x0041, 0x0041, 0x0041, 0x0041, 0x0041, 0x0041, 0x0041,
	0x0041, 0x0041, 0x0041, 0x0041, 0x0041, 0x0041, 0x0041, 0x0041, 0x0041, 0x0041, 0x0041, 0x0041,
	0x0041, 0x0041, 0x0041, 0x0041, 0x0041, 0x0041, 0x0041, 0x0041, 0x0041, 0x0041, 0x0041, 0x0041,
	0x0041, 0x0041, 0x0041, 0x0041, 0x0041, 0x0041, 0x0041, 0x0041, 0x0041, 0x0041, 0x0041, 0x0041,
	0x0041, 0x0041, 0x0041, 0x0041, 0x0041, 0x0041, 0x0041, 0x0041, 0x0041, 0x0041, 0x0041, 0x0041,
	0x0041, 0x0041, 0x0041, 0x0041, 0x0041, 0x0041, 0x0041, 0x0041, 0x0041, 0x0041, 0x0041, 0x0041,
	0x0041, 0x0041, 0x0041, 0x0041, 0x0041, 0x0041, 0x0041, 0x0041, 0x0041, 0x0041, 0x0041, 0x0041,
	0x0041, 0x0041, 0x0041, 0x0041, 0x0041, 0x0041, 0x0041, 0x0041, 0x0041, 0x0041, 0x0041, 0x0041,
	0x0041, 0x0041, 0x0041, 0x0041, 0x0041, 0x0041, 0x0041, 0x0041, 0x0041, 0x0041, 0x0041, 0x0041,
	0x0041, 0x0041, 0x0041, 0x0041, 0x0041, 0x0041, 0x0041, 0x0041, 0x0041, 0x0041, 0x0041, 0x0041,
	0x0041, 0x0041, 0x0041, 0x0041, 0x0041, 0x0041, 0x0041, 0x0041, 0x0041, 0x0041, 0x0041, 0x0041,
	0x0041, 0x0041, 0x0041, 0x0041, 0x0041, 0x0041, 0x0041, 0x0041, 0x0041, 0x0041, 0x0041, 0x0041,
	0x0041, 0x0041, 0x0041, 0x0041, 0x0041, 0x0041, 0x0041, 0x0041, 0x0041, 0x0041, 0x0041, 0x0041,
	0x0041, 0x0041, 0x0041, 0x0041, 0x0041, 0x0041, 0x0041, 0x0041, 0x0041, 0x0041, 0x0041, 0x0041,
	0x0041, 0x0041, 0x0041, 0x0041, 0x0041, 0x0041, 0x0041, 0x0041, 0x0041, 0x0041, 0x0041, 0x0041,
	0x0041, 0x52EB, 0x52EB, 0x0041, 0x0041, 0x0041, 0x0041, 0x0041, 0x0041, 0x0041, 0x0041, 0x0041,
	0x0041, 0x0041, 0x0041, 0x0041, 0x0041, 0x0041, 0x0041, 0x0041, 0x0041, 0x0041, 0x0041, 0x0041,
	0x0041, 0x0041, 0x0041, 0x0041, 0x0041, 0x0041, 0x0041, 0x0041, 0x0041, 0x0041, 0x0041, 0x0041,
	0x0041, 0x0041, 0x0041, 0x0041, 0x0041, 0x0041, 0x0041, 0x0041, 0x0041, 0x0041, 0x0041, 0x0041,
	0x0041, 0x0041, 0x0041, 0x0041, 0x0041, 0x0041, 0x0041, 0x0041, 0x0041, 0x0041, 0x0041, 0x0041,
	0x0041, 0x0041, 0x0041, 0x0041, 0x0041, 0x0041, 0x0041, 0x0041, 0x0041, 0x0041, 0x0041, 0x0041,
	0x0041, 0x0041, 0x0041, 0x0041, 0x0041, 0x0041, 0x0041, 0x0041, 0x0041, 0x0041, 0x0041, 0x0041,
	0x0041, 0x0041, 0x0041, 0x0041, 0x0041, 0x0041, 0x0041, 0x0041, 0x0041, 0x0041, 0x0041, 0x0041,
	0x0041, 0x0041, 0x0041, 0x0041, 0x0041, 0x0041, 0x0041, 0x0041, 0x0041, 0x0041, 0x0041, 0x0041,
	0x0041, 0x0041, 0x0041, 0x0041, 0x0041, 0x0041, 0x0041, 0x0041, 0x0041, 0x0041, 0x0041, 0x0041,
	0x0041, 0x0041, 0x0041, 0x0041, 0x0041, 0x0041, 0x0041, 0x0041, 0x0041, 0x0041, 0x0041, 0x0041,
	0x0041, 0x0041, 0x0041, 0x0041, 0x0041, 0x0041, 0x0041, 0x0041, 0x0041, 0x0041, 0x0041, 0x0041,
	0x0041, 0x0041, 0x0041, 0x0041, 0x0041, 0x0041, 0x0041, 0x0041, 0x0041, 0x0041, 0x0041, 0x0041,
	0x0041, 0x0041, 0x0041, 0x0041, 0x0041, 0x0041, 0x0041, 0x0041, 0x0041, 0x0041, 0x0041, 0x0041,
	0x0041, 0x0041, 0x0041, 0x0041, 0x0041, 0x0041, 0x0041, 0x0041, 0x0041, 0x0041, 0x0041, 0x0041,
	0x0041, 0x0041, 0x0041, 0x0041, 0x0041, 0x0041, 0x0041, 0x0041, 0x0041, 0x0041, 0x0041, 0x0041,
	0x0041, 0x0041, 0x0041, 0x0041, 0x0041, 0x0041, 0x0041, 0x0041, 0x0041, 0x0041, 0x0041, 0x0041,
	0x0041, 0x0041, 0x0041, 0x0041, 0x0041, 0x0041, 0x0041, 0x0041, 0x0041, 0x0041, 0x0041, 0x0041,
	0x0041, 0x0041, 0x0041, 0x0041, 0x0041, 0x0041, 0x0041, 0x0041, 0x0041, 0x0041, 0x0041, 0x0041,
	0x0041, 0x0041, 0x0041, 0x0041, 0x0041, 0x0041, 0x0041, 0x0041, 0x0041, 0x0041, 0x0041, 0x52EB,
	0x52EB, 0x0041, 0x0041, 0x0041, 0x0041, 0x0041, 0x0041, 0x0041, 0x0041, 0x0041, 0x0041, 0x0041,
	0x0041, 0x0041, 0x0041, 0x0041, 0x0041, 0x0041, 0x0041, 0x0041, 0x0041, 0x0041, 0x0041, 0x0041,
	0x0041, 0x0041, 0x0041, 0x0041, 0x0041, 0x0041, 0x0041, 0x0041, 0x0041, 0x0041, 0x0041, 0x0041,
	0x0041, 0x0041, 0x0041, 0x0041, 0x0041, 0x0041, 0x0041, 0x0041, 0x0041, 0x0041, 0x0041, 0x0041,
	0x0041, 0x0041, 0x0041, 0x0041, 0x0041, 0x0041, 0x0041, 0x0041, 0x0041, 0x0041, 0x0041, 0x0041,
	0x0041, 0x0041, 0x0041, 0x0041, 0x0041, 0x0041, 0x0041, 0x0041, 0x0041, 0x0041, 0x0041, 0x0041,
	0x0041, 0x0041, 0x0041, 0x0041, 0x0041, 0x0041, 0x0041, 0x0041, 0x0041, 0x0041, 0x0041, 0x0041,
	0x0041, 0x0041, 0x0041, 0x0041, 0x0041, 0x0041, 0x0041, 0x0041, 0x0041, 0x0041, 0x0041, 0x0041,
	0x0041, 0x0041, 0x0041, 0x0041, 0x0041, 0x0041, 0x0041, 0x0041, 0x0041, 0x0041, 0x0041, 0x0041,
	0x0041, 0x0041, 0x0041, 0x0041, 0x0041, 0x0041, 0x0041, 0x0041, 0x0041, 0x0041, 0x0041, 0x0041,
	0x0041, 0x0041, 0x0041, 0x0041, 0x0041, 0x0041, 0x0041, 0x0041, 0x0041, 0x0041, 0x0041, 0x0041,
	0x0041, 0x0041, 0x0041, 0x0041, 0x0041, 0x0041, 0x0041, 0x0041, 0x0041, 0x0041, 0x0041, 0x0041,
	0x0041, 0x0041, 0x0041, 0x0041, 0x0041, 0x0041, 0x0041, 0x0041, 0x0041, 0x0041, 0x0041, 0x0041,
	0x0041, 0x0041, 0x0041, 0x0041, 0x0041, 0x0041, 0x0041, 0x0041, 0x0041, 0x0041, 0x0041, 0x0041,
	0x0041, 0x0041, 0x0041, 0x0041, 0x0041, 0x0041, 0x0041, 0x0041, 0x0041, 0x0041, 0x0041, 0x0041,
	0x0041, 0x0041, 0x0041, 0x0041, 0x0041, 0x0041, 0x0041, 0x0041, 0x0041, 0x0041, 0x0041, 0x0041,
	0x0041, 0x0041, 0x0041, 0x0041, 0x0041, 0x0041, 0x0041, 0x0041, 0x0041, 0x0041, 0x0041, 0x0041,
	0x0041, 0x0041, 0x0041, 0x0041, 0x0041, 0x0041, 0x0041, 0x0041, 0x0041, 0x0041, 0x0041, 0x0041,
	0x0041, 0x0041, 0x0041, 0x0041, 0x0041, 0x0041, 0x0041, 0x0041, 0x0041, 0x0041, 0x0041, 0x0041,
	0x0041, 0x0041, 0x0041, 0x0041, 0x0041, 0x0041, 0x0041, 0x0041, 0x0041, 0x52EB, 0x52EB, 0x0041,
	0x0041, 0x0041, 0x0041, 0x0041, 0x0041, 0x0041, 0x0041, 0x0041, 0x0041, 0x0041, 0x0041, 0x0041,
	0x0041, 0x0041, 0x0041, 0x0041, 0x0041, 0x0041, 0x0041, 0x0041, 0x0041, 0x0041, 0x0041, 0x0041,
	0x0041, 0x0041, 0x0041, 0x0041, 0x0041, 0x0041, 0x0041, 0x0041, 0x0041, 0x0041, 0x0041, 0x0041,
	0x0041, 0x0041, 0x0041, 0x0041, 0x0041, 0x0041, 0x0041, 0x0041, 0x0041, 0x0041, 0x0041, 0x0041,
	0x0041, 0x0041, 0x0041, 0x0041, 0x0041, 0x0041, 0x0041, 0x0041, 0x0041, 0x0041, 0x0041, 0x0041,
	0x0041, 0x0041, 0x0041, 0x0041, 0x0041, 0x0041, 0x0041, 0x0041, 0x0041, 0x0041, 0x0041, 0x0041,
	0x0041, 0x0041, 0x0041, 0x0041, 0x0041, 0x0041, 0x0041, 0x0041, 0x0041, 0x0041, 0x0041, 0x0041,
	0x0041, 0x0041, 0x0041, 0x0041, 0x0041, 0x0041, 0x0041, 0x0041, 0x0041, 0x0041, 0x0041, 0x0041,
	0x0041, 0x0041, 0x0041, 0x0041, 0x0041, 0x0041, 0x0041, 0x0041, 0x0041, 0x0041, 0x0041, 0x0041,
	0x0041, 0x0041, 0x0041, 0x0041, 0x0041, 0x0041, 0x0041, 0x0041, 0x0041, 0x0041, 0x0041, 0x0041,
	0x0041, 0x0041, 0x0041, 0x0041, 0x0041, 0x0041, 0x0041, 0x0041, 0x0041, 0x0041, 0x0041, 0x0041,
	0x0041, 0x0041, 0x0041, 0x0041, 0x0041, 0x0041, 0x0041, 0x0041, 0x0041, 0x0041, 0x0041, 0x0041,
	0x0041, 0x0041, 0x0041, 0x0041, 0x0041, 0x0041, 0x0041, 0x0041, 0x0041, 0x0041, 0x0041, 0x0041,
	0x0041, 0x0041, 0x0041, 0x0041, 0x0041, 0x0041, 0x0041, 0x0041, 0x0041, 0x0041, 0x0041, 0x0041,
	0x0041, 0x0041, 0x0041, 0x0041, 0x0041, 0x0041, 0x0041, 0x0041, 0x0041, 0x0041, 0x0041, 0x0041,
	0x0041, 0x0041, 0x0041, 0x0041, 0x0041, 0x0041, 0x0041, 0x0041, 0x0041, 0x0041, 0x0041, 0x0041,
	0x0041, 0x0041, 0x0041, 0x0041, 0x0041, 0x0041, 0x0041, 0x0041, 0x0041, 0x0041, 0x0041, 0x0041,
	0x0041, 0x0041, 0x0041, 0x0041, 0x0041, 0x0041, 0x0041, 0x0041, 0x0041, 0x0041, 0x0041, 0x0041,
	0x0041, 0x0041, 0x0041, 0x0041, 0x0041, 0x0041, 0x0041, 0x0041, 0x0041, 0x0041, 0x0041, 0x0041,
	0x0041, 0x0041, 0x0041, 0x0041, 0x0041, 0x0041, 0x0041, 0x52EB, 0x52EB, 0x0041, 0x0041, 0x0041,
	0x0041, 0x0041, 0x0041, 0x0041, 0x0041, 0x0041, 0x0041, 0x0041, 0x0041, 0x0041, 0x0041, 0x0041,
	0x0041, 0x0041, 0x0041, 0x0041, 0x0041, 0x0041, 0x0041, 0x0041, 0x0041, 0x0041, 0x0041, 0x0041,
	0x0041, 0x0041, 0x0041, 0x0041, 0x0041, 0x0041, 0x0041, 0x0041, 0x0041, 0x0041, 0x0041, 0x0041,
	0x0041, 0x0041, 0x0041, 0x0041, 0x0041, 0x0041, 0x0041, 0x0041, 0x0041, 0x0041, 0x0041, 0x0041,
	0x0041, 0x0041, 0x0041, 0x0041, 0x0041, 0x0041, 0x0041, 0x0041, 0x0041, 0x0041, 0x0041, 0x0041,
	0x0041, 0x0041, 0x0041, 0x0041, 0x0041, 0x0041, 0x0041, 0x0041, 0x0041, 0x0041, 0x0041, 0x0041,
	0x0041, 0x0041, 0x0041, 0x0041, 0x0041, 0x0041, 0x0041, 0x0041, 0x0041, 0x0041, 0x0041, 0x0041,
	0x0041, 0x0041, 0x0041, 0x0041, 0x0041, 0x0041, 0x0041, 0x0041, 0x0041, 0x0041, 0x0041, 0x0041,
	0x0041, 0x0041, 0x0041, 0x0041, 0x0041, 0x0041, 0x0041, 0x0041, 0x0041, 0x0041, 0x0041, 0x0041,
	0x0041, 0x0041, 0x0041, 0x0041, 0x0041, 0x0041, 0x0041, 0x0041, 0x0041, 0x0041, 0x0041, 0x0041,
	0x0041, 0x0041, 0x0041, 0x0041, 0x0041, 0x0041, 0x0041, 0x0041, 0x0041, 0x0041, 0x0041, 0x0041,
	0x0041, 0x0041, 0x0041, 0x0041, 0x0041, 0x0041, 0x0041, 0x0041, 0x0041, 0x0041, 0x0041, 0x0041,
	0x0041, 0x0041, 0x0041, 0x0041, 0x0041, 0x0041, 0x0041, 0x0041, 0x0041, 0x0041, 0x0041, 0x0041,
	0x0041, 0x0041, 0x0041, 0x0041, 0x0041, 0x0041, 0x0041, 0x0041, 0x0041, 0x0041, 0x0041, 0x0041,
	0x0041, 0x0041, 0x0041, 0x0041, 0x0041, 0x0041, 0x0041, 0x0041, 0x0041, 0x0041, 0x0041, 0x0041,
	0x0041, 0x0041, 0x0041, 0x0041, 0x0041, 0x0041, 0x0041, 0x0041, 0x0041, 0x0041, 0x0041, 0x0041,
	0x0041, 0x0041, 0x0041, 0x0041, 0x0041, 0x0041, 0x0041, 0x0041, 0x0041, 0x0041, 0x0041, 0x0041,
	0x0041, 0x0041, 0x0041, 0x0041, 0x0041, 0x0041, 0x0041, 0x0041, 0x0041, 0x0041, 0x0041, 0x0041,
	0x0041, 0x0041, 0x0041, 0x0041, 0x0041, 0x0041, 0x0041, 0x0041, 0x0041, 0x0041, 0x0041, 0x0041,
	0x0041, 0x0041, 0x0041, 0x0041, 0x0041, 0x52EB, 0x5AEB, 0x0041, 0x0041, 0x0041, 0x0041, 0x0041,
	0x0041, 0x0041, 0x0041, 0x0041, 0x0041, 0x0041, 0x0041, 0x0041, 0x0041, 0x0041, 0x0041, 0x0041,
	0x0041, 0x0041, 0x0041, 0x0041, 0x0041, 0x0041, 0x0041, 0x0041, 0x0041, 0x0041, 0x0041, 0x0041,
	0x0041, 0x0041, 0x0041, 0x0041, 0x0041, 0x0041, 0x0041, 0x0041, 0x0041, 0x0041, 0x0041, 0x0041,
	0x0041, 0x0041, 0x0041, 0x0041, 0x0041, 0x0041, 0x0041, 0x0041, 0x0041, 0x0041, 0x0041, 0x0041,
	0x0041, 0x0041, 0x0041, 0x0041, 0x0041, 0x0041, 0x0041, 0x0041, 0x0041, 0x0041, 0x0041, 0x0041,
	0x0041, 0x0041, 0x0041, 0x0041, 0x0041, 0x0041, 0x0041, 0x0041, 0x0041, 0x0041, 0x0041, 0x0041,
	0x0041, 0x0041, 0x0041, 0x0041, 0x0041, 0x0041, 0x0041, 0x0041, 0x0041, 0x0041, 0x0041, 0x0041,
	0x0041, 0x0041, 0x0041, 0x0041, 0x0041, 0x0041, 0x0041, 0x0041, 0x0041, 0x0041, 0x0041, 0x0041,
	0x0041, 0x0041, 0x0041, 0x0041, 0x0041, 0x0041, 0x0041, 0x0041, 0x0041, 0x0041, 0x0041, 0x0041,
	0x0041, 0x0041, 0x0041, 0x0041, 0x0041, 0x0041, 0x0041, 0x0041, 0x0041, 0x0041, 0x0041, 0x0041,
	0x0041, 0x0041, 0x0041, 0x0041, 0x0041, 0x0041, 0x0041, 0x0041, 0x0041, 0x0041, 0x0041, 0x0041,
	0x0041, 0x0041, 0x0041, 0x0041, 0x0041, 0x0041, 0x0041, 0x0041, 0x0041, 0x0041, 0x0041, 0x0041,
	0x0041, 0x0041, 0x0041, 0x0041, 0x0041, 0x0041, 0x0041, 0x0041, 0x0041, 0x0041, 0x0041, 0x0041,
	0x0041, 0x0041, 0x0041, 0x0041, 0x0041, 0x0041, 0x0041, 0x0041, 0x0041, 0x0041, 0x0041, 0x0041,
	0x0041, 0x0041, 0x0041, 0x0041, 0x0041, 0x0041, 0x0041, 0x0041, 0x0041, 0x0041, 0x0041, 0x0041,
	0x0041, 0x0041, 0x0041, 0x0041, 0x0041, 0x0041, 0x0041, 0x0041, 0x0041, 0x0041, 0x0041, 0x0041,
	0x0041, 0x0041, 0x0041, 0x0041, 0x0041, 0x0041, 0x0041, 0x0041, 0x0041, 0x0041, 0x0041, 0x0041,
	0x0041, 0x0041, 0x0041, 0x0041, 0x0041, 0x0041, 0x0041, 0x0041, 0x0041, 0x0041, 0x0041, 0x0041,
	0x0041, 0x0041, 0x0041, 0x0041, 0x0041, 0x0041, 0x0041, 0x0041, 0x0041, 0x0041, 0x0041, 0x0041,
	0x0041, 0x0041, 0x0041, 0x52EB, 0x52EB, 0x0041, 0x0041, 0x0041, 0x0041, 0x0041, 0x0041, 0x0041,
	0x0041, 0x0041, 0x0041, 0x0041, 0x0041, 0x0041, 0x0041, 0x0041, 0x0041, 0x0041, 0x0041, 0x0041,
	0x0041, 0x0041, 0x0041, 0x0041, 0x0041, 0x0041, 0x0041, 0x0041, 0x0041, 0x0041, 0x0041, 0x0041,
	0x0041, 0x0041, 0x0041, 0x0041, 0x0041, 0x0041, 0x0041, 0x0041, 0x0041, 0x0041, 0x0041, 0x0041,
	0x0041, 0x0041, 0x0041, 0x0041, 0x0041, 0x0041, 0x0041, 0x0041, 0x0041, 0x0041, 0x0041, 0x0041,
	0x0041, 0x0041, 0x0041, 0x0041, 0x0041, 0x0041, 0x0041, 0x0041, 0x0041, 0x0041, 0x0041, 0x0041,
	0x0041, 0x0041, 0x0041, 0x0041, 0x0041, 0x0041, 0x0041, 0x0041, 0x0041, 0x0041, 0x0041, 0x0041,
	0x0041, 0x0041, 0x0041, 0x0041, 0x0041, 0x0041, 0x0041, 0x0041, 0x0041, 0x0041, 0x0041, 0x0041,
	0x0041, 0x0041, 0x0041, 0x0041, 0x0041, 0x0041, 0x0041, 0x0041, 0x0041, 0x0041, 0x0041, 0x0041,
	0x0041, 0x0041, 0x0041, 0x0041, 0x0041, 0x0041, 0x0041, 0x0041, 0x0041, 0x0041, 0x0041, 0x0041,
	0x0041, 0x0041, 0x0041, 0x0041, 0x0041, 0x0041, 0x0041, 0x0041, 0x0041, 0x0041, 0x0041, 0x0041,
	0x0041, 0x0041, 0x0041, 0x0041, 0x0041, 0x0041, 0x0041, 0x0041, 0x0041, 0x0041, 0x0041, 0x0041,
	0x0041, 0x0041, 0x0041, 0x0041, 0x0041, 0x0041, 0x0041, 0x0041, 0x0041, 0x0041, 0x0041, 0x0041,
	0x0041, 0x0041, 0x0041, 0x0041, 0x0041, 0x0041, 0x0041, 0x0041, 0x0041, 0x0041, 0x0041, 0x0041,
	0x0041, 0x0041, 0x0041, 0x0041, 0x0041, 0x0041, 0x0041, 0x0041, 0x0041, 0x0041, 0x0041, 0x0041,
	0x0041, 0x0041, 0x0041, 0x0041, 0x0041, 0x0041, 0x0041, 0x0041, 0x0041, 0x0041, 0x0041, 0x0041,
	0x0041, 0x0041, 0x0041, 0x0041, 0x0041, 0x0041, 0x0041, 0x0041, 0x0041, 0x0041, 0x0041, 0x0041,
	0x0041, 0x0041, 0x0041, 0x0041, 0x0041, 0x0041, 0x0041, 0x0041, 0x0041, 0x0041, 0x0041, 0x0041,
	0x0041, 0x0041, 0x0041, 0x0041, 0x0041, 0x0041, 0x0041, 0x0041, 0x0041, 0x0041, 0x0041, 0x0041,
	0x0041, 0x0041, 0x0041, 0x0041, 0x0041, 0x0041, 0x0041, 0x0041, 0x0041, 0x0041, 0x0041, 0x0041,
	0x0041, 0x52EB, 0x52EB, 0x0041, 0x0041, 0x0041, 0x0041, 0x0041, 0x0041, 0x0041, 0x0041, 0x0041,
	0x0041, 0x0041, 0x0041, 0x0041, 0x0041, 0x0041, 0x0041, 0x0041, 0x0041, 0x0041, 0x0041, 0x0041,
	0x0041, 0x0041, 0x0041, 0x0041, 0x0041, 0x0041, 0x0041, 0x0041, 0x0041, 0x0041, 0x0041, 0x0041,
	0x0041, 0x0041, 0x0041, 0x0041, 0x0041, 0x0041, 0x0041, 0x0041, 0x0041, 0x0041, 0x0041, 0x0041,
	0x0041, 0x0041, 0x0041, 0x0041, 0x0041, 0x0041, 0x0041, 0x0041, 0x0041, 0x0041, 0x0041, 0x0041,
	0x0041, 0x0041, 0x0041, 0x0041, 0x0041, 0x0041, 0x0041, 0x0041, 0x0041, 0x0041, 0x0041, 0x0041,
	0x0041, 0x0041, 0x0041, 0x0041, 0x0041, 0x0041, 0x0041, 0x0041, 0x0041, 0x0041, 0x0041, 0x0041,
	0x0041, 0x0041, 0x0041, 0x0041, 0x0041, 0x0041, 0x0041, 0x0041, 0x0041, 0x0041, 0x0041, 0x0041,
	0x0041, 0x0041, 0x0041, 0x0041, 0x0041, 0x0041, 0x0041, 0x0041, 0x0041, 0x0041, 0x0041, 0x0041,
	0x0041, 0x0041, 0x0041, 0x0041, 0x0041, 0x0041, 0x0041, 0x0041, 0x0041, 0x0041, 0x0041, 0x0041,
	0x0041, 0x0041, 0x0041, 0x0041, 0x0041, 0x0041, 0x0041, 0x0041, 0x0041, 0x0041, 0x0041, 0x0041,
	0x0041, 0x0041, 0x0041, 0x0041, 0x0041, 0x0041, 0x0041, 0x0041, 0x0041, 0x0041, 0x0041, 0x0041,
	0x0041, 0x0041, 0x0041, 0x0041, 0x0041, 0x0041, 0x0041, 0x0041, 0x0041, 0x0041, 0x0041, 0x0041,
	0x0041, 0x0041, 0x0041, 0x0041, 0x0041, 0x0041, 0x0041, 0x0041, 0x0041, 0x0041, 0x0041, 0x0041,
	0x0041, 0x0041, 0x0041, 0x0041, 0x0041, 0x0041, 0x0041, 0x0041, 0x0041, 0x0041, 0x0041, 0x0041,
	0x0041, 0x0041, 0x0041, 0x0041, 0x0041, 0x0041, 0x0041, 0x0041, 0x0041, 0x0041, 0x0041, 0x0041,
	0x0041, 0x0041, 0x0041, 0x0041, 0x0041, 0x0041, 0x0041, 0x0041, 0x0041, 0x0041, 0x0041, 0x0041,
	0x0041, 0x0041, 0x0041, 0x0041, 0x0041, 0x0041, 0x0041, 0x0041, 0x0041, 0x0041, 0x0041, 0x0041,
	0x0041, 0x0041, 0x0041, 0x0041, 0x0041, 0x0041, 0x0041, 0x0041, 0x0041, 0x0041, 0x0041, 0x0041,
	0x0041, 0x0041, 0x0041, 0x0041, 0x0041, 0x0041, 0x0041, 0x0041, 0x0041, 0x0041, 0x0041, 0x52EB,
	0x52EB, 0x0041, 0x0041, 0x0041, 0x0041, 0x0041, 0x0041, 0x0041, 0x0041, 0x0041, 0x0041, 0x0041,
	0x0041, 0x0041, 0x0041, 0x0041, 0x0041, 0x0041, 0x0041, 0x0041, 0x0041, 0x0041, 0x0041, 0x0041,
	0x0041, 0x0041, 0x0041, 0x0041, 0x0041, 0x0041, 0x0041, 0x0041, 0x0041, 0x0041, 0x0041, 0x0041,
	0x0041, 0x0041, 0x0041, 0x0041, 0x0041, 0x0041, 0x0041, 0x0041, 0x0041, 0x0041, 0x0041, 0x0041,
	0x0041, 0x0041, 0x0041, 0x0041, 0x0041, 0x0041, 0x0041, 0x0041, 0x0041, 0x0041, 0x0041, 0x0041,
	0x0041, 0x0041, 0x0041, 0x0041, 0x0041, 0x0041, 0x0041, 0x0041, 0x0041, 0x0041, 0x0041, 0x0041,
	0x0041, 0x0041, 0x0041, 0x0041, 0x0041, 0x0041, 0x0041, 0x0041, 0x0041, 0x0041, 0x0041, 0x0041,
	0x0041, 0x0041, 0x0041, 0x0041, 0x0041, 0x0041, 0x0041, 0x0041, 0x0041, 0x0041, 0x0041, 0x0041,
	0x0041, 0x0041, 0x0041, 0x0041, 0x0041, 0x0041, 0x0041, 0x0041, 0x0041, 0x0041, 0x0041, 0x0041,
	0x0041, 0x0041, 0x0041, 0x0041, 0x0041, 0x0041, 0x0041, 0x0041, 0x0041, 0x0041, 0x0041, 0x0041,
	0x0041, 0x0041, 0x0041, 0x0041, 0x0041, 0x0041, 0x0041, 0x0041, 0x0041, 0x0041, 0x0041, 0x0041,
	0x0041, 0x0041, 0x0041, 0x0041, 0x0041, 0x0041, 0x0041, 0x0041, 0x0041, 0x0041, 0x0041, 0x0041,
	0x0041, 0x0041, 0x0041, 0x0041, 0x0041, 0x0041, 0x0041, 0x0041, 0x0041, 0x0041, 0x0041, 0x0041,
	0x0041, 0x0041, 0x0041, 0x0041, 0x0041, 0x0041, 0x0041, 0x0041, 0x0041, 0x0041, 0x0041, 0x0041,
	0x0041, 0x0041, 0x0041, 0x0041, 0x0041, 0x0041, 0x0041, 0x0041, 0x0041, 0x0041, 0x0041, 0x0041,
	0x0041, 0x0041, 0x0041, 0x0041, 0x0041, 0x0041, 0x0041, 0x0041, 0x0041, 0x0041, 0x0041, 0x0041,
	0x0041, 0x0041, 0x0041, 0x0041, 0x0041, 0x0041, 0x0041, 0x0041, 0x0041, 0x0041, 0x0041, 0x0041,
	0x0041, 0x0041, 0x0041, 0x0041, 0x0041, 0x0041, 0x0041, 0x0041, 0x0041, 0x0041, 0x0041, 0x0041,
	0x0041, 0x0041, 0x0041, 0x0041, 0x0041, 0x0041, 0x0041, 0x0041, 0x0041, 0x0041, 0x0041, 0x0041,
	0x0041, 0x0041, 0x0041, 0x0041, 0x0041, 0x0041, 0x0041, 0x0041, 0x0041, 0x5AEB, 0x52EB, 0x0041,
	0x0041, 0x0041, 0x0041, 0x0041, 0x0041, 0x0041, 0x0041, 0x0041, 0x0041, 0x0041, 0x0041, 0x0041,
	0x0041, 0x0041, 0x0041, 0x0041, 0x0041, 0x0041, 0x0041, 0x0041, 0x0041, 0x0041, 0x0041, 0x0041,
	0x0041, 0x0041, 0x0041, 0x0041, 0x0041, 0x0041, 0x0041, 0x0041, 0x0041, 0x0041, 0x0041, 0x0041,
	0x0041, 0x0041, 0x0041, 0x0041, 0x0041, 0x0041, 0x0041, 0x0041, 0x0041, 0x0041, 0x0041, 0x0041,
	0x0041, 0x0041, 0x0041, 0x0041, 0x0041, 0x0041, 0x0041, 0x0041, 0x0041, 0x0041, 0x0041, 0x0041,
	0x0041, 0x0041, 0x0041, 0x0041, 0x0041, 0x0041, 0x0041, 0x0041, 0x0041, 0x0041, 0x0041, 0x0041,
	0x0041, 0x0041, 0x0041, 0x0041, 0x0041, 0x0041, 0x0041, 0x0041, 0x0041, 0x0041, 0x0041, 0x0041,
	0x0041, 0x0041, 0x0041, 0x0041, 0x0041, 0x0041, 0x0041, 0x0041, 0x0041, 0x0041, 0x0041, 0x0041,
	0x0041, 0x0041, 0x0041, 0x0041, 0x0041, 0x0041, 0x0041, 0x0041, 0x0041, 0x0041, 0x0041, 0x0041,
	0x0041, 0x0041, 0x0041, 0x0041, 0x0041, 0x0041, 0x0041, 0x0041, 0x0041, 0x0041, 0x0041, 0x0041,
	0x0041, 0x0041, 0x0041, 0x0041, 0x0041, 0x0041, 0x0041, 0x0041, 0x0041, 0x0041, 0x0041, 0x0041,
	0x0041, 0x0041, 0x0041, 0x0041, 0x0041, 0x0041, 0x0041, 0x0041, 0x0041, 0x0041, 0x0041, 0x0041,
	0x0041, 0x0041, 0x0041, 0x0041, 0x0041, 0x0041, 0x0041, 0x0041, 0x0041, 0x0041, 0x0041, 0x0041,
	0x0041, 0x0041, 0x0041, 0x0041, 0x0041, 0x0041, 0x0041, 0x0041, 0x0041, 0x0041, 0x0041, 0x0041,
	0x0041, 0x0041, 0x0041, 0x0041, 0x0041, 0x0041, 0x0041, 0x0041, 0x0041, 0x0041, 0x0041, 0x0041,
	0x0041, 0x0041, 0x0041, 0x0041, 0x0041, 0x0041, 0x0041, 0x0041, 0x0041, 0x0041, 0x0041, 0x0041,
	0x0041, 0x0041, 0x0041, 0x0041, 0x0041, 0x0041, 0x0041, 0x0041, 0x0041, 0x0041, 0x0041, 0x0041,
	0x0041, 0x0041, 0x0041, 0x0041, 0x0041, 0x0041, 0x0041, 0x0041, 0x0041, 0x0041, 0x0041, 0x0041,
	0x0041, 0x0041, 0x0041, 0x0041, 0x0041, 0x0041, 0x0041, 0x0041, 0x0041, 0x0041, 0x0041, 0x0041,
	0x0041, 0x0041, 0x0041, 0x0041, 0x0041, 0x0041, 0x0041, 0x5AEB, 0xCE79, 0x9D34, 0xA514, 0xA534,
	0x9D34, 0xA534, 0x9D14, 0xA534, 0x9D34, 0x9D34, 0x9D34, 0x9D34, 0x9D34, 0x9D34, 0x9D34, 0x9D34,
	0x9D34, 0x9D34, 0x9D34, 0x9D34, 0x9D34, 0x9D34, 0x9D34, 0x9D34, 0x9D34, 0x9D34, 0x9D34, 0x9D34,
	0x9D34, 0x9D34, 0x9D34, 0x9D34, 0x9D34, 0x9D34, 0x9D34, 0x9D34, 0x9D34, 0x9D34, 0x9D34, 0x9D34,
	0x9D34, 0x9D34, 0x9D34, 0x9D34, 0x9D34, 0x9D34, 0x9D34, 0x9D34, 0x9D34, 0x9D34, 0x9D34, 0x9D34,
	0x9D34, 0x9D34, 0x9D34, 0x9D34, 0x9D34, 0x9D34, 0x9D34, 0x9D34, 0x9D34, 0x9D34, 0x9D34, 0x9D34,
	0x9D34, 0x9D34, 0x9D34, 0x9D34, 0x9D34, 0x9D34, 0x9D34, 0x9D34, 0x9D34, 0x9D34, 0x9D34, 0x9D34,
	0x9D34, 0x9D34, 0x9D34, 0x9D34, 0x9D34, 0x9D34, 0x9D34, 0x9D34, 0x9D34, 0x9D34, 0x9D34, 0x9D34,
	0x9D34, 0x9D34, 0x9D34, 0x9D34, 0x9D34, 0x9D34, 0x9D34, 0x9D34, 0x9D34, 0x9D34, 0x9D34, 0x9D34,
	0x9D34, 0x9D34, 0x9D34, 0x9D34, 0x9D34, 0x9D34, 0x9D34, 0x9D34, 0x9D34, 0x9D34, 0x9D34, 0x9D34,
	0x9D34, 0x9D34, 0x9D34, 0x9D34, 0x9D34, 0x9D34, 0x9D34, 0x9D34, 0x9D34, 0x9D34, 0x9D34, 0x9D34,
	0x9D34, 0x9D34, 0x9D34, 0x9D34, 0x9D34, 0x9D34, 0x9D34, 0x9D34, 0x9D34, 0x9D34, 0x9D34, 0x9D34,
	0x9D34, 0x9D34, 0x9D34, 0x9D34, 0x9D34, 0x9D34, 0x9D34, 0x9D34, 0x9D34, 0x9D34, 0x9D34, 0x9D34,
	0x9D34, 0x9D34, 0x9D34, 0x9D34, 0x9D34, 0x9D34, 0x9D34, 0x9D34, 0x9D34, 0x9D34, 0x9D34, 0x9D34,
	0x9D34, 0x9D34, 0x9D34, 0x9D34, 0x9D34, 0x9D34, 0x9D34, 0x9D34, 0x9D34, 0x9D34, 0x9D34, 0x9D34,
	0x9D34, 0x9D34, 0x9D34, 0x9D34, 0x9D34, 0x9D34, 0x9D34, 0x9D34, 0x9D34, 0x9D34, 0x9D34, 0x9D34,
	0x9D34, 0x9D34, 0x9D34, 0x9D34, 0x9D34, 0x9D34, 0x9D34, 0x9D34, 0x9D34, 0x9D34, 0x9D34, 0x9D34,
	0x9D34, 0x9D34, 0x9D34, 0x9D34, 0x9D34, 0x9D34, 0x9D34, 0x9D34, 0x9D34, 0x9D34, 0x9D34, 0x9D34,
	0x9D34, 0x9D34, 0x9D34, 0x9D34, 0x9D34, 0x9D34, 0x9D34, 0x9D34, 0x9D34, 0x9D34, 0x9D34, 0x9D34,
	0x9D34, 0x9D34, 0x9D34, 0x9D34, 0x9D34, 0x9D34, 0x9D34, 0x9D34, 0x9D34, 0x9D34, 0x9D34, 0x9D34,
	0x9D14, 0xA534, 0x9D34, 0xA534, 0x9D34, 0xCE7A,
};
